Model,Scenario,Region,Variable,Unit,2000,2005,2010,2015,2020,2025,2030,2035,2040,2045,2050,2055,2060,2065,2070,2075,2080,2085,2090,2095,2100
IMAGE 3.2,SSP1_SPA1_19I_D,World,Capacity|Electricity|Wind|Offshore,GW,,0.685549987792968,3.055800048828125,11.7174697265625,34.36744921875,48.42905078125,157.08290625,448.0628125,588.951875,743.3423125,883.2748750000001,906.110875,821.633375,736.722875,697.2398125,739.0448125,797.382125,908.149875,1105.95,1131.722,1090.06
IMAGE 3.2,SSP1_SPA1_19I_D,World,Capacity|Electricity|Wind|Onshore,GW,,57.75473046875,177.81759375,404.5421875,698.920125,796.9321875,1281.048,2378.755,2699.243,3124.377,3836.46,4149.052,3794.547,3671.748,3776.332,3793.656,3631.929,3558.606,3376.366,3482.606,3692.841
IMAGE 3.2,SSP1_SPA1_19I_D_LB,World,Capacity|Electricity|Wind|Offshore,GW,,0.685549987792968,3.055800048828125,11.7174697265625,34.36744921875,49.72966015625,396.6555,602.7345,718.0068125,839.232125,945.9523125,983.281875,934.4068125,930.723125,1000.295,989.694625,961.4726875,900.8185,947.421375,998.0003125,950.814125
IMAGE 3.2,SSP1_SPA1_19I_D_LB,World,Capacity|Electricity|Wind|Onshore,GW,,57.75473046875,177.81759375,404.5421875,698.920125,804.104,2323.143,3230.439,3573.933,4029.902,4065.458,3691.398,3407.922,3686.029,3872.557,4094.96,4009.609,3628.594,3318.724,2937.433,2589.386
IMAGE 3.2,SSP1_SPA1_19I_LI,World,Capacity|Electricity|Wind|Offshore,GW,,0.685549987792968,3.055800048828125,11.7174697265625,34.36744921875,46.730859375,144.65240625,432.808,561.795125,688.6116875,780.452,783.7025,683.8923125,632.1411875,693.617875,749.893375,750.6708125,726.422875,696.360625,631.483375,580.462
IMAGE 3.2,SSP1_SPA1_19I_LI,World,Capacity|Electricity|Wind|Onshore,GW,,57.75473046875,177.81759375,404.5421875,698.920125,791.7933125000001,1224.825,2497.872,2915.55,3335.159,3625.604,3561.716,3149.412,2906.29,3561.758,3823.274,3748.615,3640.658,3267.769,2722.832,2443.62
IMAGE 3.2,SSP1_SPA1_19I_LIRE,World,Capacity|Electricity|Wind|Offshore,GW,,0.685549987792968,3.055800048828125,11.7174697265625,34.36744921875,45.57583984375,92.709296875,238.587796875,343.59159375,514.4573125000001,643.9023125,907.6443125,954.858875,972.001125,1039.206,1285.134,1300.835,1372.328,1563.56,1610.79,1491.163
IMAGE 3.2,SSP1_SPA1_19I_LIRE,World,Capacity|Electricity|Wind|Onshore,GW,,57.75473046875,177.81759375,404.5421875,698.920125,791.139375,1081.174,1767.3,2168.0,2849.332,3396.713,4471.088,4771.415,4760.468,5278.576,5694.567,5634.818,5862.603,5827.022,5570.972,5301.487
IMAGE 3.2,SSP1_SPA1_19I_LIRE_LB,World,Capacity|Electricity|Wind|Offshore,GW,,0.685549987792968,3.055800048828125,11.7174697265625,34.36744921875,47.26158984375,232.450703125,350.94490625,526.4848125,836.4363125,1139.358,1380.485,1487.596,1471.528,1439.846,1328.871,1225.125,1292.516,1488.207,1630.4,1690.499
IMAGE 3.2,SSP1_SPA1_19I_LIRE_LB,World,Capacity|Electricity|Wind|Onshore,GW,,57.75473046875,177.81759375,404.5421875,698.920125,806.5275,1713.539,2276.682,2988.073,3813.354,4524.956,5371.894,5186.814,5355.631,5637.049,5246.976,4849.974,4884.473,4933.793,5023.549,4830.045
IMAGE 3.2,SSP1_SPA1_19I_RE,World,Capacity|Electricity|Wind|Offshore,GW,,0.685549987792968,3.055800048828125,11.7174697265625,34.36744921875,47.58062109375,163.738203125,484.9251875,688.783375,947.266625,1100.797,1360.913,1439.578,1442.604,1451.184,1527.973,1793.466,1917.321,1975.247,1905.841,1622.128
IMAGE 3.2,SSP1_SPA1_19I_RE,World,Capacity|Electricity|Wind|Onshore,GW,,57.75473046875,177.81759375,404.5421875,698.920125,796.3906875,1336.045,2760.244,3536.002,4288.162,4594.126,4753.923,4209.392,3777.955,3519.943,3507.619,4409.033,4149.64,3845.729,3725.001,3332.589
IMAGE 3.2,SSP1_SPA1_19I_RE_LB,World,Capacity|Electricity|Wind|Offshore,GW,,0.685549987792968,3.055800048828125,11.7174697265625,34.36744921875,51.38476953125,431.84109375,666.465375,910.773375,1376.687,1570.624,1749.018,1657.607,1681.965,1655.542,1811.27,1977.753,2259.826,2412.352,2146.064,1921.516
IMAGE 3.2,SSP1_SPA1_19I_RE_LB,World,Capacity|Electricity|Wind|Onshore,GW,,57.75473046875,177.81759375,404.5421875,698.920125,817.1493125000001,2501.494,3548.863,4142.789,4746.483,4783.32,4569.911,4198.207,5315.279,5072.016000000001,5062.808,4649.908,4237.453,3460.694,2861.774,2795.764
IMAGE 3.2,SSP2_SPA1_19I_D_LB,World,Capacity|Electricity|Wind|Offshore,GW,,0.685549987792968,3.055800048828125,11.7174697265625,34.36744921875,45.56008984375,168.58059375,251.25840625,318.8058125,395.3731875,450.98590625,449.0183125,422.9648125,432.2468125,477.06159375,570.672625,612.2148125,655.514625,730.5475,761.470125,757.041875
IMAGE 3.2,SSP2_SPA1_19I_D_LB,World,Capacity|Electricity|Wind|Onshore,GW,,57.75473046875,177.81759375,404.5421875,698.920125,788.5083125,1424.283,1679.358,1798.936,2007.139,2159.44,2163.919,2224.241,2512.272,2836.337,3199.233,3327.597,3432.36,3679.395,3864.928,4056.728
IMAGE 3.2,SSP2_SPA1_19I_LIRE_LB,World,Capacity|Electricity|Wind|Offshore,GW,,0.685549987792968,3.055800048828125,11.7174697265625,34.36744921875,46.8383203125,215.905296875,335.1395,525.334375,797.4543125,968.210625,1296.015,1418.889,1424.683,1488.549,1447.868,1318.202,1327.767,1442.508,1447.101,1479.924
IMAGE 3.2,SSP2_SPA1_19I_LIRE_LB,World,Capacity|Electricity|Wind|Onshore,GW,,57.75473046875,177.81759375,404.5421875,698.920125,804.4058125,1738.569,2309.471,3025.361,3842.483,4526.783,5312.54,5126.544,5267.523,5489.452,5168.865,4669.851,4674.619,4770.142,5009.286,4844.018
IMAGE 3.2,SSP2_SPA1_19I_RE_LB,World,Capacity|Electricity|Wind|Offshore,GW,,0.685549987792968,3.055800048828125,11.7174697265625,34.36744921875,46.83637890625,235.608296875,349.6318125,573.725,957.0498125,1219.351,1453.738,1605.254,1559.054,1492.136,1461.162,1508.274,1598.557,1828.249,1978.457,2000.225
IMAGE 3.2,SSP2_SPA1_19I_RE_LB,World,Capacity|Electricity|Wind|Onshore,GW,,57.75473046875,177.81759375,404.5421875,698.920125,804.838,1731.97,2305.316,3088.793,4080.618,4764.7,5530.399,5377.461,5615.64,5855.027,5728.852,5981.742,6122.202,6296.097,6155.455,5730.394
IMAGE 3.2,SSP2_SPA2_19I_D,World,Capacity|Electricity|Wind|Offshore,GW,,0.685549987792968,3.055800048828125,11.7174697265625,34.36744921875,44.55433984375,158.71109375,271.0131875,309.47290625,351.1556875,398.1668125,382.0203125,352.5773125,392.1818125,446.99309375,588.137875,681.7051250000001,754.4491875,832.1398125000001,887.634125,861.201375
IMAGE 3.2,SSP2_SPA2_19I_D,World,Capacity|Electricity|Wind|Onshore,GW,,57.75473046875,177.81759375,404.5421875,698.920125,781.601,1322.567,1852.832,1897.324,1949.685,2111.932,2067.579,2028.88,2188.905,2476.27,2939.644,3186.28,3394.342,3769.889,4246.735,4339.596
IMAGE 3.2,SSP2_SPA2_19I_LI,World,Capacity|Electricity|Wind|Offshore,GW,,0.685549987792968,3.055800048828125,11.7174697265625,34.36744921875,43.518609375,68.2377265625,249.60259375,341.25759375,363.4561875,407.6325,448.5248125,417.3603125,385.50609375,432.31009375,512.9613125,530.0463125,519.1956875,559.9741875,621.721625,640.2068125000001
IMAGE 3.2,SSP2_SPA2_19I_LI,World,Capacity|Electricity|Wind|Onshore,GW,,57.75473046875,177.81759375,404.5421875,698.920125,781.068875,931.474625,1816.751,2081.562,2014.263,2162.731,2408.958,2339.994,2282.248,2435.734,2662.17,2682.087,2545.428,2841.051,3417.8,3644.841
IMAGE 3.2,SSP2_SPA2_19I_LIRE,World,Capacity|Electricity|Wind|Offshore,GW,,0.685549987792968,3.055800048828125,11.7174697265625,34.36744921875,46.37766015625,240.1165,451.7011875,578.919125,763.5385,859.293375,1022.166,1286.318,1309.241,1384.912,1506.223,1465.791,1411.497,1647.338,1865.741,1981.03
IMAGE 3.2,SSP2_SPA2_19I_LIRE,World,Capacity|Electricity|Wind|Onshore,GW,,57.75473046875,177.81759375,404.5421875,698.920125,797.6505,1814.72,2933.792,3364.199,3845.038,4189.376,4336.714,4448.111,4712.252,5377.034000000001,5842.284000000001,5832.293000000001,6179.607,6057.794,6075.308,6338.289
IMAGE 3.2,SSP2_SPA2_19I_RE,World,Capacity|Electricity|Wind|Offshore,GW,,0.685549987792968,3.055800048828125,11.7174697265625,34.36744921875,46.47744140625,259.33159375,437.4466875,571.109375,784.924625,897.1673125,1025.085,1258.677,1394.554,1464.941,1566.876,1634.259,1649.46,1734.396,1971.315,1980.805
IMAGE 3.2,SSP2_SPA2_19I_RE,World,Capacity|Electricity|Wind|Onshore,GW,,57.75473046875,177.81759375,404.5421875,698.920125,802.434875,1819.255,2893.292,3292.65,3920.72,4374.376,4534.301,4182.341,4417.484,5231.301,5511.487,5944.564,6211.374,6322.541,6175.748000000001,6259.278
MESSAGEix-GLOBIOM_1.1,EN_INDCi2030_600f_COV,World,Capacity|Electricity|Wind|Offshore,GW,0.0,0.0,0.0,12.00794,39.44978656249999,26.97742761160048,26.97742761160048,188.6827309460002,259.9586985320551,324.8694060577803,499.8880993124189,519.6725896777912,545.207909333951,,1024.549159831658,,953.8735124634668,,682.8097305500969,,1051.890872156453
MESSAGEix-GLOBIOM_1.1,EN_INDCi2030_600f_COV,World,Capacity|Electricity|Wind|Onshore,GW,0.0,0.0,0.0,425.1726569863089,672.7317881283179,786.3362058265296,1122.145739625412,2686.647164434917,4913.108833799547,6742.386513470163,8081.667615508626,9478.425653491136,10430.83898753292,,11324.29517901058,,11096.84267436015,,10322.00176589963,,10209.15430231807
MESSAGEix-GLOBIOM_1.1,EN_INDCi2030_600f_COV_NDCp,World,Capacity|Electricity|Wind|Offshore,GW,0.0,0.0,0.0,12.00794,39.44978656249999,39.44978656249999,39.44978656249999,210.7006337508437,278.8065736165555,380.0074128137105,507.6600256800255,499.0170085385809,566.4327161410388,,1028.975302677506,,952.8078644365812,,660.575684188211,,1067.150907597107
MESSAGEix-GLOBIOM_1.1,EN_INDCi2030_600f_COV_NDCp,World,Capacity|Electricity|Wind|Onshore,GW,0.0,0.0,0.0,425.1726569863089,672.7317881283179,952.7359645453366,1326.646469014526,2962.184975054055,4852.092653517255,6768.952685795863,8194.858896543055,9534.426474822703,10366.05725815747,,11488.15279126596,,11084.15920412174,,10408.39753576051,,10374.85827682862
MESSAGEix-GLOBIOM_1.1,EN_INDCi2030_700f,World,Capacity|Electricity|Wind|Offshore,GW,0.0,0.0,0.0,12.00794,35.96668656624293,31.75584418502401,31.75584418502401,160.506253526923,291.2398893728493,548.8867422103853,706.0474938895668,875.9556446780437,957.3952276509084,,1173.321719505716,,918.2495821891408,,747.2147052887408,,1173.020931862505
MESSAGEix-GLOBIOM_1.1,EN_INDCi2030_700f,World,Capacity|Electricity|Wind|Onshore,GW,0.0,0.0,0.0,425.1726569863089,672.7792992789357,1028.439815424018,1340.350482459596,2880.616594743448,5204.870071398583,6950.678408310988,8270.34680651707,9777.546751134316,11091.4460814486,,11977.11602439159,,11787.97284905439,,10988.19720787455,,11237.23210482677
MESSAGEix-GLOBIOM_1.1,EN_INDCi2030_700f_COV,World,Capacity|Electricity|Wind|Offshore,GW,0.0,0.0,0.0,12.00794,39.44978656249999,26.97742761160048,26.97742761160048,138.8531762199268,204.7532267988655,249.8080519032146,354.7615466157568,456.223831009884,510.927987779455,,1044.287757749197,,937.9748813997464,,760.09684844352,,1243.618995336919
MESSAGEix-GLOBIOM_1.1,EN_INDCi2030_700f_COV,World,Capacity|Electricity|Wind|Onshore,GW,0.0,0.0,0.0,425.1726569863089,672.7317881283179,786.3362058265296,1122.145739625412,2633.057312926002,4514.809219674047,6617.838443971582,7666.080315903184,8616.379468537918,9613.745053664186,,12071.36184095039,,12145.82764616666,,11551.40715628534,,11464.93713214563
MESSAGEix-GLOBIOM_1.1,EN_INDCi2030_700f_COV_NDCp,World,Capacity|Electricity|Wind|Offshore,GW,0.0,0.0,0.0,12.00794,39.44978656249999,39.44978656249999,39.44978656249999,146.0688140665111,211.9688646454497,254.9602567499961,366.0954902548762,436.2705616786944,478.735635326221,,988.5820402162556,,914.9796682926216,,770.8957222007461,,1250.558933950839
MESSAGEix-GLOBIOM_1.1,EN_INDCi2030_700f_COV_NDCp,World,Capacity|Electricity|Wind|Onshore,GW,0.0,0.0,0.0,425.1726569863089,672.7317881283179,952.7359645453366,1326.646469014526,2845.829048899363,4535.999555572569,6690.452518642923,7593.081495274617,8563.375201255687,9566.594312067831,,12163.59788415503,,12270.51679339801,,11693.69890952676,,11672.32887677776
MESSAGEix-GLOBIOM_1.1,EN_INDCi2030_700f_NDCp,World,Capacity|Electricity|Wind|Offshore,GW,0.0,0.0,0.0,12.00794,35.96668656624293,35.96668656624294,35.96668656624294,160.5564055230738,235.3154731053858,421.5230164991732,650.6500573882532,785.5279448549655,890.3919700307924,,1162.46659987752,,907.2699668335754,,748.924455325288,,1230.665845953089
MESSAGEix-GLOBIOM_1.1,EN_INDCi2030_700f_NDCp,World,Capacity|Electricity|Wind|Onshore,GW,0.0,0.0,0.0,425.1726569863089,672.7792992789357,1127.836093118972,1434.751121224856,2974.400857918314,5201.297740235188,7321.753875890844,8406.744403695531,9921.249266147955,11144.18025687456,,12031.96364399759,,11805.21702739815,,11087.2020100908,,11249.04236871898
MESSAGEix-GLOBIOM_1.1,EN_NPi2020_200f,World,Capacity|Electricity|Wind|Offshore,GW,0.0,0.0,0.0,12.00794,35.96668656624293,132.6281381968304,144.6169823822634,153.4197143506723,229.9394132083552,367.4128547741151,513.2927246066423,740.0847255947461,764.6712892828663,,770.4082950867037,,608.5712503489035,,672.1394896570717,,1296.348958980488
MESSAGEix-GLOBIOM_1.1,EN_NPi2020_200f,World,Capacity|Electricity|Wind|Onshore,GW,0.0,0.0,0.0,425.1726569863089,672.7792992789357,1886.774070031303,3125.799631837659,5086.075457393488,6381.532317939751,7752.14891017783,8810.009998018759,9885.518127467678,10157.11877714559,,10961.61077577991,,10500.70501159782,,11122.88808597821,,13512.56724373528
MESSAGEix-GLOBIOM_1.1,EN_NPi2020_300f,World,Capacity|Electricity|Wind|Offshore,GW,0.0,0.0,0.0,12.00794,35.96668656624293,40.66347312874294,52.65231731417595,61.26025065080395,68.49343748472145,197.9333099022897,345.859626047926,526.9524568149452,650.0725467970567,,887.9235326971697,,744.6936537798624,,698.5664726145278,,1299.909123108793
MESSAGEix-GLOBIOM_1.1,EN_NPi2020_300f,World,Capacity|Electricity|Wind|Onshore,GW,0.0,0.0,0.0,425.1726569863089,672.7792992789357,1821.671240407477,2829.367332198599,4420.679649065273,5999.738767494695,7163.92711149343,8037.908510693287,8951.961038789006,9791.693250152131,,11100.45774269842,,10799.4816632812,,11259.3510087387,,13622.71479986015
MESSAGEix-GLOBIOM_1.1,EN_NPi2020_400f,World,Capacity|Electricity|Wind|Offshore,GW,0.0,0.0,0.0,12.00794,35.96668656624293,40.66347312874294,52.65231731417595,60.93335025427851,67.56583233604988,117.4749932064685,183.3552205522321,328.7395190034294,477.0180728989861,,848.8279286402291,,749.4858135915251,,717.4332251338565,,1439.820578892976
MESSAGEix-GLOBIOM_1.1,EN_NPi2020_400f,World,Capacity|Electricity|Wind|Onshore,GW,0.0,0.0,0.0,425.1726569863089,672.7792992789357,1759.885724504287,2529.145423422745,3630.715208938279,5177.928822769749,6547.929659871252,7393.70673336909,7959.280137837921,8811.15137690269,,10875.45853387738,,10886.12899150803,,11541.0262586528,,13477.0329323425
MESSAGEix-GLOBIOM_1.1,EN_NPi2020_450,World,Capacity|Electricity|Wind|Offshore,GW,0.0,0.0,0.0,12.00794,35.96668656624293,260.6478998375649,359.7806820194443,394.9145337419426,520.6887416873803,482.6137143821536,572.0654808106073,628.9289408253937,539.2406336964721,,382.837903965999,,371.199023593532,,533.0799956186515,,942.7898647223204
MESSAGEix-GLOBIOM_1.1,EN_NPi2020_450,World,Capacity|Electricity|Wind|Onshore,GW,0.0,0.0,0.0,425.1726569863089,672.7792992789357,2144.115756051993,4251.627941133584,5504.72969273433,6733.614658675434,8055.706376254252,9207.848134031978,8992.398068002594,8608.760611331207,,8506.86446844518,,8515.922975433663,,9663.646849267512,,12657.86888868934
MESSAGEix-GLOBIOM_1.1,EN_NPi2020_450f,World,Capacity|Electricity|Wind|Offshore,GW,0.0,0.0,0.0,12.00794,35.96668656624293,40.66347312874294,52.65231731417595,60.77331756382901,67.20155287338244,114.2444901915824,179.3092859660546,294.0736089518426,433.8752610937917,,839.2830474309578,,781.5583309890831,,733.4408284636659,,1473.656586697929
MESSAGEix-GLOBIOM_1.1,EN_NPi2020_450f,World,Capacity|Electricity|Wind|Onshore,GW,0.0,0.0,0.0,425.1726569863089,672.7792992789357,1755.578436436663,2420.433318094536,3372.723900557143,4833.069053648302,6188.898359512443,7173.583275877609,7774.843067189733,8635.494611338097,,10807.37234880485,,10858.65273147434,,11653.3825844129,,13492.30222285116
MESSAGEix-GLOBIOM_1.1,EN_NPi2020_500,World,Capacity|Electricity|Wind|Offshore,GW,0.0,0.0,0.0,12.00794,35.96668656624293,266.6324733790705,359.9743705205092,397.4706327543787,523.0807342764356,507.2766818873916,595.922646999725,685.9209956315478,586.7360237284207,,400.4357355482123,,370.2814240591682,,541.3925226658464,,938.1877242696512
MESSAGEix-GLOBIOM_1.1,EN_NPi2020_500,World,Capacity|Electricity|Wind|Onshore,GW,0.0,0.0,0.0,425.1726569863089,672.7792992789357,2131.026891491362,4078.060949703111,5521.392396661767,6799.139577449677,8373.711853241137,9459.18328851842,9546.545481661582,9081.883510404708,,8796.93070730803,,9003.034113327045,,9972.634695652969,,12800.84839235631
MESSAGEix-GLOBIOM_1.1,EN_NPi2020_500f,World,Capacity|Electricity|Wind|Offshore,GW,0.0,0.0,0.0,12.00794,35.96668656624293,40.66347312874294,52.65231731417595,60.64230466622942,66.90333063012677,113.9505205130092,172.0381408903557,273.6898962270375,376.6824712018481,,765.6337062485284,,750.4897648398105,,745.7937269683218,,1418.459287273838
MESSAGEix-GLOBIOM_1.1,EN_NPi2020_500f,World,Capacity|Electricity|Wind|Onshore,GW,0.0,0.0,0.0,425.1726569863089,672.7792992789357,1721.037638345781,2210.805181533069,3123.15547306962,4421.911695514218,5758.046771488133,6862.348094211226,7343.889605972887,8232.367062070836,,10355.15523111822,,10848.08935852499,,12010.19516603065,,14237.97595163689
MESSAGEix-GLOBIOM_1.1,EN_NPi2020_600,World,Capacity|Electricity|Wind|Offshore,GW,0.0,0.0,0.0,12.00794,35.96668656624293,131.8547443626985,143.8435885481315,155.1458725043055,240.1475012456428,364.0011292720541,496.9400784533816,664.9440835739426,696.2891247350298,,474.5447021948283,,356.1825910815217,,536.1882330107245,,942.9488203295076
MESSAGEix-GLOBIOM_1.1,EN_NPi2020_600,World,Capacity|Electricity|Wind|Onshore,GW,0.0,0.0,0.0,425.1726569863089,672.7792992789357,1906.880408529359,3371.287889938608,5302.375954424415,6518.199708744998,7932.892387878554,8886.180543440856,9658.8997577356,9717.667437248318,,9210.81393158549,,9178.41563685082,,9717.6341303772,,12448.62294064256
MESSAGEix-GLOBIOM_1.1,EN_NPi2020_600_COV,World,Capacity|Electricity|Wind|Offshore,GW,0.0,0.0,0.0,12.00794,39.44978656249999,63.604683027343754,74.29589168256027,80.6297307325535,85.39426887405969,122.6804577558212,223.6628786605623,290.9081404583197,332.2143889439889,,373.2943483411424,,359.4952475939299,,534.9343674947727,,1045.896540634615
MESSAGEix-GLOBIOM_1.1,EN_NPi2020_600_COV,World,Capacity|Electricity|Wind|Onshore,GW,0.0,0.0,0.0,425.1726569863089,672.7317881283179,1634.691318582495,2418.363691106609,4066.894294543806,5552.118969376304,6938.198514399226,7795.046783357029,8566.367889569776,9037.188791175571,,9107.25220109282,,9326.961254482185,,9750.02885371229,,11821.25639756941
MESSAGEix-GLOBIOM_1.1,EN_NPi2020_600_DR10p,World,Capacity|Electricity|Wind|Offshore,GW,0.0,0.0,0.0,12.00794,35.92995890873235,40.62674547123235,60.58889310268848,145.0831746127579,377.0668841377063,817.6440981452752,1491.522686529633,2189.977287706944,2110.557028050553,,1512.999870985793,,778.5311884664088,,1196.135862621123,,1756.992181666358
MESSAGEix-GLOBIOM_1.1,EN_NPi2020_600_DR10p,World,Capacity|Electricity|Wind|Onshore,GW,0.0,0.0,0.0,425.1726569863089,672.7766042789356,1805.961350959238,2963.187968799483,5011.431466589771,7074.561897024441,9061.553428834688,10572.87451256273,12022.31367522689,12219.65564508585,,11520.98626534053,,11207.51723728626,,12739.33985554556,,16501.11773621723
MESSAGEix-GLOBIOM_1.1,EN_NPi2020_600_DR1p,World,Capacity|Electricity|Wind|Offshore,GW,0.0,0.0,0.0,12.00794,37.71220854125687,270.6057728677333,282.5946170531664,314.8565152249543,414.7234155422091,238.7096295930493,298.2002192720864,309.102318851553,222.3607046982801,,147.8480271717901,,121.219956740462,,389.1791429672213,,890.6865694286641
MESSAGEix-GLOBIOM_1.1,EN_NPi2020_600_DR1p,World,Capacity|Electricity|Wind|Onshore,GW,0.0,0.0,0.0,425.1726569863089,672.7456385820435,2192.002108824999,3969.981487364954,5339.693809335919,6214.144956389117,7404.250495304047,8114.726359047353,8394.31431367362,8650.058202069642,,8934.646099994081,,9345.47258218126,,10843.1872985091,,12820.44287503276
MESSAGEix-GLOBIOM_1.1,EN_NPi2020_600_DR2p,World,Capacity|Electricity|Wind|Offshore,GW,0.0,0.0,0.0,12.00794,38.03956301553786,216.1174851782259,228.106329363659,237.6631427787553,308.2246075717639,234.3232492001389,290.8386350507967,332.5034499681352,268.3375513814529,,134.5064913838761,,114.0891234377248,,389.1791429672213,,881.107021018184
MESSAGEix-GLOBIOM_1.1,EN_NPi2020_600_DR2p,World,Capacity|Electricity|Wind|Onshore,GW,0.0,0.0,0.0,425.1726569863089,672.7456385820435,2100.157173792931,3955.630980463457,5350.150055136043,6456.338162179064,7593.83215377908,8397.47767578875,8662.057619859763,8775.758288578148,,8324.546989856182,,8982.11366409177,,10389.20750046528,,12847.91239186007
MESSAGEix-GLOBIOM_1.1,EN_NPi2020_600_DR3p,World,Capacity|Electricity|Wind|Offshore,GW,0.0,0.0,0.0,12.00794,36.21913387554497,180.5138244291448,192.5026686145778,201.9525951014933,279.5522973401546,266.1577255708645,378.0787645609959,462.6304819271222,451.5245495964745,,263.2671080359144,,143.2280107185721,,389.1791429672214,,885.464000334662
MESSAGEix-GLOBIOM_1.1,EN_NPi2020_600_DR3p,World,Capacity|Electricity|Wind|Onshore,GW,0.0,0.0,0.0,425.1726569863089,672.7792992789357,2050.164520686183,3771.251882174171,5304.192478222789,6368.367557846836,7660.305351286172,8488.401063148856,8895.519781973564,9140.221720490375,,8462.023037357021,,9220.641451163065,,10473.24367474468,,13203.60138874391
MESSAGEix-GLOBIOM_1.1,EN_NPi2020_600_DR4p,World,Capacity|Electricity|Wind|Offshore,GW,0.0,0.0,0.0,12.00794,35.97166611786345,169.4949723524019,181.4838165378349,192.7861004940089,272.3548619715798,358.3471034352276,486.6161243782459,618.5177463090168,648.5657986452645,,396.1784542044758,,203.1114252834416,,394.9652524479378,,918.230543151886
MESSAGEix-GLOBIOM_1.1,EN_NPi2020_600_DR4p,World,Capacity|Electricity|Wind|Onshore,GW,0.0,0.0,0.0,425.1726569863089,672.7792992789357,2011.090253306601,3570.409333590394,5245.736674886372,6321.45033339914,7705.115476029809,8596.63653796743,9317.695878519567,9435.091127719856,,8784.637366344694,,9201.106841795308,,10137.81026875278,,12608.66429435394
MESSAGEix-GLOBIOM_1.1,EN_NPi2020_600f,World,Capacity|Electricity|Wind|Offshore,GW,0.0,0.0,0.0,12.00794,35.96668656624293,40.66347312874294,51.64135460943478,58.34106890105198,62.95534314732407,103.760399356353,161.1391168637628,255.6366351499118,339.3704700154948,,643.2188006283907,,761.7753816326941,,821.4026867556365,,1311.404417212433
MESSAGEix-GLOBIOM_1.1,EN_NPi2020_600f,World,Capacity|Electricity|Wind|Onshore,GW,0.0,0.0,0.0,425.1726569863089,672.7792992789357,1676.16959144494,2125.864534040467,2832.884406473328,3808.500847660595,5338.474898559215,6337.846439124389,6762.202117484371,7882.013369096126,,9935.990668072229,,10914.1258234827,,12280.86935851641,,14581.28877147087
MESSAGEix-GLOBIOM_1.1,EN_NPi2020_600f_COV,World,Capacity|Electricity|Wind|Offshore,GW,0.0,0.0,0.0,12.00794,39.44978656249999,44.146573125,51.45529550514603,47.71943758612129,35.53188342955663,55.00065557623569,87.1265250452241,134.2966983909883,202.8179500943682,,634.9908047619567,,999.3139588315964,,1109.833291817163,,1451.265829745221
MESSAGEix-GLOBIOM_1.1,EN_NPi2020_600f_COV,World,Capacity|Electricity|Wind|Onshore,GW,0.0,0.0,0.0,425.1726569863089,672.7317881283179,1250.655036726141,1809.61117897835,2319.323954530719,3151.864478715879,4536.761932675488,5378.004613339059,6149.854196888464,6709.859810643412,,9154.159878897575,,10707.3279954763,,11843.44776497018,,13347.95099875897
MESSAGEix-GLOBIOM_1.1,EN_NPi2020_600f_DR10p,World,Capacity|Electricity|Wind|Offshore,GW,0.0,0.0,0.0,12.00794,35.92995890873235,39.57107497706519,48.9149508445009,53.52921389889779,71.64663837669067,190.7108856720366,480.7212607757402,989.9563340872112,1614.864565957222,,3077.03967632804,,3501.465440446336,,2881.923153400507,,2530.304162763005
MESSAGEix-GLOBIOM_1.1,EN_NPi2020_600f_DR10p,World,Capacity|Electricity|Wind|Onshore,GW,0.0,0.0,0.0,425.1726569863089,672.7766042789356,1098.31423896774,1480.828908450577,2235.588403741526,3307.530596990608,5223.28785587004,7298.191215049298,9516.636834277744,11329.57747115721,,15550.92339873961,,17113.15807297728,,16704.08232085363,,17385.00134556495
MESSAGEix-GLOBIOM_1.1,EN_NPi2020_600f_DR1p,World,Capacity|Electricity|Wind|Offshore,GW,0.0,0.0,0.0,12.00794,37.71220854125687,134.3736601718443,146.3625043572774,157.0674866484763,165.0480886204718,116.0748027236484,146.5918690865623,173.6038111499521,139.9189406366997,,217.5854829959182,,370.4930388944416,,717.1189498842232,,1422.798527218211
MESSAGEix-GLOBIOM_1.1,EN_NPi2020_600f_DR1p,World,Capacity|Electricity|Wind|Onshore,GW,0.0,0.0,0.0,425.1726569863089,672.7456385820435,2058.322246338395,3541.919470136419,4822.567104570182,5485.605769092504,6218.059347876521,6795.398095614664,7052.506649978055,7299.489778410956,,8392.333953336229,,9798.257886027302,,11426.14162197105,,14313.54451664906
MESSAGEix-GLOBIOM_1.1,EN_NPi2020_600f_DR2p,World,Capacity|Electricity|Wind|Offshore,GW,0.0,0.0,0.0,12.00794,38.03956301553786,115.2429047437816,127.2317489292146,135.2217362812681,139.4098857958705,105.4722691332888,138.6368251018856,163.7456219440199,137.4037545696778,,237.988053166988,,482.2260799398544,,1077.153303363557,,1827.100108002641
MESSAGEix-GLOBIOM_1.1,EN_NPi2020_600f_DR2p,World,Capacity|Electricity|Wind|Onshore,GW,0.0,0.0,0.0,425.1726569863089,672.7456385820435,1804.765554374072,2894.825906428768,3823.744229918073,4674.90162815535,5714.150121832279,6430.216494046214,6732.005140173025,7172.475610583084,,8424.061459926974,,10219.57469618312,,11667.25394319658,,14965.74061361213
MESSAGEix-GLOBIOM_1.1,EN_NPi2020_600f_DR3p,World,Capacity|Electricity|Wind|Offshore,GW,0.0,0.0,0.0,12.00794,36.21913387554497,40.91592043804497,51.60712909326147,57.94096814325471,61.83583525516488,97.7070826879544,133.5722440539662,178.6010430403721,196.5756301937447,,299.4178583963028,,539.3460600937058,,1101.353563948498,,1871.772495934605
MESSAGEix-GLOBIOM_1.1,EN_NPi2020_600f_DR3p,World,Capacity|Electricity|Wind|Onshore,GW,0.0,0.0,0.0,425.1726569863089,672.7792992789357,1789.844014733108,2510.954736766976,3492.587669437359,4544.446677156707,5462.671811327455,6289.604120329728,6663.940969143391,7214.186282553772,,8933.422648933243,,10391.4748336744,,11694.02370198223,,14650.30537817407
MESSAGEix-GLOBIOM_1.1,EN_NPi2020_600f_DR4p,World,Capacity|Electricity|Wind|Offshore,GW,0.0,0.0,0.0,12.00794,35.97166611786345,40.66845268036344,52.43308286000438,60.13691001041117,66.02773543340507,109.2197421762889,163.147817989923,247.9995574769663,326.8789911246558,,622.1043182467188,,834.6334343321882,,1155.002707557666,,1738.042202315177
MESSAGEix-GLOBIOM_1.1,EN_NPi2020_600f_DR4p,World,Capacity|Electricity|Wind|Onshore,GW,0.0,0.0,0.0,425.1726569863089,672.7792992789357,1754.777341839429,2268.032944101319,3050.219314066387,4101.547884026103,5424.846260651158,6289.673278533311,6601.864629553202,7265.409715402944,,8880.386014536241,,10498.61266183623,,11862.52754846947,,14710.1673090289
MESSAGEix-GLOBIOM_1.1,EN_NPi2020_700,World,Capacity|Electricity|Wind|Offshore,GW,0.0,0.0,0.0,12.00794,35.96668656624293,40.66347312874294,52.65231731417595,60.64230466622942,66.90333063012677,128.2247227455919,236.3586049245959,375.6835962504437,422.982320585865,,394.5223184117287,,343.8520560528582,,528.0927780636122,,942.9488203295076
MESSAGEix-GLOBIOM_1.1,EN_NPi2020_700,World,Capacity|Electricity|Wind|Onshore,GW,0.0,0.0,0.0,425.1726569863089,672.7792992789357,1769.52383829264,2659.870089641112,4159.957091075958,5721.460898257405,6945.137548183357,7758.82008866633,8373.485972360599,9006.437473552895,,8826.800251955738,,9044.627180452626,,9984.920642584548,,12668.05678904885
MESSAGEix-GLOBIOM_1.1,EN_NPi2020_700_COV,World,Capacity|Electricity|Wind|Offshore,GW,0.0,0.0,0.0,12.00794,39.44978656249999,44.146573125,54.8377817802165,61.17162083020975,55.58084169395233,75.01426511743017,98.43668802142504,156.543073783429,179.3640724862148,,343.2323294656812,,357.9948475243323,,527.5464131084727,,1048.228344335754
MESSAGEix-GLOBIOM_1.1,EN_NPi2020_700_COV,World,Capacity|Electricity|Wind|Onshore,GW,0.0,0.0,0.0,425.1726569863089,672.7317881283179,1407.607437991185,2098.009519641065,3141.575714360024,4498.496210532845,5750.321592052927,6487.513326720939,6906.389252381141,7579.120477520445,,8654.797625316336,,9130.009398538958,,9783.089962361762,,11882.04899085067
MESSAGEix-GLOBIOM_1.1,EN_NPi2020_700f,World,Capacity|Electricity|Wind|Offshore,GW,0.0,0.0,0.0,12.00794,35.96668656624293,40.66347312874294,51.35468178395944,55.92794615727266,57.82827157923374,93.48924053030454,151.6597919905846,243.6866996014775,300.7643678391109,,546.7974435877331,,800.9086834771193,,1053.819691631523,,1350.030116001637
MESSAGEix-GLOBIOM_1.1,EN_NPi2020_700f,World,Capacity|Electricity|Wind|Onshore,GW,0.0,0.0,0.0,425.1726569863089,672.7792992789357,1519.182779009939,2042.92782198567,2499.996342438738,3302.573374977481,4832.816092399114,5887.372637288043,6602.892062177031,7464.498829871933,,9310.87483792862,,10691.57571457789,,12096.14365713043,,14746.00780302414
MESSAGEix-GLOBIOM_1.1,EN_NPi2020_700f_COV,World,Capacity|Electricity|Wind|Offshore,GW,0.0,0.0,0.0,12.00794,39.44978656249999,44.146573125,50.36532727949218,46.49357409509993,34.13257931691567,53.37999239603309,83.1153193048407,113.644182996428,158.1187026143345,,496.9182627051077,,961.239296839508,,1134.086762134865,,1417.301967051684
MESSAGEix-GLOBIOM_1.1,EN_NPi2020_700f_COV,World,Capacity|Electricity|Wind|Onshore,GW,0.0,0.0,0.0,425.1726569863089,672.7317881283179,1208.198885276666,1772.383450565112,2204.181025326355,2940.482928415316,4149.346698568607,5059.095107348254,5958.883875459878,6534.11745623722,,8809.922500488437,,10769.7382409809,,12029.97135344331,,13760.3304135498
MESSAGEix-GLOBIOM_1.1,NGFS2_Divergent Net Zero Policies,World,Capacity|Electricity|Wind|Offshore,GW,,,0.0,12.00794,39.44978656,61.28009262,73.25342119,81.22360623,81.85184893,122.4814596,215.4548816,255.0384585,276.153234,,250.9710436,,345.0117243,,551.8544366,,1075.41838
MESSAGEix-GLOBIOM_1.1,NGFS2_Divergent Net Zero Policies,World,Capacity|Electricity|Wind|Onshore,GW,,,0.0,425.172657,672.7317881,1642.221427,2643.757512,4203.234188,5871.972703,7255.046192,8283.964732,8854.345046,8704.459669,,8660.53569,,8728.550246,,9502.483521,,11569.94722
MESSAGEix-GLOBIOM_1.1,NGFS2_Net-Zero 2050,World,Capacity|Electricity|Wind|Offshore,GW,,,0.0,12.00794,39.44978656,44.14657313,54.83778178,61.17162083,57.12251156,96.96150488,174.2782709,258.3147605,297.1498803,,319.0166659,,334.3095818,,546.5916338,,1043.357374
MESSAGEix-GLOBIOM_1.1,NGFS2_Net-Zero 2050,World,Capacity|Electricity|Wind|Onshore,GW,,,0.0,425.172657,672.7317881,1777.306331,2673.173728,4254.561089,5617.91353,6883.387154,7661.906775,8238.789585,8495.05742,,8759.895965,,9187.69825,,9744.501954,,11732.7932
WITCH 5.0,CO_2Deg2020,World,Capacity|Electricity|Wind|Offshore,GW,,0.8249399999999991,4.676034463099047,12.85563591654596,31.05204550795493,47.86190765422737,67.0770543130362,76.79696395780645,105.4484769598993,125.9505324273309,180.605573533902,199.4563855210937,168.5985231727115,144.2896633784368,122.2695120448425,104.8933645264671,91.95041746083452,84.13146245358912,83.37473639250969,81.49280571405681,82.52075681248662
WITCH 5.0,CO_2Deg2020,World,Capacity|Electricity|Wind|Onshore,GW,,64.88458808866748,188.2328006239271,378.9482653845889,586.2595503898185,989.7594629283157,1706.234447950548,2703.4026949713,4054.423779981689,5127.369270233106,6437.448786342751,7842.313153101831,9240.2841842946,10896.43831967208,12497.42024444674,14134.64613067473,15761.11693010112,17073.99739006258,17972.50353973119,19077.97236722314,19875.73035816729
WITCH 5.0,CO_2Deg2030,World,Capacity|Electricity|Wind|Offshore,GW,,0.8249399999999991,4.676034463099047,12.85563591654596,31.05204550795493,37.01379055089862,43.8074663068824,68.62424263864905,119.0854004837286,170.2241579545547,223.9317570761662,279.0631095722417,233.8810983987588,197.8223999645818,167.4182140260353,142.7011095928671,124.4439430205045,113.6914755630201,108.7843722082248,102.1930474341286,100.9314213022622
WITCH 5.0,CO_2Deg2030,World,Capacity|Electricity|Wind|Onshore,GW,,64.88458808866748,188.2328006239271,378.9482653845889,586.2595503898185,987.1061024685404,1672.154958366074,2726.803705103966,4296.188984722753,5433.585101707244,6738.831486368925,8118.172570456209,9693.789473718134,11191.74001375911,12958.59487132709,14676.56089742302,16195.86836040824,17394.18087835228,18506.84705638529,19646.25552514739,20763.29693960058
WITCH 5.0,CO_Bridge,World,Capacity|Electricity|Wind|Offshore,GW,,0.8249399999999991,4.67603446309904,12.855635916546,86.777232463602,114.764083460682,151.624839833179,274.680824518927,555.94904787044,874.079623660899,980.601262316611,953.488150500438,926.214416277157,896.701775737521,908.751484057749,992.886954892092,1109.98550923723,1283.90637755692,1447.39966224519,1755.26453352562,2226.8859098864
WITCH 5.0,CO_Bridge,World,Capacity|Electricity|Wind|Onshore,GW,,64.8845880886675,188.232800623927,378.948265384589,540.8195,734.26256973825,1030.92530020657,1730.49746907989,2733.14569906763,4686.99052705309,8076.44364005884,12631.9233729629,17544.9528941312,21940.360349046,26745.3787227748,31560.146083399,35802.2675460221,38887.3605763288,41716.3055441228,43991.6435538786,46886.7344520799
WITCH 5.0,EN_INDCi2030_500f,World,Capacity|Electricity|Wind|Offshore,GW,,,4.676034463099047,12.85563591654596,31.48552148466926,39.49551526394429,53.30953082905816,88.19753624003746,153.8667486815544,200.7741701252722,312.1058543526626,289.4700878996107,243.7027419054787,203.4728744517576,171.5809002340911,147.5658749828045,132.3281682049255,128.8551306974982,144.2898523665014,156.2423895006659,149.684575380752
WITCH 5.0,EN_INDCi2030_500f,World,Capacity|Electricity|Wind|Onshore,GW,,,188.2328006239271,378.9482653845889,592.3484196761304,1005.499896809091,1765.002227153173,3131.044401472722,5012.738022777803,7529.478241120386,9781.871501081914,12342.75385925314,14631.48769011936,16578.71155731911,18516.57152262275,20376.3035489118,21868.0749858048,22912.19441387114,23784.73634335374,24700.46094107929,25520.5040343218
WITCH 5.0,EN_INDCi2030_600f,World,Capacity|Electricity|Wind|Offshore,GW,,,4.676034463099047,12.85563591654596,31.48552148466926,39.49551526394429,53.30953082905816,82.1846300852563,148.0068272990824,191.4422005248671,299.2038688523094,266.7639031165903,221.9504819679714,185.3389908310465,156.1612477551052,133.8553655216575,118.9735230447446,113.6823631131862,123.3787718380813,135.5185352472583,132.4422281606145
WITCH 5.0,EN_INDCi2030_600f,World,Capacity|Electricity|Wind|Onshore,GW,,,188.2328006239271,378.9482653845889,592.3484196761304,1005.499896809091,1765.002227153173,3098.381674635311,4976.7940746299,7481.044336449647,9725.145733806758,12307.82794474121,14634.76893308139,16515.71718244967,18464.14469307672,20170.23870480995,21607.51932145309,22781.11773334449,23628.35764304442,24476.21305418647,25206.16810594667
WITCH 5.0,EN_INDCi2030_600f_NDCp,World,Capacity|Electricity|Wind|Offshore,GW,,,4.676034463099047,12.85563591654596,31.48552148466965,39.52897452218949,53.60450505662296,83.05773006101542,149.7089300578847,192.8204498599794,300.3229637053166,264.3149285851099,219.9058539790463,183.6148018135735,154.6554471653088,132.4398166076396,117.4510146449928,111.7084534524316,120.3030553653905,137.6909837142115,133.6359722951678
WITCH 5.0,EN_INDCi2030_600f_NDCp,World,Capacity|Electricity|Wind|Onshore,GW,,,188.2328006239271,378.9482653845889,592.3484196761301,1005.500149305297,1765.410116860643,3084.383382645345,4966.588119719216,7601.283187167124,9838.429383738698,12359.97123273478,14614.72061168037,16488.6980198778,18424.43624841077,20057.8673493806,21512.39984679273,22720.31656663023,23523.52097317123,24377.87611219744,25083.98853955442
WITCH 5.0,EN_INDCi2030_700f,World,Capacity|Electricity|Wind|Offshore,GW,,,4.676034463099047,12.85563591654596,31.48552148466926,39.49551526394429,53.30953082905816,82.15382905426499,147.984140687707,191.3848365163796,298.476043169259,257.5596001225173,214.2893458922424,178.8505670391794,150.4428334136101,128.3795113665574,112.9119569168531,105.5596638242483,110.3858742516331,135.9680693171989,132.6657328623077
WITCH 5.0,EN_INDCi2030_700f,World,Capacity|Electricity|Wind|Onshore,GW,,,188.2328006239271,378.9482653845889,592.3484196761304,1005.499896809091,1765.002227153173,3064.856196864877,4964.196197299659,7446.832006937845,9722.688987367308,12104.63401977474,14575.47056007192,16489.12633518086,18344.69118056699,19916.29298765546,21261.06358660115,22627.19467336321,23405.76545144247,24260.96015714412,24951.18367898105
WITCH 5.0,EN_INDCi2030_700f_NDCp,World,Capacity|Electricity|Wind|Offshore,GW,,,4.676034463099047,12.85563591654596,31.48552148466965,39.52897452218949,53.60450505662296,83.2158067164459,149.2054432176952,191.8100165627669,299.1157435969753,257.1326051557592,213.9208911570283,178.5312591152424,150.1469261599051,128.0695488299055,112.5229395838246,104.9705832615121,109.3597284024431,134.0346970264542,132.0252744181227
WITCH 5.0,EN_INDCi2030_700f_NDCp,World,Capacity|Electricity|Wind|Onshore,GW,,,188.2328006239271,378.9482653845889,592.3484196761301,1005.500149305297,1765.410116860643,3059.572775945356,4961.889652368638,7555.900314539152,9747.009805102214,12100.41798758438,14551.16897193383,16426.37273907543,18312.03736624371,19848.25311588269,21081.59513725747,22484.12304146224,23294.80826957203,24147.24292211962,24864.6858255659
WITCH 5.0,EN_NPi2020_400f,World,Capacity|Electricity|Wind|Offshore,GW,,,4.676034463099047,12.85563591654596,30.90763557716769,46.52294712904833,73.40333746969011,88.50864948652773,124.3660893337556,168.0008081950652,280.1170262552156,246.4453416128173,205.0729615848049,171.10927182438,143.7443514120477,122.197516664223,106.4685814798543,97.5252152092204,98.27991809080524,90.5060771990501,92.35811056675324
WITCH 5.0,EN_NPi2020_400f,World,Capacity|Electricity|Wind|Onshore,GW,,,188.2328006239271,378.9482653845889,592.7165782113569,1007.749761934129,1770.69859654999,3117.94558695048,4948.074016140453,7402.818398860879,9763.946046500325,12344.39463375716,14797.73964837867,16490.15182892279,18409.80972705605,20055.53525258285,21336.55458817588,22467.3584633657,23287.16240671681,24042.52666617516,24793.51564495256
WITCH 5.0,EN_NPi2020_450,World,Capacity|Electricity|Wind|Offshore,GW,,,4.676034463099047,12.85563591654596,30.90763557716769,56.01399836379892,113.2942452187164,126.939086883229,159.9701268259011,197.2651593182912,304.2755526440821,262.7484072784475,218.2362799094124,181.6535533761797,151.8616343901788,127.7680496111147,108.8358354023708,95.1126978863826,87.28473816699616,87.92872556708717,91.01116718973157
WITCH 5.0,EN_NPi2020_450,World,Capacity|Electricity|Wind|Onshore,GW,,,188.2328006239271,378.9482653845889,592.7165782113569,1008.296907760906,1772.112579736079,3157.204795095458,5015.126124250302,7774.61928944797,10287.41633646253,12688.68837532588,14493.28726857392,16094.48935784331,17774.77892769169,18760.21602641018,20060.78396769816,20962.96264764655,21584.96064591716,22203.41006151935,22841.44235544222
WITCH 5.0,EN_NPi2020_450f,World,Capacity|Electricity|Wind|Offshore,GW,,,4.676034463099047,12.85563591654596,30.90763557716769,45.31532093287023,70.13918045450009,85.82465003396689,116.0293885753674,161.1471746215279,274.480696614992,240.7060479600446,200.345317326022,167.202433327057,140.4911530410058,119.43911986838,104.0311338774698,95.17944976503296,95.66241483540816,88.51294869346627,90.99310376209132
WITCH 5.0,EN_NPi2020_450f,World,Capacity|Electricity|Wind|Onshore,GW,,,188.2328006239271,378.9482653845889,592.7165782113569,1007.559306291774,1770.206404043125,3096.055832074892,4933.510485700539,7380.353768149368,9698.651808835191,12268.92040807028,14712.43475709382,16416.77510175203,18377.19210751495,19961.29795161223,21204.80321193163,22310.6314965946,23164.51266676047,23961.59254861811,24737.87819115676
WITCH 5.0,EN_NPi2020_500,World,Capacity|Electricity|Wind|Offshore,GW,,,4.676034463099047,12.85563591654596,30.90763557716769,55.93084215881331,93.5619582619588,105.1867709804554,142.1172227186333,182.7984523633789,292.2902821562064,266.7697789378888,221.7492021885591,184.762720077588,154.8621011253083,131.128757171115,113.396539660124,102.3908312808348,100.6140344705963,96.96943970457114,106.2736032179572
WITCH 5.0,EN_NPi2020_500,World,Capacity|Electricity|Wind|Onshore,GW,,,188.2328006239271,378.9482653845889,592.7165782113569,1008.296907760906,1772.112579736088,3155.192458795204,5011.455608350499,7689.175747946263,10192.54290772868,12744.18405213849,14770.78179589837,16367.45274947948,18015.11685534393,19023.99000236835,20115.90311350034,21315.77675188184,21881.01362122192,22486.94242340208,23085.33489578537
WITCH 5.0,EN_NPi2020_500f,World,Capacity|Electricity|Wind|Offshore,GW,,,4.676034463099047,12.85563591654596,30.90763557716769,45.18321392292384,68.26013271855595,84.27807948186724,109.4558888364626,155.7275641668757,270.0248355010862,235.2280264474229,195.6277936037885,163.3018413483131,137.2373122771689,116.668044419218,101.5591851444045,92.75651853266486,92.8836230252421,86.211345740243,89.11049845290434
WITCH 5.0,EN_NPi2020_500f,World,Capacity|Electricity|Wind|Onshore,GW,,,188.2328006239271,378.9482653845889,592.7165782113569,1007.289706938321,1769.509681278629,3076.888755781649,4918.998602888942,7364.030641953715,9649.419936439604,12135.0030772864,14583.04601455359,16337.91132169637,18337.16136851373,19870.82645412948,21090.9114508774,22222.9483653132,23043.85467926829,23862.88203152308,24632.98112394908
WITCH 5.0,EN_NPi2020_600,World,Capacity|Electricity|Wind|Offshore,GW,,,4.676034463099047,12.85563591654596,30.90763557716769,46.87583687369037,75.37007269167533,90.14749808248946,129.7070045981946,172.3902119949951,283.737634323379,253.9710501269273,211.3058477626136,176.327208668656,148.2244988609079,126.2654049872463,110.5892052532314,102.4751546837043,97.81934070949627,91.86021395659618,96.26554160457614
WITCH 5.0,EN_NPi2020_600,World,Capacity|Electricity|Wind|Onshore,GW,,,188.2328006239271,378.9482653845889,592.7165782113569,1008.191394295003,1771.839902400376,3134.076603082643,4966.277689296853,7527.870685333454,10065.48664359324,12552.02444740057,14911.27416134002,16608.04194198809,18222.97275342297,19156.92466924822,20270.06983925916,21328.43456196626,22003.50140007173,22662.25094686872,23206.65814483757
WITCH 5.0,EN_NPi2020_600f,World,Capacity|Electricity|Wind|Offshore,GW,,,4.676034463099047,12.85563591654596,30.90763557716769,44.87113417435494,66.3082595996372,82.67535408304728,103.5842500575259,150.9007744375776,262.5262785521097,227.7743423199558,189.4961912523884,158.2509078127923,133.0637892620822,113.1924695979991,98.61143836504536,90.14983688617468,90.37079330789902,84.39062330870802,87.65214913449987
WITCH 5.0,EN_NPi2020_600f,World,Capacity|Electricity|Wind|Onshore,GW,,,188.2328006239271,378.9482653845889,592.7165782113569,1007.027849397611,1768.832965599137,3074.945489864363,4921.113811079612,7354.579111554342,9596.86504352036,11950.82874645758,14333.27047268192,16122.98967697882,18100.29849171,19539.5323337732,20890.09205786351,22058.70599183844,22884.35294161583,23770.24853673823,24447.89328060795
WITCH 5.0,EN_NPi2020_700,World,Capacity|Electricity|Wind|Offshore,GW,,,4.676034463099047,12.85563591654596,30.90763557716769,45.19110019862492,73.87180136334759,88.9191806960609,110.5988841562882,156.6644787100734,270.7953204057926,231.8785146667994,193.0716958393401,160.9819121488533,134.829361931656,113.8526147578944,97.46322853845436,85.80633898329418,79.87272573209773,82.42539701954895,83.02016110713494
WITCH 5.0,EN_NPi2020_700,World,Capacity|Electricity|Wind|Onshore,GW,,,188.2328006239271,378.9482653845889,592.7165782113569,1007.301784327566,1769.540892748221,3074.375611906507,4912.632545487134,7342.046294419186,9661.287512846962,12130.88556860486,14619.61289253723,16317.00911833017,18271.00475755706,18954.15764458536,20109.7806315599,21134.834851984,21922.20859814236,22554.73634169264,23051.91148374033
WITCH 5.0,EN_NPi2020_700f,World,Capacity|Electricity|Wind|Offshore,GW,,,4.676034463099047,12.85563591654596,30.90763557716769,44.58827638966381,63.09851198476298,78.96927166699834,99.31336559191976,147.3913987948228,255.3263394427588,221.3575213560503,184.2226117980042,153.8487031600879,129.2485630754603,109.8312138921477,95.2956947702492,86.3123932949524,84.98034318413536,83.1584764391702,85.89193229008588
WITCH 5.0,EN_NPi2020_700f,World,Capacity|Electricity|Wind|Onshore,GW,,,188.2328006239271,378.9482653845889,592.7165782113569,1006.54617859084,1767.588188815472,3065.443459918567,4905.322735967243,7311.314807648547,9654.779453446732,11829.21150930168,14096.64534562695,15898.97476678566,17878.76324531406,19298.75191121906,20789.69710533997,21924.27792809008,22894.28167522877,23642.99703829264,24268.68821109864
