model,scenario
IMAGE 3.0,ENGAGE-INDCi2030-1000
IMAGE 3.0,ENGAGE-INDCi2030-1000f
IMAGE 3.0,ENGAGE-INDCi2030-1200
IMAGE 3.0,ENGAGE-INDCi2030-1200f
IMAGE 3.0,ENGAGE-INDCi2030-1400f
IMAGE 3.0,ENGAGE-INDCi2030-800f
IMAGE 3.0,ENGAGE-NPi2020-1000
IMAGE 3.0,ENGAGE-NPi2020-1200
IMAGE 3.0,ENGAGE-NPi2020-1400
IMAGE 3.0,ENGAGE-NPi2020-1400f
IMAGE 3.2,SSP2021-SSP1-SPA1-19-Default
IMAGE 3.2,SSP2021-SSP1-SPA1-19-Lifestyle-Renewables
IMAGE 3.2,SSP2021-SSP1-SPA1-19-Renewables
IMAGE 3.2,SSP2021-SSP1-SPA1-26-Default
IMAGE 3.2,SSP2021-SSP1-SPA1-26-Lifestyle
IMAGE 3.2,SSP2021-SSP1-SPA1-26-Lifestyle-Renewables
IMAGE 3.2,SSP2021-SSP1-SPA1-26-Renewables
IMAGE 3.2,SSP2021-SSP2-SPA0-26-Default
IMAGE 3.2,SSP2021-SSP2-SPA2-19-Renewables
IMAGE 3.2,SSP2021-SSP2-SPA2-26-Default
IMAGE 3.2,SSP2021-SSP2-SPA2-26-Lifestyle
IMAGE 3.2,SSP2021-SSP2-SPA2-26-Lifestyle-Renewables
IMAGE 3.2,SSP2021-SSP2-SPA2-26-Renewables
IMAGE 3.3,NAVIGATE Demand-1.5°C-ele_u
IMAGE 3.3,NAVIGATE Demand-1.5°C-tec_u
IMAGE 3.3,NAVIGATE Demand-2.0°C-ele_u
IMAGE 3.3,NAVIGATE Demand-2.0°C-ref
IMAGE 3.3,NAVIGATE Demand-2.0°C-tec_u
MESSAGEix-GLOBIOM 2.0-M-R12-NGFS,NGFS Phase 5-Below 2°C
MESSAGEix-GLOBIOM 2.0-M-R12-NGFS,NGFS Phase 5-Delayed Transition
MESSAGEix-GLOBIOM 2.0-M-R12-NGFS,NGFS Phase 5-Low Demand
MESSAGEix-GLOBIOM 2.0-M-R12-NGFS,NGFS Phase 5-Nationally Determined Contributions (NDCs)
MESSAGEix-GLOBIOM 2.0-M-R12-NGFS,NGFS Phase 5-Net-Zero 2050
POLES-JRC ENGAGE,ENGAGE-INDCi2030-1000
POLES-JRC ENGAGE,ENGAGE-INDCi2030-1000-COV
POLES-JRC ENGAGE,ENGAGE-INDCi2030-1000-COV-NDCp
POLES-JRC ENGAGE,ENGAGE-INDCi2030-1000-NDCp
POLES-JRC ENGAGE,ENGAGE-INDCi2030-1000f
POLES-JRC ENGAGE,ENGAGE-INDCi2030-1000f-COV
POLES-JRC ENGAGE,ENGAGE-INDCi2030-1000f-COV-NDCp
POLES-JRC ENGAGE,ENGAGE-INDCi2030-1000f-NDCp
POLES-JRC ENGAGE,ENGAGE-INDCi2030-1200
POLES-JRC ENGAGE,ENGAGE-INDCi2030-1200f
POLES-JRC ENGAGE,ENGAGE-INDCi2030-300f
POLES-JRC ENGAGE,ENGAGE-INDCi2030-400f
POLES-JRC ENGAGE,ENGAGE-INDCi2030-500f
POLES-JRC ENGAGE,ENGAGE-INDCi2030-600f
POLES-JRC ENGAGE,ENGAGE-INDCi2030-600f-COV
POLES-JRC ENGAGE,ENGAGE-INDCi2030-600f-COV-NDCp
POLES-JRC ENGAGE,ENGAGE-INDCi2030-600f-NDCp
POLES-JRC ENGAGE,ENGAGE-INDCi2030-700f
POLES-JRC ENGAGE,ENGAGE-INDCi2030-800f
POLES-JRC ENGAGE,ENGAGE-INDCi2030-900
POLES-JRC ENGAGE,ENGAGE-INDCi2030-900f
POLES-JRC ENGAGE,ENGAGE-NPi2020-1000f
POLES-JRC ENGAGE,ENGAGE-NPi2020-1000f-COV
POLES-JRC ENGAGE,ENGAGE-NPi2020-1200f
POLES-JRC ENGAGE,ENGAGE-NPi2020-900f
REMIND-MAgPIE 2.1-4.2,NGFS Phase 2-Delayed Transition
REMIND-MAgPIE 3.2.0-4.8.0,RESCUE-End-of-Century-Budget-1150
REMIND-MAgPIE 3.2.0-4.8.0,RESCUE-End-of-Century-Budget-1150-with-OAE
REMIND-MAgPIE 3.2.0-4.8.0,RESCUE-End-of-Century-Budget-500
REMIND-MAgPIE 3.2.0-4.8.0,RESCUE-End-of-Century-Budget-500-with-OAE
REMIND-MAgPIE 3.2.0-4.8.0,RESCUE-Peak-Budget-1150
REMIND-MAgPIE 3.2.0-4.8.0,RESCUE-Peak-Budget-1150-with-OAE
REMIND-MAgPIE 3.3-4.8,NGFS Phase 5-Below 2°C
REMIND-MAgPIE 3.3-4.8,NGFS Phase 5-Delayed Transition
REMIND-MAgPIE 3.3-4.8,NGFS Phase 5-Low Demand
REMIND-MAgPIE 3.3-4.8,NGFS Phase 5-Net-Zero 2050
WITCH 5.0,ENGAGE-INDCi2030-1000
WITCH 5.0,ENGAGE-INDCi2030-1000-NDCp
WITCH 5.0,ENGAGE-INDCi2030-1000f
WITCH 5.0,ENGAGE-INDCi2030-1000f-NDCp
WITCH 5.0,ENGAGE-INDCi2030-1200
WITCH 5.0,ENGAGE-INDCi2030-1200-NDCp
WITCH 5.0,ENGAGE-INDCi2030-1200f
WITCH 5.0,ENGAGE-INDCi2030-1200f-NDCp
WITCH 5.0,ENGAGE-INDCi2030-1400
WITCH 5.0,ENGAGE-INDCi2030-1400-NDCp
WITCH 5.0,ENGAGE-INDCi2030-1400f
WITCH 5.0,ENGAGE-INDCi2030-1400f-NDCp
WITCH 5.0,ENGAGE-INDCi2030-1600-NDCp
WITCH 5.0,ENGAGE-INDCi2030-500f
WITCH 5.0,ENGAGE-INDCi2030-600f
WITCH 5.0,ENGAGE-INDCi2030-600f-NDCp
WITCH 5.0,ENGAGE-INDCi2030-700f
WITCH 5.0,ENGAGE-INDCi2030-700f-NDCp
WITCH 5.0,ENGAGE-INDCi2030-800
WITCH 5.0,ENGAGE-INDCi2030-800-NDCp
WITCH 5.0,ENGAGE-INDCi2030-800f
WITCH 5.0,ENGAGE-INDCi2030-800f-NDCp
WITCH 5.0,ENGAGE-INDCi2030-900
WITCH 5.0,ENGAGE-INDCi2030-900-NDCp
WITCH 5.0,ENGAGE-INDCi2030-900f
WITCH 5.0,ENGAGE-INDCi2030-900f-NDCp
