model,scenario,version,Climate Category|SCI 2025 [Tier I],missing_iamee_variables,missing_sci_variables,incomplete_variable_count
IMAGE 3.2,SSP2021-SSP1-SPA1-19-Default,1,GW2,Food Demand|Crops; Food Demand|Livestock,Food Availability|Crops [per capita]; Food Availability|Livestock [per capita],2
IMAGE 3.2,SSP2021-SSP1-SPA1-19-Lifestyle-Renewables,1,GW2,Food Demand|Crops; Food Demand|Livestock,Food Availability|Crops [per capita]; Food Availability|Livestock [per capita],2
IMAGE 3.2,SSP2021-SSP1-SPA1-19-Renewables,1,GW2,Food Demand|Crops; Food Demand|Livestock,Food Availability|Crops [per capita]; Food Availability|Livestock [per capita],2
IMAGE 3.2,SSP2021-SSP1-SPA1-26-Default,1,GW3,Food Demand|Crops; Food Demand|Livestock,Food Availability|Crops [per capita]; Food Availability|Livestock [per capita],2
IMAGE 3.2,SSP2021-SSP1-SPA1-26-Lifestyle,1,GW2,Food Demand|Crops; Food Demand|Livestock,Food Availability|Crops [per capita]; Food Availability|Livestock [per capita],2
IMAGE 3.2,SSP2021-SSP1-SPA1-26-Lifestyle-Renewables,1,GW3,Food Demand|Crops; Food Demand|Livestock,Food Availability|Crops [per capita]; Food Availability|Livestock [per capita],2
IMAGE 3.2,SSP2021-SSP1-SPA1-26-Renewables,1,GW3,Food Demand|Crops; Food Demand|Livestock,Food Availability|Crops [per capita]; Food Availability|Livestock [per capita],2
IMAGE 3.2,SSP2021-SSP2-SPA0-26-Default,1,GW3,Food Demand|Crops; Food Demand|Livestock,Food Availability|Crops [per capita]; Food Availability|Livestock [per capita],2
IMAGE 3.2,SSP2021-SSP2-SPA2-19-Renewables,1,GW2,Food Demand|Crops; Food Demand|Livestock,Food Availability|Crops [per capita]; Food Availability|Livestock [per capita],2
IMAGE 3.2,SSP2021-SSP2-SPA2-26-Default,1,GW3,Food Demand|Crops; Food Demand|Livestock,Food Availability|Crops [per capita]; Food Availability|Livestock [per capita],2
IMAGE 3.2,SSP2021-SSP2-SPA2-26-Lifestyle,1,GW2,Food Demand|Crops; Food Demand|Livestock,Food Availability|Crops [per capita]; Food Availability|Livestock [per capita],2
IMAGE 3.2,SSP2021-SSP2-SPA2-26-Lifestyle-Renewables,1,GW3,Food Demand|Crops; Food Demand|Livestock,Food Availability|Crops [per capita]; Food Availability|Livestock [per capita],2
IMAGE 3.2,SSP2021-SSP2-SPA2-26-Renewables,1,GW3,Food Demand|Crops; Food Demand|Livestock,Food Availability|Crops [per capita]; Food Availability|Livestock [per capita],2
REMIND-MAgPIE 2.1-4.2,NGFS Phase 2-Delayed Transition,1,GW3,Food Demand|Crops; Food Demand|Livestock,Food Availability|Crops [per capita]; Food Availability|Livestock [per capita],2
WITCH 5.0,ENGAGE-INDCi2030-1000,1,GW3,Food Demand|Crops; Food Demand|Livestock,Food Availability|Crops [per capita]; Food Availability|Livestock [per capita],2
WITCH 5.0,ENGAGE-INDCi2030-1000-NDCp,1,GW3,Food Demand|Crops; Food Demand|Livestock,Food Availability|Crops [per capita]; Food Availability|Livestock [per capita],2
WITCH 5.0,ENGAGE-INDCi2030-1000f,1,GW3,Food Demand|Crops; Food Demand|Livestock,Food Availability|Crops [per capita]; Food Availability|Livestock [per capita],2
WITCH 5.0,ENGAGE-INDCi2030-1000f-NDCp,1,GW3,Food Demand|Crops; Food Demand|Livestock,Food Availability|Crops [per capita]; Food Availability|Livestock [per capita],2
WITCH 5.0,ENGAGE-INDCi2030-1200,1,GW4,Food Demand|Crops; Food Demand|Livestock,Food Availability|Crops [per capita]; Food Availability|Livestock [per capita],2
WITCH 5.0,ENGAGE-INDCi2030-1200-NDCp,1,GW4,Food Demand|Crops; Food Demand|Livestock,Food Availability|Crops [per capita]; Food Availability|Livestock [per capita],2
WITCH 5.0,ENGAGE-INDCi2030-1200f,1,GW4,Food Demand|Crops; Food Demand|Livestock,Food Availability|Crops [per capita]; Food Availability|Livestock [per capita],2
WITCH 5.0,ENGAGE-INDCi2030-1200f-NDCp,1,GW4,Food Demand|Crops; Food Demand|Livestock,Food Availability|Crops [per capita]; Food Availability|Livestock [per capita],2
WITCH 5.0,ENGAGE-INDCi2030-1400,1,GW4,Food Demand|Crops; Food Demand|Livestock,Food Availability|Crops [per capita]; Food Availability|Livestock [per capita],2
WITCH 5.0,ENGAGE-INDCi2030-1400-NDCp,1,GW4,Food Demand|Crops; Food Demand|Livestock,Food Availability|Crops [per capita]; Food Availability|Livestock [per capita],2
WITCH 5.0,ENGAGE-INDCi2030-1400f,1,GW4,Food Demand|Crops; Food Demand|Livestock,Food Availability|Crops [per capita]; Food Availability|Livestock [per capita],2
WITCH 5.0,ENGAGE-INDCi2030-1400f-NDCp,1,GW4,Food Demand|Crops; Food Demand|Livestock,Food Availability|Crops [per capita]; Food Availability|Livestock [per capita],2
WITCH 5.0,ENGAGE-INDCi2030-1600-NDCp,1,GW4,Food Demand|Crops; Food Demand|Livestock,Food Availability|Crops [per capita]; Food Availability|Livestock [per capita],2
WITCH 5.0,ENGAGE-INDCi2030-500f,1,GW2,Food Demand|Crops; Food Demand|Livestock,Food Availability|Crops [per capita]; Food Availability|Livestock [per capita],2
WITCH 5.0,ENGAGE-INDCi2030-600f,1,GW3,Food Demand|Crops; Food Demand|Livestock,Food Availability|Crops [per capita]; Food Availability|Livestock [per capita],2
WITCH 5.0,ENGAGE-INDCi2030-600f-NDCp,1,GW3,Food Demand|Crops; Food Demand|Livestock,Food Availability|Crops [per capita]; Food Availability|Livestock [per capita],2
WITCH 5.0,ENGAGE-INDCi2030-700f,1,GW3,Food Demand|Crops; Food Demand|Livestock,Food Availability|Crops [per capita]; Food Availability|Livestock [per capita],2
WITCH 5.0,ENGAGE-INDCi2030-700f-NDCp,1,GW3,Food Demand|Crops; Food Demand|Livestock,Food Availability|Crops [per capita]; Food Availability|Livestock [per capita],2
WITCH 5.0,ENGAGE-INDCi2030-800,1,GW2,Food Demand|Crops; Food Demand|Livestock,Food Availability|Crops [per capita]; Food Availability|Livestock [per capita],2
WITCH 5.0,ENGAGE-INDCi2030-800-NDCp,1,GW2,Food Demand|Crops; Food Demand|Livestock,Food Availability|Crops [per capita]; Food Availability|Livestock [per capita],2
WITCH 5.0,ENGAGE-INDCi2030-800f,1,GW3,Food Demand|Crops; Food Demand|Livestock,Food Availability|Crops [per capita]; Food Availability|Livestock [per capita],2
WITCH 5.0,ENGAGE-INDCi2030-800f-NDCp,1,GW3,Food Demand|Crops; Food Demand|Livestock,Food Availability|Crops [per capita]; Food Availability|Livestock [per capita],2
WITCH 5.0,ENGAGE-INDCi2030-900,1,GW3,Food Demand|Crops; Food Demand|Livestock,Food Availability|Crops [per capita]; Food Availability|Livestock [per capita],2
WITCH 5.0,ENGAGE-INDCi2030-900-NDCp,1,GW3,Food Demand|Crops; Food Demand|Livestock,Food Availability|Crops [per capita]; Food Availability|Livestock [per capita],2
WITCH 5.0,ENGAGE-INDCi2030-900f,1,GW3,Food Demand|Crops; Food Demand|Livestock,Food Availability|Crops [per capita]; Food Availability|Livestock [per capita],2
WITCH 5.0,ENGAGE-INDCi2030-900f-NDCp,1,GW3,Food Demand|Crops; Food Demand|Livestock,Food Availability|Crops [per capita]; Food Availability|Livestock [per capita],2
GCAM 5.3,NGFS Phase 2-Below 2°C,1,GW3,Carbon Sequestration|Land Use; Food Demand|Crops; Food Demand|Livestock,Carbon Removal|Land Use; Food Availability|Crops [per capita]; Food Availability|Livestock [per capita],3
GCAM 5.3,NGFS Phase 2-Delayed Transition,1,GW4,Carbon Sequestration|Land Use; Food Demand|Crops; Food Demand|Livestock,Carbon Removal|Land Use; Food Availability|Crops [per capita]; Food Availability|Livestock [per capita],3
GCAM 6.0 NGFS,NGFS Phase 5-Below 2°C,1,GW3,Carbon Sequestration|Land Use; Food Demand|Crops; Food Demand|Livestock,Carbon Removal|Land Use; Food Availability|Crops [per capita]; Food Availability|Livestock [per capita],3
GCAM 6.0 NGFS,NGFS Phase 5-Delayed Transition,1,GW3,Carbon Sequestration|Land Use; Food Demand|Crops; Food Demand|Livestock,Carbon Removal|Land Use; Food Availability|Crops [per capita]; Food Availability|Livestock [per capita],3
GCAM 6.0 NGFS,NGFS Phase 5-Low Demand,1,GW2,Carbon Sequestration|Land Use; Food Demand|Crops; Food Demand|Livestock,Carbon Removal|Land Use; Food Availability|Crops [per capita]; Food Availability|Livestock [per capita],3
GCAM 6.0 NGFS,NGFS Phase 5-Net-Zero 2050,1,GW2,Carbon Sequestration|Land Use; Food Demand|Crops; Food Demand|Livestock,Carbon Removal|Land Use; Food Availability|Crops [per capita]; Food Availability|Livestock [per capita],3
IMAGE 3.0,ENGAGE-INDCi2030-1000,1,GW4,Price|Secondary Energy|Electricity; Food Demand|Crops; Food Demand|Livestock,Price|Secondary Energy|Electricity; Food Availability|Crops [per capita]; Food Availability|Livestock [per capita],3
IMAGE 3.0,ENGAGE-INDCi2030-1000f,1,GW3,Price|Secondary Energy|Electricity; Food Demand|Crops; Food Demand|Livestock,Price|Secondary Energy|Electricity; Food Availability|Crops [per capita]; Food Availability|Livestock [per capita],3
IMAGE 3.0,ENGAGE-INDCi2030-1200,1,GW4,Price|Secondary Energy|Electricity; Food Demand|Crops; Food Demand|Livestock,Price|Secondary Energy|Electricity; Food Availability|Crops [per capita]; Food Availability|Livestock [per capita],3
IMAGE 3.0,ENGAGE-INDCi2030-1200f,1,GW4,Price|Secondary Energy|Electricity; Food Demand|Crops; Food Demand|Livestock,Price|Secondary Energy|Electricity; Food Availability|Crops [per capita]; Food Availability|Livestock [per capita],3
IMAGE 3.0,ENGAGE-INDCi2030-1400f,1,GW4,Price|Secondary Energy|Electricity; Food Demand|Crops; Food Demand|Livestock,Price|Secondary Energy|Electricity; Food Availability|Crops [per capita]; Food Availability|Livestock [per capita],3
IMAGE 3.0,ENGAGE-INDCi2030-800f,1,GW3,Price|Secondary Energy|Electricity; Food Demand|Crops; Food Demand|Livestock,Price|Secondary Energy|Electricity; Food Availability|Crops [per capita]; Food Availability|Livestock [per capita],3
IMAGE 3.0,ENGAGE-NPi2020-1000,1,GW3,Price|Secondary Energy|Electricity; Food Demand|Crops; Food Demand|Livestock,Price|Secondary Energy|Electricity; Food Availability|Crops [per capita]; Food Availability|Livestock [per capita],3
IMAGE 3.0,ENGAGE-NPi2020-1200,1,GW4,Price|Secondary Energy|Electricity; Food Demand|Crops; Food Demand|Livestock,Price|Secondary Energy|Electricity; Food Availability|Crops [per capita]; Food Availability|Livestock [per capita],3
IMAGE 3.0,ENGAGE-NPi2020-1400,1,GW4,Price|Secondary Energy|Electricity; Food Demand|Crops; Food Demand|Livestock,Price|Secondary Energy|Electricity; Food Availability|Crops [per capita]; Food Availability|Livestock [per capita],3
IMAGE 3.0,ENGAGE-NPi2020-1400f,1,GW4,Price|Secondary Energy|Electricity; Food Demand|Crops; Food Demand|Livestock,Price|Secondary Energy|Electricity; Food Availability|Crops [per capita]; Food Availability|Livestock [per capita],3
POLES-JRC ENGAGE,ENGAGE-INDCi2030-1000,1,GW4,Price|Secondary Energy|Electricity; Food Demand|Crops; Food Demand|Livestock,Price|Secondary Energy|Electricity; Food Availability|Crops [per capita]; Food Availability|Livestock [per capita],3
POLES-JRC ENGAGE,ENGAGE-INDCi2030-1000-COV,1,GW4,Price|Secondary Energy|Electricity; Food Demand|Crops; Food Demand|Livestock,Price|Secondary Energy|Electricity; Food Availability|Crops [per capita]; Food Availability|Livestock [per capita],3
POLES-JRC ENGAGE,ENGAGE-INDCi2030-1000-COV-NDCp,1,GW4,Price|Secondary Energy|Electricity; Food Demand|Crops; Food Demand|Livestock,Price|Secondary Energy|Electricity; Food Availability|Crops [per capita]; Food Availability|Livestock [per capita],3
POLES-JRC ENGAGE,ENGAGE-INDCi2030-1000-NDCp,1,GW4,Price|Secondary Energy|Electricity; Food Demand|Crops; Food Demand|Livestock,Price|Secondary Energy|Electricity; Food Availability|Crops [per capita]; Food Availability|Livestock [per capita],3
POLES-JRC ENGAGE,ENGAGE-INDCi2030-1000f,1,GW4,Price|Secondary Energy|Electricity; Food Demand|Crops; Food Demand|Livestock,Price|Secondary Energy|Electricity; Food Availability|Crops [per capita]; Food Availability|Livestock [per capita],3
POLES-JRC ENGAGE,ENGAGE-INDCi2030-1000f-COV,1,GW4,Price|Secondary Energy|Electricity; Food Demand|Crops; Food Demand|Livestock,Price|Secondary Energy|Electricity; Food Availability|Crops [per capita]; Food Availability|Livestock [per capita],3
POLES-JRC ENGAGE,ENGAGE-INDCi2030-1000f-COV-NDCp,1,GW4,Price|Secondary Energy|Electricity; Food Demand|Crops; Food Demand|Livestock,Price|Secondary Energy|Electricity; Food Availability|Crops [per capita]; Food Availability|Livestock [per capita],3
POLES-JRC ENGAGE,ENGAGE-INDCi2030-1000f-NDCp,1,GW4,Price|Secondary Energy|Electricity; Food Demand|Crops; Food Demand|Livestock,Price|Secondary Energy|Electricity; Food Availability|Crops [per capita]; Food Availability|Livestock [per capita],3
POLES-JRC ENGAGE,ENGAGE-INDCi2030-1200,1,GW4,Price|Secondary Energy|Electricity; Food Demand|Crops; Food Demand|Livestock,Price|Secondary Energy|Electricity; Food Availability|Crops [per capita]; Food Availability|Livestock [per capita],3
POLES-JRC ENGAGE,ENGAGE-INDCi2030-1200f,1,GW4,Price|Secondary Energy|Electricity; Food Demand|Crops; Food Demand|Livestock,Price|Secondary Energy|Electricity; Food Availability|Crops [per capita]; Food Availability|Livestock [per capita],3
POLES-JRC ENGAGE,ENGAGE-INDCi2030-300f,1,GW3,Price|Secondary Energy|Electricity; Food Demand|Crops; Food Demand|Livestock,Price|Secondary Energy|Electricity; Food Availability|Crops [per capita]; Food Availability|Livestock [per capita],3
POLES-JRC ENGAGE,ENGAGE-INDCi2030-400f,1,GW3,Price|Secondary Energy|Electricity; Food Demand|Crops; Food Demand|Livestock,Price|Secondary Energy|Electricity; Food Availability|Crops [per capita]; Food Availability|Livestock [per capita],3
POLES-JRC ENGAGE,ENGAGE-INDCi2030-500f,1,GW3,Price|Secondary Energy|Electricity; Food Demand|Crops; Food Demand|Livestock,Price|Secondary Energy|Electricity; Food Availability|Crops [per capita]; Food Availability|Livestock [per capita],3
POLES-JRC ENGAGE,ENGAGE-INDCi2030-600f,1,GW3,Price|Secondary Energy|Electricity; Food Demand|Crops; Food Demand|Livestock,Price|Secondary Energy|Electricity; Food Availability|Crops [per capita]; Food Availability|Livestock [per capita],3
POLES-JRC ENGAGE,ENGAGE-INDCi2030-600f-COV,1,GW3,Price|Secondary Energy|Electricity; Food Demand|Crops; Food Demand|Livestock,Price|Secondary Energy|Electricity; Food Availability|Crops [per capita]; Food Availability|Livestock [per capita],3
POLES-JRC ENGAGE,ENGAGE-INDCi2030-600f-COV-NDCp,1,GW3,Price|Secondary Energy|Electricity; Food Demand|Crops; Food Demand|Livestock,Price|Secondary Energy|Electricity; Food Availability|Crops [per capita]; Food Availability|Livestock [per capita],3
POLES-JRC ENGAGE,ENGAGE-INDCi2030-600f-NDCp,1,GW3,Price|Secondary Energy|Electricity; Food Demand|Crops; Food Demand|Livestock,Price|Secondary Energy|Electricity; Food Availability|Crops [per capita]; Food Availability|Livestock [per capita],3
POLES-JRC ENGAGE,ENGAGE-INDCi2030-700f,1,GW3,Price|Secondary Energy|Electricity; Food Demand|Crops; Food Demand|Livestock,Price|Secondary Energy|Electricity; Food Availability|Crops [per capita]; Food Availability|Livestock [per capita],3
POLES-JRC ENGAGE,ENGAGE-INDCi2030-800f,1,GW3,Price|Secondary Energy|Electricity; Food Demand|Crops; Food Demand|Livestock,Price|Secondary Energy|Electricity; Food Availability|Crops [per capita]; Food Availability|Livestock [per capita],3
POLES-JRC ENGAGE,ENGAGE-INDCi2030-900,1,GW3,Price|Secondary Energy|Electricity; Food Demand|Crops; Food Demand|Livestock,Price|Secondary Energy|Electricity; Food Availability|Crops [per capita]; Food Availability|Livestock [per capita],3
POLES-JRC ENGAGE,ENGAGE-INDCi2030-900f,1,GW4,Price|Secondary Energy|Electricity; Food Demand|Crops; Food Demand|Livestock,Price|Secondary Energy|Electricity; Food Availability|Crops [per capita]; Food Availability|Livestock [per capita],3
POLES-JRC ENGAGE,ENGAGE-NPi2020-1000f,1,GW4,Price|Secondary Energy|Electricity; Food Demand|Crops; Food Demand|Livestock,Price|Secondary Energy|Electricity; Food Availability|Crops [per capita]; Food Availability|Livestock [per capita],3
POLES-JRC ENGAGE,ENGAGE-NPi2020-1000f-COV,1,GW4,Price|Secondary Energy|Electricity; Food Demand|Crops; Food Demand|Livestock,Price|Secondary Energy|Electricity; Food Availability|Crops [per capita]; Food Availability|Livestock [per capita],3
POLES-JRC ENGAGE,ENGAGE-NPi2020-1200f,1,GW4,Price|Secondary Energy|Electricity; Food Demand|Crops; Food Demand|Livestock,Price|Secondary Energy|Electricity; Food Availability|Crops [per capita]; Food Availability|Livestock [per capita],3
POLES-JRC ENGAGE,ENGAGE-NPi2020-900f,1,GW4,Price|Secondary Energy|Electricity; Food Demand|Crops; Food Demand|Livestock,Price|Secondary Energy|Electricity; Food Availability|Crops [per capita]; Food Availability|Livestock [per capita],3
REMIND 3.5,Rescuing-1.5°C-Highest-Possible-Ambition,1,GW4,Land Cover; Carbon Sequestration|Land Use; Food Demand|Crops; Food Demand|Livestock; Land Cover|Forest|Natural Forest,Land Cover; Carbon Removal|Land Use; Food Availability|Crops [per capita]; Food Availability|Livestock [per capita]; Land Cover|Forest,5
TIAM-ECN 1.1,ENGAGE-INDCi2030-1000,1,GW2,Investment|Energy Supply; Population; Primary Energy|Non-Biomass Renewables; GDP|MER; Land Cover; Food Demand|Crops; Food Demand|Livestock; Primary Energy|Fossil|w/ CCS; Primary Energy|Fossil|w/o CCS; Land Cover|Forest|Natural Forest,Investment|Energy Supply; Population; Primary Energy|Non-Biomass Renewables; GDP|MER; Land Cover; Food Availability|Crops [per capita]; Food Availability|Livestock [per capita]; Primary Energy|Fossil|w/ CCS; Primary Energy|Fossil|w/o CCS; Land Cover|Forest,10
TIAM-ECN 1.1,ENGAGE-INDCi2030-1000-COV,1,GW2,Investment|Energy Supply; Population; Primary Energy|Non-Biomass Renewables; GDP|MER; Land Cover; Food Demand|Crops; Food Demand|Livestock; Primary Energy|Fossil|w/ CCS; Primary Energy|Fossil|w/o CCS; Land Cover|Forest|Natural Forest,Investment|Energy Supply; Population; Primary Energy|Non-Biomass Renewables; GDP|MER; Land Cover; Food Availability|Crops [per capita]; Food Availability|Livestock [per capita]; Primary Energy|Fossil|w/ CCS; Primary Energy|Fossil|w/o CCS; Land Cover|Forest,10
TIAM-ECN 1.1,ENGAGE-INDCi2030-1000-NDCp,1,GW2,Investment|Energy Supply; Population; Primary Energy|Non-Biomass Renewables; GDP|MER; Land Cover; Food Demand|Crops; Food Demand|Livestock; Primary Energy|Fossil|w/ CCS; Primary Energy|Fossil|w/o CCS; Land Cover|Forest|Natural Forest,Investment|Energy Supply; Population; Primary Energy|Non-Biomass Renewables; GDP|MER; Land Cover; Food Availability|Crops [per capita]; Food Availability|Livestock [per capita]; Primary Energy|Fossil|w/ CCS; Primary Energy|Fossil|w/o CCS; Land Cover|Forest,10
TIAM-ECN 1.1,ENGAGE-INDCi2030-1000f,1,GW2,Investment|Energy Supply; Population; Primary Energy|Non-Biomass Renewables; GDP|MER; Land Cover; Food Demand|Crops; Food Demand|Livestock; Primary Energy|Fossil|w/ CCS; Primary Energy|Fossil|w/o CCS; Land Cover|Forest|Natural Forest,Investment|Energy Supply; Population; Primary Energy|Non-Biomass Renewables; GDP|MER; Land Cover; Food Availability|Crops [per capita]; Food Availability|Livestock [per capita]; Primary Energy|Fossil|w/ CCS; Primary Energy|Fossil|w/o CCS; Land Cover|Forest,10
TIAM-ECN 1.1,ENGAGE-INDCi2030-1000f-COV,1,GW2,Investment|Energy Supply; Population; Primary Energy|Non-Biomass Renewables; GDP|MER; Land Cover; Food Demand|Crops; Food Demand|Livestock; Primary Energy|Fossil|w/ CCS; Primary Energy|Fossil|w/o CCS; Land Cover|Forest|Natural Forest,Investment|Energy Supply; Population; Primary Energy|Non-Biomass Renewables; GDP|MER; Land Cover; Food Availability|Crops [per capita]; Food Availability|Livestock [per capita]; Primary Energy|Fossil|w/ CCS; Primary Energy|Fossil|w/o CCS; Land Cover|Forest,10
TIAM-ECN 1.1,ENGAGE-INDCi2030-1000f-NDCp,1,GW2,Investment|Energy Supply; Population; Primary Energy|Non-Biomass Renewables; GDP|MER; Land Cover; Food Demand|Crops; Food Demand|Livestock; Primary Energy|Fossil|w/ CCS; Primary Energy|Fossil|w/o CCS; Land Cover|Forest|Natural Forest,Investment|Energy Supply; Population; Primary Energy|Non-Biomass Renewables; GDP|MER; Land Cover; Food Availability|Crops [per capita]; Food Availability|Livestock [per capita]; Primary Energy|Fossil|w/ CCS; Primary Energy|Fossil|w/o CCS; Land Cover|Forest,10
TIAM-ECN 1.1,ENGAGE-INDCi2030-1200,1,GW3,Investment|Energy Supply; Population; Primary Energy|Non-Biomass Renewables; GDP|MER; Land Cover; Food Demand|Crops; Food Demand|Livestock; Primary Energy|Fossil|w/ CCS; Primary Energy|Fossil|w/o CCS; Land Cover|Forest|Natural Forest,Investment|Energy Supply; Population; Primary Energy|Non-Biomass Renewables; GDP|MER; Land Cover; Food Availability|Crops [per capita]; Food Availability|Livestock [per capita]; Primary Energy|Fossil|w/ CCS; Primary Energy|Fossil|w/o CCS; Land Cover|Forest,10
TIAM-ECN 1.1,ENGAGE-INDCi2030-1200f,1,GW3,Investment|Energy Supply; Population; Primary Energy|Non-Biomass Renewables; GDP|MER; Land Cover; Food Demand|Crops; Food Demand|Livestock; Primary Energy|Fossil|w/ CCS; Primary Energy|Fossil|w/o CCS; Land Cover|Forest|Natural Forest,Investment|Energy Supply; Population; Primary Energy|Non-Biomass Renewables; GDP|MER; Land Cover; Food Availability|Crops [per capita]; Food Availability|Livestock [per capita]; Primary Energy|Fossil|w/ CCS; Primary Energy|Fossil|w/o CCS; Land Cover|Forest,10
TIAM-ECN 1.1,ENGAGE-INDCi2030-1400,1,GW4,Investment|Energy Supply; Population; Primary Energy|Non-Biomass Renewables; GDP|MER; Land Cover; Food Demand|Crops; Food Demand|Livestock; Primary Energy|Fossil|w/ CCS; Primary Energy|Fossil|w/o CCS; Land Cover|Forest|Natural Forest,Investment|Energy Supply; Population; Primary Energy|Non-Biomass Renewables; GDP|MER; Land Cover; Food Availability|Crops [per capita]; Food Availability|Livestock [per capita]; Primary Energy|Fossil|w/ CCS; Primary Energy|Fossil|w/o CCS; Land Cover|Forest,10
TIAM-ECN 1.1,ENGAGE-INDCi2030-1400f,1,GW4,Investment|Energy Supply; Population; Primary Energy|Non-Biomass Renewables; GDP|MER; Land Cover; Food Demand|Crops; Food Demand|Livestock; Primary Energy|Fossil|w/ CCS; Primary Energy|Fossil|w/o CCS; Land Cover|Forest|Natural Forest,Investment|Energy Supply; Population; Primary Energy|Non-Biomass Renewables; GDP|MER; Land Cover; Food Availability|Crops [per capita]; Food Availability|Livestock [per capita]; Primary Energy|Fossil|w/ CCS; Primary Energy|Fossil|w/o CCS; Land Cover|Forest,10
TIAM-ECN 1.1,ENGAGE-INDCi2030-1600,1,GW4,Investment|Energy Supply; Population; Primary Energy|Non-Biomass Renewables; GDP|MER; Land Cover; Food Demand|Crops; Food Demand|Livestock; Primary Energy|Fossil|w/ CCS; Primary Energy|Fossil|w/o CCS; Land Cover|Forest|Natural Forest,Investment|Energy Supply; Population; Primary Energy|Non-Biomass Renewables; GDP|MER; Land Cover; Food Availability|Crops [per capita]; Food Availability|Livestock [per capita]; Primary Energy|Fossil|w/ CCS; Primary Energy|Fossil|w/o CCS; Land Cover|Forest,10
TIAM-ECN 1.1,ENGAGE-INDCi2030-900,1,GW2,Investment|Energy Supply; Population; Primary Energy|Non-Biomass Renewables; GDP|MER; Land Cover; Food Demand|Crops; Food Demand|Livestock; Primary Energy|Fossil|w/ CCS; Primary Energy|Fossil|w/o CCS; Land Cover|Forest|Natural Forest,Investment|Energy Supply; Population; Primary Energy|Non-Biomass Renewables; GDP|MER; Land Cover; Food Availability|Crops [per capita]; Food Availability|Livestock [per capita]; Primary Energy|Fossil|w/ CCS; Primary Energy|Fossil|w/o CCS; Land Cover|Forest,10
TIAM-ECN 1.1,ENGAGE-INDCi2030-900f,1,GW2,Investment|Energy Supply; Population; Primary Energy|Non-Biomass Renewables; GDP|MER; Land Cover; Food Demand|Crops; Food Demand|Livestock; Primary Energy|Fossil|w/ CCS; Primary Energy|Fossil|w/o CCS; Land Cover|Forest|Natural Forest,Investment|Energy Supply; Population; Primary Energy|Non-Biomass Renewables; GDP|MER; Land Cover; Food Availability|Crops [per capita]; Food Availability|Livestock [per capita]; Primary Energy|Fossil|w/ CCS; Primary Energy|Fossil|w/o CCS; Land Cover|Forest,10
TIAM-ECN 1.1,ENGAGE-NPi2020-1000,1,GW2,Investment|Energy Supply; Population; Primary Energy|Non-Biomass Renewables; GDP|MER; Land Cover; Food Demand|Crops; Food Demand|Livestock; Primary Energy|Fossil|w/ CCS; Primary Energy|Fossil|w/o CCS; Land Cover|Forest|Natural Forest,Investment|Energy Supply; Population; Primary Energy|Non-Biomass Renewables; GDP|MER; Land Cover; Food Availability|Crops [per capita]; Food Availability|Livestock [per capita]; Primary Energy|Fossil|w/ CCS; Primary Energy|Fossil|w/o CCS; Land Cover|Forest,10
TIAM-ECN 1.1,ENGAGE-NPi2020-1000-COV,1,GW2,Investment|Energy Supply; Population; Primary Energy|Non-Biomass Renewables; GDP|MER; Land Cover; Food Demand|Crops; Food Demand|Livestock; Primary Energy|Fossil|w/ CCS; Primary Energy|Fossil|w/o CCS; Land Cover|Forest|Natural Forest,Investment|Energy Supply; Population; Primary Energy|Non-Biomass Renewables; GDP|MER; Land Cover; Food Availability|Crops [per capita]; Food Availability|Livestock [per capita]; Primary Energy|Fossil|w/ CCS; Primary Energy|Fossil|w/o CCS; Land Cover|Forest,10
TIAM-ECN 1.1,ENGAGE-NPi2020-1000f,1,GW2,Investment|Energy Supply; Population; Primary Energy|Non-Biomass Renewables; GDP|MER; Land Cover; Food Demand|Crops; Food Demand|Livestock; Primary Energy|Fossil|w/ CCS; Primary Energy|Fossil|w/o CCS; Land Cover|Forest|Natural Forest,Investment|Energy Supply; Population; Primary Energy|Non-Biomass Renewables; GDP|MER; Land Cover; Food Availability|Crops [per capita]; Food Availability|Livestock [per capita]; Primary Energy|Fossil|w/ CCS; Primary Energy|Fossil|w/o CCS; Land Cover|Forest,10
TIAM-ECN 1.1,ENGAGE-NPi2020-1000f-COV,1,GW2,Investment|Energy Supply; Population; Primary Energy|Non-Biomass Renewables; GDP|MER; Land Cover; Food Demand|Crops; Food Demand|Livestock; Primary Energy|Fossil|w/ CCS; Primary Energy|Fossil|w/o CCS; Land Cover|Forest|Natural Forest,Investment|Energy Supply; Population; Primary Energy|Non-Biomass Renewables; GDP|MER; Land Cover; Food Availability|Crops [per capita]; Food Availability|Livestock [per capita]; Primary Energy|Fossil|w/ CCS; Primary Energy|Fossil|w/o CCS; Land Cover|Forest,10
TIAM-ECN 1.1,ENGAGE-NPi2020-1200,1,GW3,Investment|Energy Supply; Population; Primary Energy|Non-Biomass Renewables; GDP|MER; Land Cover; Food Demand|Crops; Food Demand|Livestock; Primary Energy|Fossil|w/ CCS; Primary Energy|Fossil|w/o CCS; Land Cover|Forest|Natural Forest,Investment|Energy Supply; Population; Primary Energy|Non-Biomass Renewables; GDP|MER; Land Cover; Food Availability|Crops [per capita]; Food Availability|Livestock [per capita]; Primary Energy|Fossil|w/ CCS; Primary Energy|Fossil|w/o CCS; Land Cover|Forest,10
TIAM-ECN 1.1,ENGAGE-NPi2020-1200f,1,GW3,Investment|Energy Supply; Population; Primary Energy|Non-Biomass Renewables; GDP|MER; Land Cover; Food Demand|Crops; Food Demand|Livestock; Primary Energy|Fossil|w/ CCS; Primary Energy|Fossil|w/o CCS; Land Cover|Forest|Natural Forest,Investment|Energy Supply; Population; Primary Energy|Non-Biomass Renewables; GDP|MER; Land Cover; Food Availability|Crops [per capita]; Food Availability|Livestock [per capita]; Primary Energy|Fossil|w/ CCS; Primary Energy|Fossil|w/o CCS; Land Cover|Forest,10
TIAM-ECN 1.1,ENGAGE-NPi2020-1400,1,GW4,Investment|Energy Supply; Population; Primary Energy|Non-Biomass Renewables; GDP|MER; Land Cover; Food Demand|Crops; Food Demand|Livestock; Primary Energy|Fossil|w/ CCS; Primary Energy|Fossil|w/o CCS; Land Cover|Forest|Natural Forest,Investment|Energy Supply; Population; Primary Energy|Non-Biomass Renewables; GDP|MER; Land Cover; Food Availability|Crops [per capita]; Food Availability|Livestock [per capita]; Primary Energy|Fossil|w/ CCS; Primary Energy|Fossil|w/o CCS; Land Cover|Forest,10
TIAM-ECN 1.1,ENGAGE-NPi2020-1400f,1,GW4,Investment|Energy Supply; Population; Primary Energy|Non-Biomass Renewables; GDP|MER; Land Cover; Food Demand|Crops; Food Demand|Livestock; Primary Energy|Fossil|w/ CCS; Primary Energy|Fossil|w/o CCS; Land Cover|Forest|Natural Forest,Investment|Energy Supply; Population; Primary Energy|Non-Biomass Renewables; GDP|MER; Land Cover; Food Availability|Crops [per capita]; Food Availability|Livestock [per capita]; Primary Energy|Fossil|w/ CCS; Primary Energy|Fossil|w/o CCS; Land Cover|Forest,10
TIAM-ECN 1.1,ENGAGE-NPi2020-1600,1,GW4,Investment|Energy Supply; Population; Primary Energy|Non-Biomass Renewables; GDP|MER; Land Cover; Food Demand|Crops; Food Demand|Livestock; Primary Energy|Fossil|w/ CCS; Primary Energy|Fossil|w/o CCS; Land Cover|Forest|Natural Forest,Investment|Energy Supply; Population; Primary Energy|Non-Biomass Renewables; GDP|MER; Land Cover; Food Availability|Crops [per capita]; Food Availability|Livestock [per capita]; Primary Energy|Fossil|w/ CCS; Primary Energy|Fossil|w/o CCS; Land Cover|Forest,10
TIAM-ECN 1.1,ENGAGE-NPi2020-800,1,GW2,Investment|Energy Supply; Population; Primary Energy|Non-Biomass Renewables; GDP|MER; Land Cover; Food Demand|Crops; Food Demand|Livestock; Primary Energy|Fossil|w/ CCS; Primary Energy|Fossil|w/o CCS; Land Cover|Forest|Natural Forest,Investment|Energy Supply; Population; Primary Energy|Non-Biomass Renewables; GDP|MER; Land Cover; Food Availability|Crops [per capita]; Food Availability|Livestock [per capita]; Primary Energy|Fossil|w/ CCS; Primary Energy|Fossil|w/o CCS; Land Cover|Forest,10
TIAM-ECN 1.1,ENGAGE-NPi2020-800f,1,GW2,Investment|Energy Supply; Population; Primary Energy|Non-Biomass Renewables; GDP|MER; Land Cover; Food Demand|Crops; Food Demand|Livestock; Primary Energy|Fossil|w/ CCS; Primary Energy|Fossil|w/o CCS; Land Cover|Forest|Natural Forest,Investment|Energy Supply; Population; Primary Energy|Non-Biomass Renewables; GDP|MER; Land Cover; Food Availability|Crops [per capita]; Food Availability|Livestock [per capita]; Primary Energy|Fossil|w/ CCS; Primary Energy|Fossil|w/o CCS; Land Cover|Forest,10
TIAM-ECN 1.1,ENGAGE-NPi2020-900,1,GW2,Investment|Energy Supply; Population; Primary Energy|Non-Biomass Renewables; GDP|MER; Land Cover; Food Demand|Crops; Food Demand|Livestock; Primary Energy|Fossil|w/ CCS; Primary Energy|Fossil|w/o CCS; Land Cover|Forest|Natural Forest,Investment|Energy Supply; Population; Primary Energy|Non-Biomass Renewables; GDP|MER; Land Cover; Food Availability|Crops [per capita]; Food Availability|Livestock [per capita]; Primary Energy|Fossil|w/ CCS; Primary Energy|Fossil|w/o CCS; Land Cover|Forest,10
TIAM-ECN 1.1,ENGAGE-NPi2020-900f,1,GW2,Investment|Energy Supply; Population; Primary Energy|Non-Biomass Renewables; GDP|MER; Land Cover; Food Demand|Crops; Food Demand|Livestock; Primary Energy|Fossil|w/ CCS; Primary Energy|Fossil|w/o CCS; Land Cover|Forest|Natural Forest,Investment|Energy Supply; Population; Primary Energy|Non-Biomass Renewables; GDP|MER; Land Cover; Food Availability|Crops [per capita]; Food Availability|Livestock [per capita]; Primary Energy|Fossil|w/ CCS; Primary Energy|Fossil|w/o CCS; Land Cover|Forest,10
GCAM 4.2,SSP1-19,1,GW2,Emissions|CO2; Investment|Energy Supply; Capacity|Electricity|Wind; Capacity|Electricity|Solar|PV; Final Energy; Final Energy|Electricity; Population; Primary Energy|Coal; Primary Energy|Oil; Primary Energy|Gas; Primary Energy|Nuclear; Primary Energy|Biomass; Primary Energy|Non-Biomass Renewables; Carbon Sequestration|CCS|Biomass; GDP|MER; Land Cover; Carbon Sequestration|Land Use; Price|Secondary Energy|Electricity; Food Demand|Crops; Food Demand|Livestock; Primary Energy|Fossil|w/ CCS; Primary Energy|Fossil|w/o CCS; Land Cover|Forest|Natural Forest,Emissions|CO2; Investment|Energy Supply; Capacity|Electricity|Wind; Capacity|Electricity|Solar|PV; Final Energy; Final Energy|Electricity; Population; Primary Energy|Coal; Primary Energy|Oil; Primary Energy|Gas; Primary Energy|Nuclear; Primary Energy|Biomass; Primary Energy|Non-Biomass Renewables; Carbon Capture|Geological Storage|Biomass; GDP|MER; Land Cover; Carbon Removal|Land Use; Price|Secondary Energy|Electricity; Food Availability|Crops [per capita]; Food Availability|Livestock [per capita]; Primary Energy|Fossil|w/ CCS; Primary Energy|Fossil|w/o CCS; Land Cover|Forest,23
GCAM 4.2,SSP1-26,1,GW3,Emissions|CO2; Investment|Energy Supply; Capacity|Electricity|Wind; Capacity|Electricity|Solar|PV; Final Energy; Final Energy|Electricity; Population; Primary Energy|Coal; Primary Energy|Oil; Primary Energy|Gas; Primary Energy|Nuclear; Primary Energy|Biomass; Primary Energy|Non-Biomass Renewables; Carbon Sequestration|CCS|Biomass; GDP|MER; Land Cover; Carbon Sequestration|Land Use; Price|Secondary Energy|Electricity; Food Demand|Crops; Food Demand|Livestock; Primary Energy|Fossil|w/ CCS; Primary Energy|Fossil|w/o CCS; Land Cover|Forest|Natural Forest,Emissions|CO2; Investment|Energy Supply; Capacity|Electricity|Wind; Capacity|Electricity|Solar|PV; Final Energy; Final Energy|Electricity; Population; Primary Energy|Coal; Primary Energy|Oil; Primary Energy|Gas; Primary Energy|Nuclear; Primary Energy|Biomass; Primary Energy|Non-Biomass Renewables; Carbon Capture|Geological Storage|Biomass; GDP|MER; Land Cover; Carbon Removal|Land Use; Price|Secondary Energy|Electricity; Food Availability|Crops [per capita]; Food Availability|Livestock [per capita]; Primary Energy|Fossil|w/ CCS; Primary Energy|Fossil|w/o CCS; Land Cover|Forest,23
IMAGE 3.0,COMMIT-2°C-2030,1,GW3,Emissions|CO2; Investment|Energy Supply; Capacity|Electricity|Wind; Capacity|Electricity|Solar|PV; Final Energy; Final Energy|Electricity; Population; Primary Energy|Coal; Primary Energy|Oil; Primary Energy|Gas; Primary Energy|Nuclear; Primary Energy|Biomass; Primary Energy|Non-Biomass Renewables; Carbon Sequestration|CCS|Biomass; GDP|MER; Land Cover; Carbon Sequestration|Land Use; Price|Secondary Energy|Electricity; Food Demand|Crops; Food Demand|Livestock; Primary Energy|Fossil|w/ CCS; Primary Energy|Fossil|w/o CCS; Land Cover|Forest|Natural Forest,Emissions|CO2; Investment|Energy Supply; Capacity|Electricity|Wind; Capacity|Electricity|Solar|PV; Final Energy; Final Energy|Electricity; Population; Primary Energy|Coal; Primary Energy|Oil; Primary Energy|Gas; Primary Energy|Nuclear; Primary Energy|Biomass; Primary Energy|Non-Biomass Renewables; Carbon Capture|Geological Storage|Biomass; GDP|MER; Land Cover; Carbon Removal|Land Use; Price|Secondary Energy|Electricity; Food Availability|Crops [per capita]; Food Availability|Livestock [per capita]; Primary Energy|Fossil|w/ CCS; Primary Energy|Fossil|w/o CCS; Land Cover|Forest,23
MESSAGEix-GLOBIOM 1.1-BMT-R12,NAVIGATE Demand-2.0°C-act_u,1,GW3,Emissions|CO2; Investment|Energy Supply; Capacity|Electricity|Wind; Capacity|Electricity|Solar|PV; Final Energy; Final Energy|Electricity; Population; Primary Energy|Coal; Primary Energy|Oil; Primary Energy|Gas; Primary Energy|Nuclear; Primary Energy|Biomass; Primary Energy|Non-Biomass Renewables; Carbon Sequestration|CCS|Biomass; GDP|MER; Land Cover; Carbon Sequestration|Land Use; Price|Secondary Energy|Electricity; Food Demand|Crops; Food Demand|Livestock; Primary Energy|Fossil|w/ CCS; Primary Energy|Fossil|w/o CCS; Land Cover|Forest|Natural Forest,Emissions|CO2; Investment|Energy Supply; Capacity|Electricity|Wind; Capacity|Electricity|Solar|PV; Final Energy; Final Energy|Electricity; Population; Primary Energy|Coal; Primary Energy|Oil; Primary Energy|Gas; Primary Energy|Nuclear; Primary Energy|Biomass; Primary Energy|Non-Biomass Renewables; Carbon Capture|Geological Storage|Biomass; GDP|MER; Land Cover; Carbon Removal|Land Use; Price|Secondary Energy|Electricity; Food Availability|Crops [per capita]; Food Availability|Livestock [per capita]; Primary Energy|Fossil|w/ CCS; Primary Energy|Fossil|w/o CCS; Land Cover|Forest,23
MESSAGEix-GLOBIOM 1.1-BMT-R12,NAVIGATE Demand-2.0°C-all_u,1,GW3,Emissions|CO2; Investment|Energy Supply; Capacity|Electricity|Wind; Capacity|Electricity|Solar|PV; Final Energy; Final Energy|Electricity; Population; Primary Energy|Coal; Primary Energy|Oil; Primary Energy|Gas; Primary Energy|Nuclear; Primary Energy|Biomass; Primary Energy|Non-Biomass Renewables; Carbon Sequestration|CCS|Biomass; GDP|MER; Land Cover; Carbon Sequestration|Land Use; Price|Secondary Energy|Electricity; Food Demand|Crops; Food Demand|Livestock; Primary Energy|Fossil|w/ CCS; Primary Energy|Fossil|w/o CCS; Land Cover|Forest|Natural Forest,Emissions|CO2; Investment|Energy Supply; Capacity|Electricity|Wind; Capacity|Electricity|Solar|PV; Final Energy; Final Energy|Electricity; Population; Primary Energy|Coal; Primary Energy|Oil; Primary Energy|Gas; Primary Energy|Nuclear; Primary Energy|Biomass; Primary Energy|Non-Biomass Renewables; Carbon Capture|Geological Storage|Biomass; GDP|MER; Land Cover; Carbon Removal|Land Use; Price|Secondary Energy|Electricity; Food Availability|Crops [per capita]; Food Availability|Livestock [per capita]; Primary Energy|Fossil|w/ CCS; Primary Energy|Fossil|w/o CCS; Land Cover|Forest,23
MESSAGEix-GLOBIOM 1.1-BMT-R12,NAVIGATE Demand-2.0°C-ele_u,1,GW3,Emissions|CO2; Investment|Energy Supply; Capacity|Electricity|Wind; Capacity|Electricity|Solar|PV; Final Energy; Final Energy|Electricity; Population; Primary Energy|Coal; Primary Energy|Oil; Primary Energy|Gas; Primary Energy|Nuclear; Primary Energy|Biomass; Primary Energy|Non-Biomass Renewables; Carbon Sequestration|CCS|Biomass; GDP|MER; Land Cover; Carbon Sequestration|Land Use; Price|Secondary Energy|Electricity; Food Demand|Crops; Food Demand|Livestock; Primary Energy|Fossil|w/ CCS; Primary Energy|Fossil|w/o CCS; Land Cover|Forest|Natural Forest,Emissions|CO2; Investment|Energy Supply; Capacity|Electricity|Wind; Capacity|Electricity|Solar|PV; Final Energy; Final Energy|Electricity; Population; Primary Energy|Coal; Primary Energy|Oil; Primary Energy|Gas; Primary Energy|Nuclear; Primary Energy|Biomass; Primary Energy|Non-Biomass Renewables; Carbon Capture|Geological Storage|Biomass; GDP|MER; Land Cover; Carbon Removal|Land Use; Price|Secondary Energy|Electricity; Food Availability|Crops [per capita]; Food Availability|Livestock [per capita]; Primary Energy|Fossil|w/ CCS; Primary Energy|Fossil|w/o CCS; Land Cover|Forest,23
MESSAGEix-GLOBIOM 1.1-BMT-R12,NAVIGATE Demand-2.0°C-ref,1,GW3,Emissions|CO2; Investment|Energy Supply; Capacity|Electricity|Wind; Capacity|Electricity|Solar|PV; Final Energy; Final Energy|Electricity; Population; Primary Energy|Coal; Primary Energy|Oil; Primary Energy|Gas; Primary Energy|Nuclear; Primary Energy|Biomass; Primary Energy|Non-Biomass Renewables; Carbon Sequestration|CCS|Biomass; GDP|MER; Land Cover; Carbon Sequestration|Land Use; Price|Secondary Energy|Electricity; Food Demand|Crops; Food Demand|Livestock; Primary Energy|Fossil|w/ CCS; Primary Energy|Fossil|w/o CCS; Land Cover|Forest|Natural Forest,Emissions|CO2; Investment|Energy Supply; Capacity|Electricity|Wind; Capacity|Electricity|Solar|PV; Final Energy; Final Energy|Electricity; Population; Primary Energy|Coal; Primary Energy|Oil; Primary Energy|Gas; Primary Energy|Nuclear; Primary Energy|Biomass; Primary Energy|Non-Biomass Renewables; Carbon Capture|Geological Storage|Biomass; GDP|MER; Land Cover; Carbon Removal|Land Use; Price|Secondary Energy|Electricity; Food Availability|Crops [per capita]; Food Availability|Livestock [per capita]; Primary Energy|Fossil|w/ CCS; Primary Energy|Fossil|w/o CCS; Land Cover|Forest,23
MESSAGEix-GLOBIOM 1.1-BMT-R12,NAVIGATE Demand-2.0°C-tec_u,1,GW3,Emissions|CO2; Investment|Energy Supply; Capacity|Electricity|Wind; Capacity|Electricity|Solar|PV; Final Energy; Final Energy|Electricity; Population; Primary Energy|Coal; Primary Energy|Oil; Primary Energy|Gas; Primary Energy|Nuclear; Primary Energy|Biomass; Primary Energy|Non-Biomass Renewables; Carbon Sequestration|CCS|Biomass; GDP|MER; Land Cover; Carbon Sequestration|Land Use; Price|Secondary Energy|Electricity; Food Demand|Crops; Food Demand|Livestock; Primary Energy|Fossil|w/ CCS; Primary Energy|Fossil|w/o CCS; Land Cover|Forest|Natural Forest,Emissions|CO2; Investment|Energy Supply; Capacity|Electricity|Wind; Capacity|Electricity|Solar|PV; Final Energy; Final Energy|Electricity; Population; Primary Energy|Coal; Primary Energy|Oil; Primary Energy|Gas; Primary Energy|Nuclear; Primary Energy|Biomass; Primary Energy|Non-Biomass Renewables; Carbon Capture|Geological Storage|Biomass; GDP|MER; Land Cover; Carbon Removal|Land Use; Price|Secondary Energy|Electricity; Food Availability|Crops [per capita]; Food Availability|Livestock [per capita]; Primary Energy|Fossil|w/ CCS; Primary Energy|Fossil|w/o CCS; Land Cover|Forest,23
POLES GECO2019,COMMIT-2°C-2020,1,GW3,Emissions|CO2; Investment|Energy Supply; Capacity|Electricity|Wind; Capacity|Electricity|Solar|PV; Final Energy; Final Energy|Electricity; Population; Primary Energy|Coal; Primary Energy|Oil; Primary Energy|Gas; Primary Energy|Nuclear; Primary Energy|Biomass; Primary Energy|Non-Biomass Renewables; Carbon Sequestration|CCS|Biomass; GDP|MER; Land Cover; Carbon Sequestration|Land Use; Price|Secondary Energy|Electricity; Food Demand|Crops; Food Demand|Livestock; Primary Energy|Fossil|w/ CCS; Primary Energy|Fossil|w/o CCS; Land Cover|Forest|Natural Forest,Emissions|CO2; Investment|Energy Supply; Capacity|Electricity|Wind; Capacity|Electricity|Solar|PV; Final Energy; Final Energy|Electricity; Population; Primary Energy|Coal; Primary Energy|Oil; Primary Energy|Gas; Primary Energy|Nuclear; Primary Energy|Biomass; Primary Energy|Non-Biomass Renewables; Carbon Capture|Geological Storage|Biomass; GDP|MER; Land Cover; Carbon Removal|Land Use; Price|Secondary Energy|Electricity; Food Availability|Crops [per capita]; Food Availability|Livestock [per capita]; Primary Energy|Fossil|w/ CCS; Primary Energy|Fossil|w/o CCS; Land Cover|Forest,23
POLES GECO2019,COMMIT-2°C-2030,1,GW3,Emissions|CO2; Investment|Energy Supply; Capacity|Electricity|Wind; Capacity|Electricity|Solar|PV; Final Energy; Final Energy|Electricity; Population; Primary Energy|Coal; Primary Energy|Oil; Primary Energy|Gas; Primary Energy|Nuclear; Primary Energy|Biomass; Primary Energy|Non-Biomass Renewables; Carbon Sequestration|CCS|Biomass; GDP|MER; Land Cover; Carbon Sequestration|Land Use; Price|Secondary Energy|Electricity; Food Demand|Crops; Food Demand|Livestock; Primary Energy|Fossil|w/ CCS; Primary Energy|Fossil|w/o CCS; Land Cover|Forest|Natural Forest,Emissions|CO2; Investment|Energy Supply; Capacity|Electricity|Wind; Capacity|Electricity|Solar|PV; Final Energy; Final Energy|Electricity; Population; Primary Energy|Coal; Primary Energy|Oil; Primary Energy|Gas; Primary Energy|Nuclear; Primary Energy|Biomass; Primary Energy|Non-Biomass Renewables; Carbon Capture|Geological Storage|Biomass; GDP|MER; Land Cover; Carbon Removal|Land Use; Price|Secondary Energy|Electricity; Food Availability|Crops [per capita]; Food Availability|Livestock [per capita]; Primary Energy|Fossil|w/ CCS; Primary Energy|Fossil|w/o CCS; Land Cover|Forest,23
POLES GECO2019,COMMIT-Bridge,1,GW3,Emissions|CO2; Investment|Energy Supply; Capacity|Electricity|Wind; Capacity|Electricity|Solar|PV; Final Energy; Final Energy|Electricity; Population; Primary Energy|Coal; Primary Energy|Oil; Primary Energy|Gas; Primary Energy|Nuclear; Primary Energy|Biomass; Primary Energy|Non-Biomass Renewables; Carbon Sequestration|CCS|Biomass; GDP|MER; Land Cover; Carbon Sequestration|Land Use; Price|Secondary Energy|Electricity; Food Demand|Crops; Food Demand|Livestock; Primary Energy|Fossil|w/ CCS; Primary Energy|Fossil|w/o CCS; Land Cover|Forest|Natural Forest,Emissions|CO2; Investment|Energy Supply; Capacity|Electricity|Wind; Capacity|Electricity|Solar|PV; Final Energy; Final Energy|Electricity; Population; Primary Energy|Coal; Primary Energy|Oil; Primary Energy|Gas; Primary Energy|Nuclear; Primary Energy|Biomass; Primary Energy|Non-Biomass Renewables; Carbon Capture|Geological Storage|Biomass; GDP|MER; Land Cover; Carbon Removal|Land Use; Price|Secondary Energy|Electricity; Food Availability|Crops [per capita]; Food Availability|Livestock [per capita]; Primary Energy|Fossil|w/ CCS; Primary Energy|Fossil|w/o CCS; Land Cover|Forest,23
POLES GECO2019,COMMIT-Bridge-No-Tax,1,GW3,Emissions|CO2; Investment|Energy Supply; Capacity|Electricity|Wind; Capacity|Electricity|Solar|PV; Final Energy; Final Energy|Electricity; Population; Primary Energy|Coal; Primary Energy|Oil; Primary Energy|Gas; Primary Energy|Nuclear; Primary Energy|Biomass; Primary Energy|Non-Biomass Renewables; Carbon Sequestration|CCS|Biomass; GDP|MER; Land Cover; Carbon Sequestration|Land Use; Price|Secondary Energy|Electricity; Food Demand|Crops; Food Demand|Livestock; Primary Energy|Fossil|w/ CCS; Primary Energy|Fossil|w/o CCS; Land Cover|Forest|Natural Forest,Emissions|CO2; Investment|Energy Supply; Capacity|Electricity|Wind; Capacity|Electricity|Solar|PV; Final Energy; Final Energy|Electricity; Population; Primary Energy|Coal; Primary Energy|Oil; Primary Energy|Gas; Primary Energy|Nuclear; Primary Energy|Biomass; Primary Energy|Non-Biomass Renewables; Carbon Capture|Geological Storage|Biomass; GDP|MER; Land Cover; Carbon Removal|Land Use; Price|Secondary Energy|Electricity; Food Availability|Crops [per capita]; Food Availability|Livestock [per capita]; Primary Energy|Fossil|w/ CCS; Primary Energy|Fossil|w/o CCS; Land Cover|Forest,23
REMIND 1.6,EMF30-Slower-to-Faster,1,GW3,Emissions|CO2; Investment|Energy Supply; Capacity|Electricity|Wind; Capacity|Electricity|Solar|PV; Final Energy; Final Energy|Electricity; Population; Primary Energy|Coal; Primary Energy|Oil; Primary Energy|Gas; Primary Energy|Nuclear; Primary Energy|Biomass; Primary Energy|Non-Biomass Renewables; Carbon Sequestration|CCS|Biomass; GDP|MER; Land Cover; Carbon Sequestration|Land Use; Price|Secondary Energy|Electricity; Food Demand|Crops; Food Demand|Livestock; Primary Energy|Fossil|w/ CCS; Primary Energy|Fossil|w/o CCS; Land Cover|Forest|Natural Forest,Emissions|CO2; Investment|Energy Supply; Capacity|Electricity|Wind; Capacity|Electricity|Solar|PV; Final Energy; Final Energy|Electricity; Population; Primary Energy|Coal; Primary Energy|Oil; Primary Energy|Gas; Primary Energy|Nuclear; Primary Energy|Biomass; Primary Energy|Non-Biomass Renewables; Carbon Capture|Geological Storage|Biomass; GDP|MER; Land Cover; Carbon Removal|Land Use; Price|Secondary Energy|Electricity; Food Availability|Crops [per capita]; Food Availability|Livestock [per capita]; Primary Energy|Fossil|w/ CCS; Primary Energy|Fossil|w/o CCS; Land Cover|Forest,23
REMIND-MAgPIE 1.7-3.0,EMF33-medium-2°C-cost100,1,GW4,Emissions|CO2; Investment|Energy Supply; Capacity|Electricity|Wind; Capacity|Electricity|Solar|PV; Final Energy; Final Energy|Electricity; Population; Primary Energy|Coal; Primary Energy|Oil; Primary Energy|Gas; Primary Energy|Nuclear; Primary Energy|Biomass; Primary Energy|Non-Biomass Renewables; Carbon Sequestration|CCS|Biomass; GDP|MER; Land Cover; Carbon Sequestration|Land Use; Price|Secondary Energy|Electricity; Food Demand|Crops; Food Demand|Livestock; Primary Energy|Fossil|w/ CCS; Primary Energy|Fossil|w/o CCS; Land Cover|Forest|Natural Forest,Emissions|CO2; Investment|Energy Supply; Capacity|Electricity|Wind; Capacity|Electricity|Solar|PV; Final Energy; Final Energy|Electricity; Population; Primary Energy|Coal; Primary Energy|Oil; Primary Energy|Gas; Primary Energy|Nuclear; Primary Energy|Biomass; Primary Energy|Non-Biomass Renewables; Carbon Capture|Geological Storage|Biomass; GDP|MER; Land Cover; Carbon Removal|Land Use; Price|Secondary Energy|Electricity; Food Availability|Crops [per capita]; Food Availability|Livestock [per capita]; Primary Energy|Fossil|w/ CCS; Primary Energy|Fossil|w/o CCS; Land Cover|Forest,23
REMIND-MAgPIE 1.7-3.0,EMF33-medium-2°C-full,1,GW4,Emissions|CO2; Investment|Energy Supply; Capacity|Electricity|Wind; Capacity|Electricity|Solar|PV; Final Energy; Final Energy|Electricity; Population; Primary Energy|Coal; Primary Energy|Oil; Primary Energy|Gas; Primary Energy|Nuclear; Primary Energy|Biomass; Primary Energy|Non-Biomass Renewables; Carbon Sequestration|CCS|Biomass; GDP|MER; Land Cover; Carbon Sequestration|Land Use; Price|Secondary Energy|Electricity; Food Demand|Crops; Food Demand|Livestock; Primary Energy|Fossil|w/ CCS; Primary Energy|Fossil|w/o CCS; Land Cover|Forest|Natural Forest,Emissions|CO2; Investment|Energy Supply; Capacity|Electricity|Wind; Capacity|Electricity|Solar|PV; Final Energy; Final Energy|Electricity; Population; Primary Energy|Coal; Primary Energy|Oil; Primary Energy|Gas; Primary Energy|Nuclear; Primary Energy|Biomass; Primary Energy|Non-Biomass Renewables; Carbon Capture|Geological Storage|Biomass; GDP|MER; Land Cover; Carbon Removal|Land Use; Price|Secondary Energy|Electricity; Food Availability|Crops [per capita]; Food Availability|Livestock [per capita]; Primary Energy|Fossil|w/ CCS; Primary Energy|Fossil|w/o CCS; Land Cover|Forest,23
REMIND-MAgPIE 1.7-3.0,EMF33-medium-2°C-limbio,1,GW3,Emissions|CO2; Investment|Energy Supply; Capacity|Electricity|Wind; Capacity|Electricity|Solar|PV; Final Energy; Final Energy|Electricity; Population; Primary Energy|Coal; Primary Energy|Oil; Primary Energy|Gas; Primary Energy|Nuclear; Primary Energy|Biomass; Primary Energy|Non-Biomass Renewables; Carbon Sequestration|CCS|Biomass; GDP|MER; Land Cover; Carbon Sequestration|Land Use; Price|Secondary Energy|Electricity; Food Demand|Crops; Food Demand|Livestock; Primary Energy|Fossil|w/ CCS; Primary Energy|Fossil|w/o CCS; Land Cover|Forest|Natural Forest,Emissions|CO2; Investment|Energy Supply; Capacity|Electricity|Wind; Capacity|Electricity|Solar|PV; Final Energy; Final Energy|Electricity; Population; Primary Energy|Coal; Primary Energy|Oil; Primary Energy|Gas; Primary Energy|Nuclear; Primary Energy|Biomass; Primary Energy|Non-Biomass Renewables; Carbon Capture|Geological Storage|Biomass; GDP|MER; Land Cover; Carbon Removal|Land Use; Price|Secondary Energy|Electricity; Food Availability|Crops [per capita]; Food Availability|Livestock [per capita]; Primary Energy|Fossil|w/ CCS; Primary Energy|Fossil|w/o CCS; Land Cover|Forest,23
REMIND-MAgPIE 1.7-3.0,EMF33-medium-2°C-nofuel,1,GW4,Emissions|CO2; Investment|Energy Supply; Capacity|Electricity|Wind; Capacity|Electricity|Solar|PV; Final Energy; Final Energy|Electricity; Population; Primary Energy|Coal; Primary Energy|Oil; Primary Energy|Gas; Primary Energy|Nuclear; Primary Energy|Biomass; Primary Energy|Non-Biomass Renewables; Carbon Sequestration|CCS|Biomass; GDP|MER; Land Cover; Carbon Sequestration|Land Use; Price|Secondary Energy|Electricity; Food Demand|Crops; Food Demand|Livestock; Primary Energy|Fossil|w/ CCS; Primary Energy|Fossil|w/o CCS; Land Cover|Forest|Natural Forest,Emissions|CO2; Investment|Energy Supply; Capacity|Electricity|Wind; Capacity|Electricity|Solar|PV; Final Energy; Final Energy|Electricity; Population; Primary Energy|Coal; Primary Energy|Oil; Primary Energy|Gas; Primary Energy|Nuclear; Primary Energy|Biomass; Primary Energy|Non-Biomass Renewables; Carbon Capture|Geological Storage|Biomass; GDP|MER; Land Cover; Carbon Removal|Land Use; Price|Secondary Energy|Electricity; Food Availability|Crops [per capita]; Food Availability|Livestock [per capita]; Primary Energy|Fossil|w/ CCS; Primary Energy|Fossil|w/o CCS; Land Cover|Forest,23
REMIND-MAgPIE 1.7-3.0,EMF33-tax-hi-full,1,GW3,Emissions|CO2; Investment|Energy Supply; Capacity|Electricity|Wind; Capacity|Electricity|Solar|PV; Final Energy; Final Energy|Electricity; Population; Primary Energy|Coal; Primary Energy|Oil; Primary Energy|Gas; Primary Energy|Nuclear; Primary Energy|Biomass; Primary Energy|Non-Biomass Renewables; Carbon Sequestration|CCS|Biomass; GDP|MER; Land Cover; Carbon Sequestration|Land Use; Price|Secondary Energy|Electricity; Food Demand|Crops; Food Demand|Livestock; Primary Energy|Fossil|w/ CCS; Primary Energy|Fossil|w/o CCS; Land Cover|Forest|Natural Forest,Emissions|CO2; Investment|Energy Supply; Capacity|Electricity|Wind; Capacity|Electricity|Solar|PV; Final Energy; Final Energy|Electricity; Population; Primary Energy|Coal; Primary Energy|Oil; Primary Energy|Gas; Primary Energy|Nuclear; Primary Energy|Biomass; Primary Energy|Non-Biomass Renewables; Carbon Capture|Geological Storage|Biomass; GDP|MER; Land Cover; Carbon Removal|Land Use; Price|Secondary Energy|Electricity; Food Availability|Crops [per capita]; Food Availability|Livestock [per capita]; Primary Energy|Fossil|w/ CCS; Primary Energy|Fossil|w/o CCS; Land Cover|Forest,23
REMIND-MAgPIE 1.7-3.0,EMF33-tax-hi-none,1,GW4,Emissions|CO2; Investment|Energy Supply; Capacity|Electricity|Wind; Capacity|Electricity|Solar|PV; Final Energy; Final Energy|Electricity; Population; Primary Energy|Coal; Primary Energy|Oil; Primary Energy|Gas; Primary Energy|Nuclear; Primary Energy|Biomass; Primary Energy|Non-Biomass Renewables; Carbon Sequestration|CCS|Biomass; GDP|MER; Land Cover; Carbon Sequestration|Land Use; Price|Secondary Energy|Electricity; Food Demand|Crops; Food Demand|Livestock; Primary Energy|Fossil|w/ CCS; Primary Energy|Fossil|w/o CCS; Land Cover|Forest|Natural Forest,Emissions|CO2; Investment|Energy Supply; Capacity|Electricity|Wind; Capacity|Electricity|Solar|PV; Final Energy; Final Energy|Electricity; Population; Primary Energy|Coal; Primary Energy|Oil; Primary Energy|Gas; Primary Energy|Nuclear; Primary Energy|Biomass; Primary Energy|Non-Biomass Renewables; Carbon Capture|Geological Storage|Biomass; GDP|MER; Land Cover; Carbon Removal|Land Use; Price|Secondary Energy|Electricity; Food Availability|Crops [per capita]; Food Availability|Livestock [per capita]; Primary Energy|Fossil|w/ CCS; Primary Energy|Fossil|w/o CCS; Land Cover|Forest,23
