Territorial emissions in MtCO₂,Afghanistan,Albania,Algeria,Andorra,Angola,Anguilla,Antigua and Barbuda,Argentina,Armenia,Aruba,Australia,Austria,Azerbaijan,Bahamas,Bahrain,Bangladesh,Barbados,Belarus,Belgium,Belize,Benin,Bermuda,Bhutan,Bolivia,"Bonaire, Saint Eustatius and Saba",Bosnia and Herzegovina,Botswana,Brazil,British Virgin Islands,Brunei Darussalam,Bulgaria,Burkina Faso,Burundi,Cambodia,Cameroon,Canada,Cape Verde,Cayman Islands,Central African Republic,Chad,Chile,China,Colombia,Comoros,Congo,Cook Islands,Costa Rica,Croatia,Cuba,Curaçao,Cyprus,Czech Republic,Côte d'Ivoire,Democratic Republic of the Congo,Denmark,Djibouti,Dominica,Dominican Republic,Ecuador,Egypt,El Salvador,Equatorial Guinea,Eritrea,Estonia,Ethiopia,Faeroe Islands,Falkland Islands (Malvinas),Fiji,Finland,France,French Guiana,French Polynesia,Gabon,Gambia,Georgia,Germany,Ghana,Gibraltar,Greece,Greenland,Grenada,Guadeloupe,Guatemala,Guinea,Guinea-Bissau,Guyana,Haiti,Honduras,Hong Kong,Hungary,Iceland,India,Indonesia,Iran,Iraq,Ireland,Israel,Italy,Jamaica,Japan,Jordan,Kazakhstan,Kenya,Kiribati,Kosovo,Kuwait,Kyrgyzstan,Laos,Latvia,Lebanon,Lesotho,Liberia,Libya,Liechtenstein,Lithuania,Luxembourg,Macao,Madagascar,Malawi,Malaysia,Maldives,Mali,Malta,Marshall Islands,Martinique,Mauritania,Mauritius,Mexico,Micronesia (Federated States of),Moldova,Mongolia,Montenegro,Montserrat,Morocco,Mozambique,Myanmar,Namibia,Nauru,Nepal,Netherlands,New Caledonia,New Zealand,Nicaragua,Niger,Nigeria,Niue,North Korea,North Macedonia,Norway,Occupied Palestinian Territory,Oman,Pakistan,Palau,Panama,Papua New Guinea,Paraguay,Peru,Philippines,Poland,Portugal,Qatar,Republic of South Sudan,Romania,Russian Federation,Rwanda,Réunion,Saint Helena,Saint Kitts and Nevis,Saint Lucia,Saint Pierre and Miquelon,Saint Vincent and the Grenadines,Samoa,Sao Tome and Principe,Saudi Arabia,Senegal,Serbia,Seychelles,Sierra Leone,Singapore,Slovakia,Slovenia,Solomon Islands,Somalia,South Africa,South Korea,Spain,Sri Lanka,Sudan,Suriname,Swaziland,Sweden,Switzerland,Syria,Taiwan,Tajikistan,Tanzania,Thailand,Timor-Leste,Togo,Tonga,Trinidad and Tobago,Tunisia,Turkey,Turkmenistan,Turks and Caicos Islands,Tuvalu,Uganda,Ukraine,United Arab Emirates,United Kingdom,United States of America,Uruguay,Uzbekistan,Vanuatu,Venezuela,Vietnam,Wallis and Futuna Islands,Western Sahara,Yemen,Zambia,Zimbabwe
1990,2.0243,5.5206,76.7376,0.4067,5.0899,0.047632,0.24182,112.0791,8.9475,0.48731,278.1603,62.1672,51.1512,2.0225,11.5557,14.0816,1.2753,108.3451,120.2928,0.31144,0.57935,0.50197,0.18573,10.0069,0.064657,19.8862,2.7004,218.658,0.065952,5.4557,76.638,0.58258,0.20885,1.2604,2.6048,458.5031,0.17954,,0.1832,0.37739,32.9081,2484.8548,56.8977,0.065952,1.0079,0.043968,2.913,22.9747,29.6484,4.8239,4.6449,164.2504,4.7815,4.249,53.477,0.29678,0.058624,8.936,16.4578,75.2175,2.4751,0.062288,,36.9196,2.9865,0.70349,,0.80122,56.915,393.4307,,0.46899,4.4847,0.19786,15.9484,1054.7406,3.5138,,83.438,0.62471,0.10626,,4.9722,1.0039,0.17221,1.1285,0.995,2.5047,27.1477,73.3768,2.2228,577.996,155.0808,209.9437,49.057,32.9444,35.8244,438.9043,7.5272,1157.1956,10.4764,268.1731,5.819,0.021984,,37.807,18.9976,0.51296,19.6627,7.8682,1.4729,0.45613,36.5138,0.19897,35.7377,11.8155,1.0332,0.9443,0.74033,54.2694,0.17221,0.42224,2.4274,,,0.85371,1.4619,317.0424,,36.2395,9.7911,1.962,0.029312,22.298,1.0254,4.2357,,0.12458,0.72144,162.6651,1.5764,25.5025,2.0439,0.5988,38.8573,0.007328,118.3789,11.1066,35.003,0.86104,11.2224,67.8274,,2.632,2.1544,2.1356,21.4008,41.3495,376.6413,45.2788,11.4112,0.43389,176.5069,2536.2477,0.52386,,0.007328,0.10626,0.17954,0.0916,0.080608,0.087936,0.047632,208.497,3.1388,57.8275,0.15022,0.4983,43.5356,61.4728,15.0945,0.14656,0.7822,312.9302,250.5108,230.5002,3.8308,4.7689,1.7374,0.95997,57.5099,44.161,37.0453,124.184,11.9651,2.1123,86.5633,,0.97764,0.084272,16.9812,13.4832,151.615,31.7025,0.062288,0.003664,0.76085,706.2269,51.7038,601.9451,5120.9572,3.9673,103.7834,0.065952,121.823,21.2986,0.01832,,9.5202,2.4071,15.5516
1991,1.9143,4.2902,78.8068,0.4067,5.0641,0.047632,0.24915,117.5057,7.3078,0.53128,279.534,65.7657,49.7522,1.9969,11.3912,14.742,1.4182,104.0717,123.3626,0.4067,0.61965,0.53861,0.18574,10.4952,0.051594,14.0694,2.6344,229.394,0.07328,7.2108,61.4563,0.62654,0.23816,1.3044,2.6684,450.1596,0.16488,,0.19053,0.38472,30.8918,2606.0962,56.6541,0.065952,1.0828,0.043968,3.2879,16.9852,27.1702,3.8494,5.1332,148.8833,4.3089,3.2804,64.1046,0.30045,0.058624,9.5383,16.1572,77.2958,3.1547,0.065952,,34.1472,2.9585,0.65586,,0.65503,55.188,417.775,,0.46899,4.5217,0.19786,15.8722,1016.8703,3.9019,,83.4075,0.6099,0.10992,,4.9511,1.0259,0.17587,1.1065,0.97614,2.527,28.4631,69.7019,2.1036,615.365,174.865,221.8339,45.1854,33.6743,36.1485,438.3857,7.751,1168.8973,9.9039,261.0659,4.8343,0.021984,,14.9164,15.6565,0.54594,17.9207,8.1152,1.5279,0.37455,42.6198,0.20633,37.8204,12.4349,1.0919,1.0249,0.78761,65.7851,0.15389,0.42589,2.2718,,,0.86837,1.5206,330.1332,,29.2737,11.9598,1.3881,0.029312,23.6882,0.94146,4.1374,1.0552,0.12458,1.0263,171.1106,1.7586,26.1825,1.9863,0.56622,41.9292,0.007328,112.8191,7.7945,33.458,0.88302,11.5948,67.4771,,3.1045,2.1691,2.1034,20.7579,43.4719,373.6228,47.0971,17.3805,0.40642,142.2082,2406.7557,0.47214,,0.007328,0.10626,0.19053,0.10259,0.084272,0.095264,0.047632,288.5455,3.3792,40.9582,0.17221,0.55693,44.2355,53.2864,13.9734,0.15755,0.70392,326.0267,275.6882,240.2307,4.1382,4.4665,2.0231,0.87203,57.7396,46.1369,42.2008,133.604,9.658,2.2553,95.0448,,1.0498,0.087936,16.9682,16.0055,158.1263,32.4223,0.062288,0.003664,0.77981,632.9241,56.6734,609.4127,5062.9567,4.5277,102.2889,0.065952,115.0522,21.3755,0.01832,,9.1274,2.3818,15.5015
1992,1.4821,2.5171,79.8833,0.4067,5.1644,0.047632,0.24915,121.2306,5.7237,0.53861,284.5288,60.2662,56.1744,1.8686,10.4925,15.3799,1.3618,93.483,122.4885,0.35541,0.67095,0.46166,0.21506,11.0142,0.042507,15.0287,2.7773,233.601,0.080608,6.8847,57.3065,0.63021,0.21618,1.3484,2.7123,464.0128,0.17954,,0.19419,0.4067,32.0006,2730.7876,61.4947,0.069616,1.2892,0.043968,3.7419,16.3692,20.5931,3.1714,5.5057,145.7058,3.8435,2.9068,58.3266,0.30411,0.058624,10.4182,21.9597,79.9399,3.3168,0.065952,,24.421,2.9367,0.64853,,0.73031,54.265,407.7173,,0.44701,4.9169,0.19786,15.2769,969.4742,3.2426,,84.9757,0.59581,0.11725,,5.9192,1.0589,0.17954,1.0406,0.88852,2.8033,32.9186,62.348,2.2502,655.447,199.4187,226.9349,58.8894,33.4953,42.0825,438.771,7.7087,1178.6748,11.9842,236.1311,5.5365,0.025648,,29.6484,11.0417,0.59273,14.1946,9.7269,1.5865,0.39166,37.0244,0.20695,21.1684,12.2025,1.0809,1.0028,0.78709,72.961,0.23083,0.46252,2.2936,0.076944,,0.90501,1.7074,332.7801,0.13557,20.9781,10.9426,1.4833,0.029312,24.7368,1.0272,4.8419,1.1505,0.12091,1.2329,170.9181,1.5755,28.1667,2.3726,0.52461,46.2653,0.007328,97.9816,8.3942,34.394,0.916,11.8927,72.0149,0.19786,4.1123,2.1911,2.5799,20.9858,48.2928,364.5106,50.9201,26.7803,0.3634,132.0112,1966.5048,0.47949,,0.007328,0.10992,0.21251,0.095264,0.084272,0.098928,0.047632,316.1747,3.4227,43.6843,0.17221,0.28213,47.4415,48.8868,13.8826,0.16122,0.66609,301.3254,299.9054,248.6318,5.1063,3.9893,2.0305,0.83173,57.5672,46.0186,42.5617,142.188,7.3081,2.1776,105.5134,,1.0305,0.069616,19.1028,15.275,164.0649,31.9942,0.065952,0.003664,0.79779,589.2828,57.7571,593.8459,5174.2275,5.1429,110.9843,0.065952,105.5768,21.4665,0.01832,,9.8736,2.4247,16.7135
1993,1.4869,2.338,81.944,0.41037,5.7484,0.05496,0.25648,117.7775,2.5102,0.64853,288.8735,60.6921,48.4061,1.7441,16.84,16.0629,1.0969,80.5618,121.4239,0.37739,0.80742,0.53861,0.18179,11.5503,0.065618,12.5806,3.195,244.306,0.084272,6.357,58.364,0.62654,0.22717,1.385,2.8658,464.5542,0.17221,,0.19786,0.40304,34.0978,2921.651,63.3378,0.07328,1.1604,0.047632,3.8909,16.8065,19.8228,4.8957,5.7493,140.124,5.093,2.6623,60.5737,0.30411,0.062288,11.2088,24.0885,92.278,3.9756,0.069616,,19.4387,2.9936,0.58258,,0.72865,56.314,388.398,,0.46899,4.9747,0.20885,9.9157,959.3672,3.8179,,84.285,0.54594,0.12091,,5.5778,1.0882,0.1832,1.0442,0.6842,2.9408,34.7778,63.5584,2.4009,677.2992,215.1087,235.6069,63.1298,33.7164,44.2345,431.1764,8.001,1171.6867,11.7743,208.2168,6.3418,0.029312,,49.1294,8.4682,0.60742,11.9228,10.3549,1.6341,0.4173,38.7083,0.21503,16.3197,12.3519,1.1798,1.0321,0.882,86.7186,0.19786,0.50281,2.8856,0.084272,,0.92699,1.7734,338.0672,0.1429,15.8458,9.193,1.2936,0.029312,26.7789,1.1403,5.303,1.3887,0.11358,1.3973,170.8633,1.8282,27.761,2.2824,0.5985,44.8142,0.007328,89.5816,7.5992,35.938,0.93432,13.2248,77.1757,0.19786,3.7849,2.1911,2.9141,23.8848,48.9288,365.1749,49.434,30.6845,0.25051,122.6938,1866.7291,0.48295,,0.010992,0.11358,0.2345,0.07328,0.10259,0.10259,0.047632,340.6424,3.5387,38.0957,0.1832,0.26381,49.6619,46.3512,14.2462,0.17221,0.62577,320.3453,330.174,240.0461,4.9754,2.7463,2.0378,0.71082,57.5609,43.6058,45.2216,153.808,5.1706,2.426,121.8551,,1.0688,0.084272,17.4112,16.6166,171.1389,27.5164,0.065952,0.003664,0.79746,510.3204,65.5656,579.6125,5272.8508,4.4392,115.6172,0.065952,123.9663,22.853,0.01832,,8.6254,2.466,16.0466
1994,1.4538,1.9238,88.6084,0.4067,11.3532,0.05496,0.26747,118.4694,2.6847,0.65952,293.7009,61.0666,41.9449,1.7697,14.443,17.538,1.1635,67.8794,124.7967,0.37373,0.91153,0.53128,0.21241,9.6383,0.062909,3.205,3.0301,254.002,0.084272,5.553,56.367,0.64486,0.2345,1.4819,4.8798,479.033,0.17587,,0.20885,0.4121,37.9749,3103.7387,67.0374,0.07328,3.3839,0.047632,5.1998,16.0498,21.3823,4.6936,5.9915,132.668,4.133,2.751,64.6733,0.30045,0.069616,11.7964,14.3068,88.3727,4.5127,1.1529,0.74383,20.0451,2.1972,0.57525,,0.72308,61.732,381.5763,,0.47998,4.5417,0.20885,6.0678,943.1848,4.5397,,86.4303,0.49591,0.1429,,6.7512,1.1248,0.1832,1.4583,0.1832,3.231,31.0793,61.889,2.3497,714.0637,219.3717,263.3274,76.4367,34.8384,47.4746,425.4282,8.1886,1226.7022,13.2496,174.9334,6.5533,0.029312,,57.1966,6.1445,0.63426,10.3712,11.1108,1.6744,0.41526,51.3599,0.20111,15.767,11.5429,1.2714,1.1522,0.90175,88.036,0.19786,0.54839,2.6583,0.084272,,0.9563,1.6232,351.8431,0.15389,12.427,7.8648,1.2567,0.032976,28.1238,1.098,6.174,1.5719,0.10992,1.6194,171.6482,1.9712,27.8998,2.518,0.57702,80.4622,0.007328,81.5803,7.9032,37.853,0.9673,17.3844,84.0183,0.19786,4.1773,2.1859,3.4043,24.1766,54.1582,360.2184,50.2067,32.3434,0.34448,120.9047,1647.6646,0.46212,,0.010992,0.12091,0.26014,0.069616,0.12091,0.095264,0.047632,333.643,3.837,37.0401,0.20152,0.2748,60.0859,43.757,14.6361,0.1832,0.61842,338.6976,355.6948,252.3,5.4352,3.8264,2.0423,1.0772,60.0145,42.6663,45.6501,161.174,2.3551,2.0631,136.87,,1.0067,0.0916,15.3494,16.135,167.5656,34.2161,0.069616,0.003664,0.70818,419.4921,75.0105,574.0169,5364.2793,4.0304,109.785,0.065952,119.7653,27.3622,0.01832,,9.9101,2.3933,17.3936
1995,1.4173,2.0891,96.7769,0.42502,12.6167,0.058624,0.27114,125.2398,3.3627,0.70715,305.0556,64.0441,33.3093,1.8393,14.8231,21.0417,1.283,60.9056,125.9363,0.37739,0.95627,0.53128,0.24897,9.0165,0.062254,3.402,3.0448,268.678,0.087936,5.8253,57.909,0.62411,0.23816,1.5555,5.3747,491.8257,0.19786,,0.20885,0.42741,41.5625,3361.6372,59.4207,0.076944,3.2247,0.047632,4.8008,16.8157,22.8351,4.6447,5.8619,131.6222,6.2253,3.0962,61.6534,0.31144,0.080608,15.107,23.4984,98.9945,4.9984,1.2271,0.82279,18.0613,2.506,0.57158,,0.7367,58.116,386.4568,,0.47266,5.2204,0.21618,2.2903,939.8971,4.624,,86.9632,0.53433,0.15022,,7.0786,1.1652,0.1832,1.5682,0.8757,3.8362,31.2671,61.6011,2.4693,760.4616,222.4105,269.2701,79.6951,35.853,49.8655,449.4302,9.1734,1239.0481,13.2081,168.2859,7.5488,0.029312,,56.1277,4.5069,0.6709,9.135,12.2547,1.7074,0.41607,54.5957,0.2042,15.0573,9.1559,1.2311,1.1924,0.9065,110.841,0.24915,0.5952,2.4521,0.087936,,1.0149,1.8283,331.1427,0.17954,11.4054,7.8371,1.3273,0.032976,28.7503,1.131,6.8926,1.6195,0.10626,2.3089,173.2011,2.0631,28.0032,2.7551,0.55814,84.3434,0.007328,76.0822,7.9252,38.458,0.94531,18.7348,83.6144,0.19786,3.653,2.0592,3.9371,25.1431,59.9646,362.6145,54.4684,33.1371,0.35608,125.7119,1619.7271,0.45476,,0.010992,0.12824,0.2748,0.069616,0.12824,0.11358,0.047632,268.1319,3.4301,39.1408,0.19786,0.2235,40.5458,44.1449,15.3542,0.19053,0.58543,361.6936,383.6655,266.0349,5.8143,3.9506,2.0606,1.0626,59.5062,43.4078,46.0825,168.887,2.4453,2.4339,153.65,,1.1747,0.095264,14.7325,16.2717,181.3553,34.5692,0.069616,0.003664,0.92548,390.0721,72.4635,566.159,5425.2597,4.5572,104.8029,0.065952,124.7308,30.0888,0.01832,,11.0625,2.1423,15.0284
1996,1.3701,2.0175,100.0394,0.45434,15.249,0.062288,0.28946,131.1348,2.5003,0.72547,311.9405,67.3886,31.2423,1.8137,16.0186,21.4928,1.339,61.7348,129.4787,0.30778,1.1838,0.52762,0.29827,10.0161,0.058235,4.2395,2.7553,289.311,0.098928,5.8787,58.4601,0.7047,0.24182,1.6313,5.9747,508.1967,0.21618,,0.21251,0.44322,48.2263,3508.8181,59.9127,0.080608,4.0374,0.051296,4.6864,17.3437,23.333,4.3448,6.2119,135.0187,7.526,3.4726,74.8997,0.30778,0.07328,16.4844,25.2999,97.9509,4.4145,1.3555,0.89848,19.0431,2.7942,0.6009,,0.79245,64.033,402.8932,,0.46899,5.8856,0.21984,4.0538,959.6533,4.8585,,89.115,0.5969,0.15389,,6.5711,1.2348,0.20518,1.6525,1.0186,3.8755,28.9085,63.1581,2.5237,823.6206,253.065,274.9262,74.7099,37.4693,51.9358,443.6567,9.6876,1251.5457,13.8254,154.505,9.2925,0.029312,,51.6269,5.6519,0.74989,9.2127,12.7528,1.7367,0.42746,53.9519,0.20596,15.74,9.2074,1.407,1.2453,0.91953,110.6328,0.28946,0.64608,2.5339,0.087936,,1.0626,1.9492,341.7647,0.1832,11.6871,7.9354,1.553,0.03664,29.5245,1.0918,7.188,1.7221,0.10259,2.3528,182.2965,2.1839,29.3042,2.8472,0.63878,97.8897,0.007328,66.2915,9.4166,41.524,1.0369,18.1082,93.539,0.19786,4.4468,2.1901,3.7188,24.7171,61.265,377.2854,51.7615,34.4237,0.36737,129.1472,1586.8221,0.46404,,0.010992,0.1319,0.29312,0.069616,0.1319,0.12458,0.047632,263.3258,3.6641,45.8247,0.2345,0.23083,48.0129,44.0261,15.9994,0.19786,0.57525,363.7323,420.9961,253.4979,6.9706,4.0837,2.0825,0.78776,63.3811,44.0991,47.1277,176.794,2.8238,2.5267,173.5658,,1.2652,0.076944,18.4583,16.6192,199.6467,31.6542,0.069616,0.003664,1.0181,351.7697,75.4122,586.7607,5612.9828,5.4052,108.1842,0.084272,118.2533,35.4815,0.021984,,11.3026,1.838,14.9089
1997,1.3042,1.543,88.3694,0.46533,15.8842,0.062288,0.31144,136.5237,3.2528,0.75845,320.3328,67.2851,29.8429,1.6085,17.2889,23.1259,1.5404,61.5884,123.9906,0.38838,1.224,0.52395,0.39011,11.7212,0.060943,8.3658,2.7993,306.949,0.10259,6.0872,55.8091,0.80401,0.24915,1.5519,5.3788,522.5773,0.22717,,0.21618,0.4531,55.942,3515.5942,65.2562,0.084272,4.8306,0.051296,4.9162,18.5565,24.809,4.5469,6.2983,130.9416,7.2112,3.0894,65.4378,0.33342,0.080608,17.2657,19.4289,111.7049,5.4157,1.9748,0.80847,18.6829,2.9802,0.5899,,0.76428,62.696,395.5119,,0.49098,5.5269,0.2235,4.4263,931.4869,5.5143,,93.8016,0.61786,0.16854,,7.5019,1.2897,0.20152,1.8064,1.3484,4.0103,30.497,61.7117,2.6194,858.0112,279.9415,267.3571,76.1739,38.805,54.8657,449.4309,10.0682,1244.251,14.0741,146.4254,8.2101,0.029312,,56.6209,5.5607,0.79241,8.6809,15.0987,1.7697,0.44619,51.779,0.21838,15.1628,8.5639,1.4876,1.5352,0.91486,119.6288,0.32976,0.72667,2.5562,0.087936,,1.0772,1.9969,362.68,0.19419,7.3013,7.6151,1.6698,0.032976,29.9776,1.1702,7.4196,1.7697,0.10259,2.6411,175.2853,1.8175,31.2783,3.1145,0.64428,95.7815,0.007328,63.6787,8.4455,41.625,0.8647,18.0535,93.7882,0.19786,4.6301,2.6148,4.128,27.7472,70.0694,367.2357,54.6271,42.1824,0.44975,118.1564,1482.2445,0.48253,,0.010992,0.1429,0.29678,0.047632,0.1319,0.12458,0.047632,221.67,3.1824,49.2646,0.2748,0.20518,56.737,44.0982,16.507,0.20518,0.53494,385.2227,444.9676,265.8322,7.5203,5.0076,2.1045,1.1432,58.3831,43.0352,49.2567,190.557,2.1501,2.8244,181.2027,,0.87899,0.098928,18.9112,17.2185,212.1082,31.1961,0.084272,0.003664,1.0619,340.5144,72.9195,562.7081,5688.1425,5.5137,109.0278,0.087936,129.667,45.5021,0.021984,,12.1714,2.3541,13.912
1998,1.2785,1.7547,106.5366,0.49098,16.5133,0.065952,0.32243,139.005,3.4191,0.80608,334.1355,66.92,31.7849,1.9896,18.3664,23.1978,1.5721,60.0734,130.2235,0.37006,1.1139,0.52029,0.3822,11.2523,0.0033639,10.5506,3.3416,317.359,0.10259,5.5953,53.1151,0.85894,0.24915,1.9627,5.3732,530.2763,0.24182,,0.21984,0.46384,57.2585,3364.5876,65.7988,0.0916,3.8693,0.047632,5.2341,19.0112,24.294,0.25098,6.5925,125.6088,6.7555,2.7333,61.2383,0.38472,0.076944,17.7882,23.0905,125.0257,5.7312,2.3023,0.58617,16.9407,3.1474,0.62288,,0.7433,59.352,413.9645,,0.48731,6.4529,0.24182,4.9392,923.467,5.5839,,98.6218,0.5972,0.17587,,8.6394,1.363,0.17221,1.8283,1.2348,4.8106,38.925,61.3129,2.6387,875.7723,244.523,303.5142,80.8372,40.709,56.0098,461.6467,9.694,1204.4025,14.2531,144.2827,9.9596,0.029312,,52.8118,5.901,0.82007,8.307,16.2865,1.8027,0.47305,51.6526,0.22924,15.9971,7.6633,1.5572,1.6191,0.90175,109.7817,0.30045,0.93432,2.5249,0.0916,,1.0699,2.1691,381.3076,0.20152,6.4438,7.6215,1.7576,0.029312,30.8812,1.1119,8.0462,1.8173,0.098928,2.2233,176.2376,1.81,29.8582,3.3927,0.69617,86.4926,0.007328,58.7493,9.6473,41.818,1.4619,18.4453,96.7407,0.19786,5.9007,3.5325,4.3839,28.0622,68.2636,339.0764,59.1686,36.8877,0.38995,104.8605,1465.2535,0.48152,,0.010992,0.15022,0.3261,0.05496,0.16122,0.1429,0.047632,213.1569,3.3336,51.8821,0.28946,0.21984,47.4122,43.8273,16.039,0.21618,0.50563,377.2625,378.0378,274.6049,7.7359,4.3594,2.1045,1.1615,58.8018,44.6137,53.1584,200.172,2.4967,2.4809,159.704,0.060535,1.29,0.087936,19.9052,17.7877,212.135,33.4455,0.087936,0.010992,1.2088,328.8076,80.1063,568.5437,5733.2806,5.6388,120.9748,0.084272,170.3671,47.8664,0.021984,,12.8429,2.2785,14.1311
1999,1.0916,2.9862,91.4491,0.51296,17.2613,0.065952,0.34442,147.6736,3.0402,0.80974,343.9592,65.6713,28.8216,2.0335,18.3148,25.075,1.6534,57.9655,124.6811,0.34808,1.4619,0.51296,0.38587,10.9395,0.025207,10.3333,3.1584,327.256,0.11358,5.9781,46.3185,0.91561,0.25282,1.8943,5.2194,544.4821,0.28946,,0.23083,0.47725,61.408,3557.2746,55.4758,0.095264,3.9156,0.051296,5.4378,20.0224,24.4671,1.8807,6.8587,116.6719,6.0919,2.1994,58.6528,0.38472,0.080608,17.8213,21.9762,128.2211,5.5879,2.5113,0.61545,15.938,3.0943,0.63021,,0.75647,58.866,412.3696,,0.53861,6.014,0.2748,4.311,895.4021,5.6132,,97.9348,0.59489,0.19419,,8.8058,1.4326,0.19419,1.832,1.2714,4.7046,42.549,61.8062,2.8414,950.4598,292.0009,371.9739,82.0428,42.4402,54.756,466.3934,9.9582,1241.0365,14.2667,119.2653,10.0706,0.029312,,54.978,4.6424,0.84584,7.7188,16.4297,1.8247,0.37614,50.2599,0.22657,13.4496,8.1176,1.5169,1.7627,0.89326,103.9865,0.42136,0.97096,2.5729,0.087936,,1.0955,2.4256,386.2703,0.19053,4.6845,7.4876,1.2119,0.03664,31.9857,1.1683,8.9336,1.6635,0.0916,3.1911,170.8543,2.0555,31.4652,3.5972,0.68156,84.9922,0.007328,64.1399,8.7827,42.591,1.3667,21.9852,99.3893,0.19786,5.6222,2.5522,4.3759,29.5624,68.1879,329.2662,66.8375,36.2481,0.4229,89.01,1494.1788,0.50262,,0.010992,0.16122,0.33709,0.05496,0.16488,0.13557,0.047632,231.4825,3.6036,35.7907,0.30411,0.17587,49.2002,43.0381,15.4125,0.21618,0.48731,374.891,410.5188,298.0747,8.5166,4.7393,2.1228,1.2384,55.9816,44.437,55.1507,207.808,2.5172,2.4588,167.2347,0.15297,1.8504,0.10992,22.5944,18.6398,207.9279,39.7969,0.098928,0.010992,1.2547,298.5789,77.3162,561.6496,5803.9178,6.6822,123.5866,0.087936,143.0497,48.5483,0.025648,,14.6877,1.7776,15.7278
2000,1.0471,3.0249,85.3986,0.52395,15.9951,0.076944,0.35541,142.7652,3.4914,2.3779,350.0077,66.1717,29.7653,2.0262,19.2338,26.5246,1.7488,54.906,126.7215,0.39571,1.4729,0.51662,0.39687,8.4339,0.066885,13.7022,3.7776,340.183,0.11725,5.3287,45.4135,1.0297,0.27114,1.9749,5.5886,567.0961,0.29678,,0.2345,0.48751,58.5026,3649.2009,56.5914,0.10259,4.2843,0.051296,5.3939,19.66,25.7755,4.9902,7.1046,127.236,6.6336,1.7047,54.3066,0.3664,0.10259,18.9916,20.9273,143.836,5.671,2.6993,0.60443,15.4817,3.4629,0.68883,,0.81485,57.01,406.5075,,0.61189,6.1282,0.2748,4.5004,898.938,5.3128,,102.9732,0.66777,0.19053,,9.7648,1.4912,0.14656,1.7477,1.6341,5.0315,40.2828,58.506,2.9332,977.5264,281.3304,364.3024,83.2655,45.2491,59.5194,470.5241,10.314,1263.7548,15.2002,143.3802,10.4088,0.03664,,54.8896,4.5753,0.9604,7.0826,15.4663,1.8503,0.39877,53.2385,0.21686,11.843,8.7036,1.6305,1.9479,0.85765,122.8781,0.45067,1.0662,2.4682,0.098928,,1.1139,2.6894,391.725,0.17954,3.573,7.4319,1.5208,0.025648,33.199,1.3219,10.2194,1.6048,0.084272,3.0374,172.0163,2.2205,32.2455,3.7213,0.68697,96.8467,0.007328,69.1649,8.4676,42.11,1.6598,23.8902,103.9395,0.20885,5.7284,2.9379,3.6061,28.6775,72.3568,317.4522,65.6114,40.3145,0.45982,93.334,1479.1425,0.51513,,0.010992,0.17221,0.34808,0.05496,0.14656,0.1429,0.047632,302.3282,3.9021,44.9502,0.3151,0.27114,48.3941,41.1388,15.0538,0.2235,0.47632,378.3069,439.9807,310.0712,10.1341,5.2763,2.1923,1.2091,54.9301,43.6142,54.1711,226.9,2.2339,2.5718,167.3521,0.21986,1.3314,0.095264,24.3663,19.5546,229.9367,39.3615,0.10992,0.007328,1.3609,285.6742,111.8131,569.0337,6010.1359,5.268,123.4773,0.087936,142.8349,53.9355,0.025648,,15.7253,1.7841,13.8182
2001,1.0691,3.2207,86.8393,0.52395,15.9085,0.084272,0.37006,134.4223,3.5327,2.4072,357.7834,70.1713,28.4155,1.9456,15.3749,31.0349,1.6519,54.003,126.0661,0.44701,1.6891,0.52762,0.38423,8.7428,0.068108,13.2628,3.8472,346.166,0.12458,5.1896,48.9219,0.99109,0.20518,2.2497,5.5624,559.147,0.34808,,0.24549,0.50559,52.9184,3728.5135,56.8482,0.10626,4.1778,0.047632,5.6666,20.7823,25.2159,5.0814,6.9785,127.1444,7.6497,1.6475,55.8967,0.3664,0.10992,19.1446,23.4078,127.6565,5.8574,3.0947,0.62635,15.8821,4.2646,0.76211,,1.0421,62.514,411.0165,,0.72547,6.48,0.30045,3.725,915.2422,5.9687,,105.3619,0.61837,0.19419,,10.2333,1.5609,0.15022,1.7441,1.4713,5.6649,37.8017,60.109,2.8654,990.9695,317.0272,386.1582,96.3323,47.6076,63.0236,470.5774,10.5764,1249.1621,15.6095,138.7685,9.2779,0.03664,,59.0507,3.8567,1.0627,7.4974,16.4066,1.876,0.41742,53.1136,0.21467,12.5937,9.2055,1.6854,1.743,0.77325,130.89,0.46166,1.1615,2.7366,0.10259,,1.1725,2.8616,407.7306,0.16488,3.7866,7.804,1.6673,0.025648,36.8057,1.554,8.8557,2.0115,0.080608,3.2361,177.1462,1.8766,34.3785,3.9217,0.64604,100.1922,0.007328,71.6645,8.288,43.498,1.3484,22.4045,105.4007,0.21618,6.9531,3.336,3.6955,25.4158,70.326,313.5006,65.1525,45.8173,0.52908,98.9879,1515.6471,0.52238,,0.010992,0.17587,0.35907,0.05496,0.17954,0.15389,0.051296,302.7028,4.2581,49.3079,0.34442,0.37006,49.2002,43.2242,16.3028,0.2345,0.4983,371.624,455.6306,311.8085,10.3264,5.9999,2.3628,1.0955,55.8376,45.0809,50.951,229.777,2.2876,3.0408,172.2668,0.11884,1.1589,0.087936,26.7564,20.4296,213.5812,34.0342,0.11358,0.010992,1.4171,303.8913,101.418,577.9706,5907.7399,5.0304,126.2212,0.0916,130.5339,60.9838,0.025648,,17.0773,1.8856,12.5087
2002,1.341,3.7483,90.6924,0.53128,16.08,0.084272,0.4067,124.4546,3.0768,2.4366,362.5365,71.9749,28.5703,2.0372,15.868,31.9812,1.6576,53.8441,126.863,0.43235,2.1101,0.55693,0.41651,10.4034,0.065661,14.1726,3.9754,347.765,0.1429,4.6699,46.0994,1.0013,0.21251,2.2057,5.3506,564.3738,0.38106,,0.24182,0.52755,54.8356,4103.0427,55.9012,0.10626,2.7203,0.040304,6.2454,21.8873,25.5236,4.8989,7.1694,123.97,7.4502,1.7343,55.5544,0.39938,0.10259,20.9491,24.8271,129.155,6.0699,2.7615,0.60063,15.3704,4.4317,0.72547,,0.87974,65.041,406.431,,0.72547,6.2503,0.29678,3.3483,898.8345,6.4833,,105.0005,0.58014,0.20518,,10.7217,1.6232,0.15389,1.7148,1.7852,5.9453,39.4851,59.086,2.9925,1021.6644,308.4859,393.4097,96.5399,46.0816,59.3014,478.002,10.2026,1278.7871,16.4204,157.5248,7.8907,0.03664,,59.9856,4.9172,1.1658,7.5214,16.2437,1.9053,0.43203,52.525,0.22002,12.666,9.9806,1.5169,1.2358,0.85624,132.0352,0.59357,1.2091,2.7472,0.10992,,1.2494,2.8836,410.5061,0.15022,4.0517,8.1966,1.7662,0.047632,37.3063,1.5371,9.3281,1.788,0.076944,2.5964,176.4661,2.3922,34.5416,3.9898,0.68466,89.9186,0.007328,68.6416,7.8337,42.553,1.1542,26.8417,112.9039,0.21251,5.8211,3.6624,3.8573,25.4394,70.2668,306.1228,69.5597,45.0667,0.67432,99.2977,1506.7879,0.51887,,0.010992,0.19786,0.35907,0.058624,0.18686,0.16122,0.058624,331.9798,4.4369,52.2299,0.34808,0.50197,47.0934,41.9781,16.5647,0.24549,0.55693,356.5231,476.0649,331.9498,10.948,7.6112,1.5601,1.0809,56.6854,43.4609,40.3496,237.326,1.8772,3.4856,184.6655,0.26188,1.3225,0.10259,28.7018,20.6802,221.2256,30.1308,0.15022,0.010992,1.4462,295.9009,84.6491,560.2732,5946.3081,4.5578,132.5752,0.084272,164.1529,69.5278,0.025648,,16.5814,1.9609,11.8958
2003,1.5596,4.3035,94.5806,0.53494,17.4844,0.087936,0.42869,133.9938,3.4556,2.5611,369.4417,77.4019,30.4876,2.0702,16.7695,33.4593,1.6995,55.088,128.2483,0.43235,2.394,0.56059,0.37622,10.968,0.065705,14.3581,3.8252,344.645,0.14656,5.5979,50.4737,1.0745,0.16122,2.3779,5.7046,581.4272,0.41403,,0.2235,0.88241,55.1002,4841.1187,57.3781,0.13557,3.2581,0.047632,6.5825,23.2131,25.9427,4.9022,7.5596,127.5717,5.3005,2.0962,60.6454,0.42136,0.11725,21.345,27.0716,149.9194,6.4349,3.1334,0.71047,17.2636,4.8702,0.7328,,1.037,72.654,412.4567,,0.78043,6.7461,0.29678,3.7315,899.8584,6.6846,,109.0667,0.6493,0.21618,,10.448,1.7001,0.19419,1.8576,1.7002,6.6868,43.2023,61.8607,2.986,1059.1595,339.3575,407.0767,101.2669,45.6841,62.4147,496.0058,10.6671,1287.2925,16.9822,175.8547,6.6974,0.040304,,62.3362,5.3755,1.221,7.727,18.529,1.9309,0.46432,55.4773,0.22935,12.6594,10.4525,1.5316,1.6921,0.9185,153.3843,0.50563,1.2458,2.9608,0.10626,,1.2897,3.0594,436.1797,0.16122,4.4043,7.931,1.8892,0.03664,36.5701,1.8555,9.9971,1.8833,0.065952,2.8104,179.8969,2.7256,36.241,4.3352,0.7437,100.0877,0.003664,70.1392,8.5298,43.9,1.2787,34.3559,117.491,0.21251,6.09,4.0571,4.0315,24.6756,70.287,318.9497,64.4558,46.515,0.75335,103.818,1537.0183,0.5091,,0.010992,0.19786,0.37739,0.062288,0.19786,0.15755,0.065952,333.9907,4.9275,55.8235,0.34075,0.53494,49.4347,42.3027,16.2715,0.25648,0.56059,404.4097,485.2128,336.3322,10.953,8.4903,1.5378,1.0039,57.2922,44.6461,54.9779,248.248,2.0709,3.6872,191.0877,0.24853,1.8047,0.11725,32.3913,21.1424,236.7656,40.5676,0.15755,0.010992,1.5127,307.2454,106.4431,571.6188,6010.1455,4.5269,130.2944,0.084272,154.2622,77.2616,0.025648,,18.4816,2.0744,10.6096
2004,1.2372,4.1767,91.7142,0.56059,17.0157,0.10259,0.45067,156.7124,3.6912,2.6161,382.8735,77.6992,32.253,2.0482,17.8835,35.9454,1.7202,58.2535,128.7708,0.39205,2.5936,0.58258,0.30791,11.0319,0.068938,15.4625,3.8948,361.434,0.15389,5.6406,49.5258,1.1001,0.19786,2.4439,5.6985,579.6894,0.42502,,0.21984,0.90253,59.2284,5217.3509,54.6468,0.14656,3.5486,0.05496,6.8417,22.8849,25.2212,5.1434,7.7887,128.2916,7.3863,2.0282,55.1,0.4067,0.1429,17.3332,29.2581,152.5757,6.2538,6.1374,0.76902,17.3275,5.1586,0.74746,,1.3409,68.939,413.6634,,0.76944,6.3863,0.31877,4.2718,885.6325,6.4506,,109.4853,0.6395,0.20518,,11.1803,1.7624,0.20152,1.9273,1.652,7.1942,41.5694,60.2517,3.1098,1125.0963,343.0215,437.6789,112.8031,46.1668,58.6792,501.6316,10.5742,1282.6859,18.6707,186.3557,7.5898,0.040304,0.1642,65.6307,5.8082,1.2825,7.7321,17.2084,1.9822,0.54647,56.8504,0.22939,13.2542,11.8217,1.7148,1.8044,0.90168,169.6783,0.66685,1.407,2.8491,0.11725,,1.385,3.0888,438.7995,0.1429,4.6134,8.5011,2.0413,0.047632,42.2256,1.864,12.5655,1.9712,0.065952,2.5824,181.7804,2.5149,35.8357,4.3778,0.79182,94.837,0.003664,71.722,8.2258,44.236,2.1947,29.0231,129.6235,0.21618,5.711,4.6944,4.0613,28.3341,72.8061,323.7941,67.3033,47.3204,0.95198,103.2769,1543.9571,0.51576,,0.010992,0.21251,0.40304,0.058624,0.21984,0.16488,0.07328,401.0132,5.2382,60.1667,0.37006,0.52029,46.8589,42.7924,16.7046,0.2748,0.56059,449.307,491.3894,353.011,12.1474,10.8343,1.5558,1.0003,56.5169,45.2314,51.2866,257.883,2.5605,4.2213,207.3307,0.497,1.7439,0.10992,32.7113,22.0946,244.7686,49.3551,0.16122,0.010992,1.6075,310.6258,111.7026,573.4298,6112.6546,5.5648,129.0976,0.058624,142.7669,88.9392,0.025648,,19.9772,2.1041,9.4286
2005,1.8895,4.2614,110.9925,0.57525,15.3868,0.10992,0.47998,161.1892,4.3762,2.7187,386.2054,79.0974,34.1936,1.9053,19.8041,37.6766,1.7625,59.3103,125.6279,0.42136,2.4897,0.58258,0.39586,12.3126,0.068326,16.046,4.0927,364.371,0.16488,5.4285,50.5982,1.1221,0.15389,2.7736,5.4239,574.7636,0.44701,,0.21618,0.9257,61.1275,5882.1429,60.1616,0.1429,4.3521,0.062288,6.7234,23.34,26.2118,5.0977,7.9573,125.6907,7.5644,2.2884,51.5349,0.41403,0.15022,17.9405,30.5896,168.2168,6.2977,6.208,0.76895,17.0968,4.9561,0.72181,,1.0823,57.047,416.1511,,0.82806,6.2231,0.32243,5.0139,865.4707,6.1131,,113.889,0.6436,0.21618,,12.1093,1.8247,0.21251,1.6195,1.7243,6.8349,43.7306,60.4007,2.9785,1185.6742,347.617,462.0028,114.0197,48.1562,56.5241,502.3466,10.4165,1290.1446,20.4368,200.042,8.5549,0.047632,0.16249,74.4264,5.5191,1.337,7.8117,16.6502,2.0115,0.65057,60.6685,0.22899,13.8626,12.0796,1.8283,1.7411,0.84898,169.9673,0.6009,1.4546,2.6567,0.11358,,1.4373,3.2939,463.644,0.11725,4.9375,8.5151,1.7508,0.040304,44.6608,1.7697,11.555,2.312,0.062288,2.9868,177.8591,2.8097,37.4234,4.2701,0.69119,101.4742,0.003664,75.0102,8.5957,43.263,2.7407,31.5967,134.6923,0.21984,6.9713,4.9802,3.7799,30.3211,73.3032,322.7651,69.6346,47.5507,0.91201,101.8371,1562.5769,0.51422,,0.010992,0.19786,0.38838,0.062288,0.21984,0.16854,0.076944,402.8477,5.5389,51.6341,0.38106,0.42502,41.5864,42.7985,16.9324,0.28213,0.56426,416.2012,498.6883,368.3381,11.9352,10.5278,1.5885,1.0149,53.8753,45.7783,50.751,266.46,2.4395,5.3558,214.3251,0.32115,1.7216,0.11358,38.2268,22.549,264.8706,47.9287,0.19053,0.010992,2.0179,313.5306,114.3994,570.3384,6132.1833,5.7267,121.5999,0.058624,148.3106,95.8457,0.029312,,21.6616,2.2425,10.6985
2006,2.1593,3.9107,105.8962,0.54594,17.1448,0.12091,0.51662,174.2099,4.4016,2.715,392.4363,76.8174,34.5218,1.854,19.4211,41.6892,1.7752,61.7436,123.873,0.44334,3.3511,0.65219,0.39351,12.3323,0.07121,17.3868,4.133,368.871,0.17954,7.1437,51.8366,1.3601,0.1832,2.9972,5.4859,568.5845,0.49464,,0.22717,0.96095,64.0519,6494.3381,62.3044,0.16488,4.7859,0.065952,7.0067,23.5468,26.8182,5.3129,8.185,126.5551,6.8872,2.3525,59.5002,0.41403,0.1429,19.1119,29.6898,179.1941,6.7178,6.1816,0.54895,16.4449,5.3182,0.67784,,1.2027,68.371,406.3098,,0.82074,5.5425,0.34808,6.093,877.4977,8.5232,,112.4195,0.66285,0.23083,,12.1766,1.8906,0.21618,1.5096,1.752,7.6982,41.9148,59.7098,3.1558,1292.4846,346.6335,496.0705,98.564,47.6044,62.149,496.9344,11.5772,1267.1184,20.5264,220.5747,9.5655,0.047632,0.16078,76.0472,5.4606,1.7573,8.3109,14.7924,2.0372,0.67273,55.7442,0.23112,14.1958,11.911,1.6195,1.6747,0.84798,170.1664,0.74379,1.5352,2.6675,0.12091,,1.5501,3.6274,474.7442,0.11358,5.0297,9.2812,2.0628,0.040304,46.2494,1.9156,12.8135,2.3376,0.043968,2.4565,172.9913,2.7066,37.3295,4.4181,0.6711,89.9501,0.003664,76.1702,8.6507,43.842,2.2644,40.1669,143.5507,0.22717,7.524,5.0509,3.9087,28.1973,66.5537,336.5727,64.8428,59.63,0.99867,104.296,1623.0019,0.51442,,0.010992,0.20152,0.41037,0.065952,0.21618,0.17221,0.084272,439.1169,4.4224,60.8383,0.38472,0.57891,42.3082,42.5638,17.1784,0.28946,0.56426,446.77,503.4782,359.6534,11.7925,11.5114,1.7386,1.0149,53.7381,45.3677,53.6637,276.159,2.6552,5.8762,215.8247,0.31671,1.5005,0.12824,42.727,22.9699,282.3683,49.4996,0.21618,0.010992,2.3834,333.0616,121.7051,567.8457,6052.6862,6.5971,124.9005,0.047632,155.5969,99.6523,0.029312,,23.791,2.2311,10.3655
2007,2.7999,3.949,109.8894,0.53861,17.5879,0.12458,0.53494,173.4821,5.1002,2.8213,399.6763,74.1178,30.0368,1.8723,26.7711,42.6421,1.8022,60.2181,120.4633,0.47632,3.931,0.72914,0.39352,12.6954,0.080165,17.4743,4.2283,390.573,0.18686,8.0767,55.6837,1.5908,0.20152,3.4711,7.4094,593.7553,0.50563,,0.23083,1.089,70.4764,6983.5767,60.4915,0.10626,4.2593,0.065952,7.9607,24.8597,26.2042,5.981,8.5035,128.3821,6.6533,2.6242,54.7094,0.46166,0.17221,19.9929,34.2792,188.805,6.8456,5.724,0.56336,19.9421,5.8396,0.68883,,1.1404,66.76,396.1982,,0.81341,5.0376,0.34808,6.3617,850.2298,8.9819,,114.5457,0.65379,0.23816,,12.1449,1.9676,0.23083,1.7807,1.7724,8.2164,43.5724,58.6313,3.4951,1392.506,387.858,502.5654,61.0862,47.6641,62.7999,490.6533,10.7492,1302.8368,21.4365,226.7447,9.8236,0.047632,0.16613,77.1583,6.5223,1.8354,8.6387,13.7461,2.0738,0.62512,51.5953,0.20079,15.4751,11.3069,1.363,1.735,0.91947,175.4508,0.78043,1.788,2.7314,0.12458,,1.7576,3.686,473.7479,0.1319,4.9786,11.9578,2.0555,0.040304,48.9127,2.1889,12.8411,2.2644,0.043968,2.5703,172.7467,2.9268,36.4098,4.5507,0.70955,81.9405,0.003664,63.4781,9.0134,45.588,2.323,45.0684,155.4022,0.25282,7.3496,6.5811,4.0416,34.306,70.7959,335.9202,62.3546,59.383,1.1732,109.0196,1623.7813,0.54218,,0.010992,0.21618,0.42502,0.065952,0.2345,0.17954,0.084272,394.1028,4.8625,59.5544,0.40304,0.48731,30.7813,40.9715,17.3429,0.30045,0.60822,465.0446,521.7087,367.3991,12.1519,13.5247,1.7564,1.0406,52.9941,43.3629,66.6603,279.8,3.2271,5.7061,224.0826,0.28807,1.5168,0.11358,45.5821,24.591,313.6934,49.1829,0.25282,0.010992,2.71,336.8196,133.1245,559.5665,6130.1228,5.9475,123.8208,0.098928,153.9621,101.4295,0.029312,,23.5707,2.2943,9.8352
2008,4.2545,4.397,111.0874,0.53861,18.7502,0.12458,0.53861,187.2435,5.5748,2.6564,404.2557,73.4955,33.0365,1.9163,29.6813,45.3009,2.0815,62.8364,120.17,0.43602,3.919,0.64853,0.42215,12.9652,0.077107,19.9586,4.5031,412.638,0.19419,9.1656,54.0225,1.7335,0.20885,3.8667,7.3206,576.8087,0.46899,,0.16488,0.87246,70.5525,7501.4978,66.964,0.10992,4.2703,0.065952,7.9899,23.5944,28.1083,5.7529,8.7157,122.951,6.7126,2.6866,51.2563,0.4983,0.16854,20.3318,30.3144,197.7277,6.4047,5.9417,0.40936,17.8224,6.4176,0.63021,,0.84604,58.621,389.4273,,0.83539,5.3789,0.36274,5.3088,852.8579,8.3243,,111.0804,0.6774,0.25282,,10.8932,1.9969,0.22717,1.7074,1.7606,8.5329,42.7906,57.3263,3.8128,1489.4375,365.7183,522.5571,93.9382,47.3628,67.9802,479.0772,10.7796,1232.0142,20.718,226.831,10.2328,0.047632,7.3621,84.2811,7.4809,2.1313,8.1989,17.4178,2.1251,0.5308,53.5018,0.21954,14.9187,11.1725,1.1322,1.78,0.99837,192.8471,0.84272,1.9566,2.6904,0.12824,,1.8344,3.7666,473.1073,0.10992,5.1904,11.9178,2.6051,0.047632,51.3691,2.1799,9.7721,2.704,0.043968,3.3518,175.711,2.848,37.5084,4.3655,0.79215,87.2737,0.007328,70.3295,8.9365,44.675,2.0518,47.1814,153.9217,0.20518,7.3346,5.5446,4.278,35.2986,77.3306,329.5671,60.0279,61.6369,1.2391,107.8945,1652.0645,0.52782,,0.010992,0.21618,0.42502,0.065952,0.21984,0.16122,0.084272,440.3436,4.7403,51.7782,0.41403,0.50563,46.705,41.3643,18.2785,0.30778,0.6009,495.1708,532.6508,335.8873,11.9873,14.1376,1.9316,1.0223,50.8669,44.7058,67.7556,266.594,2.896,5.9113,224.2487,0.28513,1.5228,0.12091,44.4646,25.5408,310.6221,59.4384,0.26381,0.010992,2.7796,325.9834,153.6835,544.9324,5915.1185,8.2016,128.3883,0.095264,155.5052,114.3027,0.021984,,24.4071,2.553,7.7201
2009,6.3919,4.4066,118.8563,0.51662,20.6683,0.12458,0.55693,178.111,4.3633,2.6271,407.4772,67.3153,29.1026,2.1544,28.0981,49.1481,2.0001,60.5777,107.7651,0.51662,4.2245,0.47632,0.38988,13.5381,0.078899,20.5371,3.8554,389.775,0.19419,7.7449,45.7597,1.829,0.16854,4.5571,8.555,544.1397,0.52029,,0.16122,1.216,65.9598,7891.0893,72.4606,0.13557,4.9437,0.065952,7.7478,21.8053,28.3963,5.8865,8.4702,114.999,5.6599,2.447,48.8514,0.44334,0.18686,19.7807,33.5986,206.4779,6.3125,4.9015,0.49731,14.4171,6.4534,0.57525,,0.74181,55.906,370.9657,,0.83906,5.3044,0.37373,6.1356,788.2858,6.868,,104.3198,0.5925,0.25282,,11.442,2.1105,0.2345,1.9089,1.8883,8.0304,41.5794,51.5422,3.7311,1612.2163,398.9421,536.6052,104.8154,42.1791,63.8609,424.9527,7.9338,1163.0572,21.3367,224.5497,12.3425,0.047632,8.1092,88.7166,6.7093,2.6675,7.4568,20.9576,2.2167,0.47069,53.3971,0.20537,12.8305,10.6304,1.8906,1.7064,1.0133,192.1191,0.88302,1.887,2.5263,0.1319,,2.0123,3.708,460.4174,0.14656,4.5395,13.0264,1.6818,0.043968,50.8597,2.439,10.2073,2.7627,0.040304,4.1294,170.3362,3.0358,34.6199,4.4451,0.95218,77.2292,0.003664,53.462,8.2365,43.081,2.0885,44.2525,155.4189,0.19786,8.4607,5.2646,4.5315,39.5112,76.6101,316.0212,57.1364,65.0737,1.2907,88.4822,1545.0344,0.55826,,0.010992,0.2235,0.42502,0.065952,0.27846,0.16854,0.0916,473.2149,5.2577,45.8951,0.43968,0.50197,45.2504,37.6257,16.2041,0.31877,0.59723,480.5725,537.8198,296.5003,12.9446,14.7622,1.9907,1.0589,47.2389,43.5297,62.9684,252.505,2.444,5.7672,228.8362,0.32178,2.7408,0.1319,44.4421,25.4216,316.4123,52.4624,0.2748,0.010992,2.9998,277.5934,168.0133,494.1077,5480.7257,7.9468,109.2274,0.12091,151.8482,124.4934,0.029312,,26.7767,2.9403,8.2498
2010,8.3648,4.7839,118.3533,0.51662,22.9833,0.1319,0.5496,185.8543,4.2527,2.5062,405.5122,72.0173,27.5491,2.2277,29.0754,53.9916,1.8451,62.4451,114.6041,0.53861,4.6794,0.60822,0.48777,14.7188,0.054346,21.1457,4.5373,440.269,0.21251,8.0174,47.8084,2.0364,0.29678,5.0781,8.3833,556.0621,0.55693,,0.16854,1.236,71.3475,8620.6268,76.2665,0.16122,5.4999,0.07328,7.4926,21.0182,34.1998,4.0547,8.1011,117.4907,6.2247,2.7369,49.1897,0.51662,0.17221,20.5535,36.2764,203.6076,6.3186,6.4022,0.49734,18.9754,6.3369,0.63021,,1.0918,64.081,376.5639,,0.92333,5.8361,0.42502,6.208,831.1296,8.9425,,97.3542,0.6794,0.26014,,11.0977,2.4842,0.23816,1.887,2.1368,7.9966,40.0629,52.0875,3.6274,1677.3372,445.8061,552.9531,113.5363,41.7932,68.2869,436.5343,7.6773,1214.7075,20.6153,248.8032,12.1632,0.058624,8.3547,90.8699,6.3557,3.0045,8.5553,19.9966,2.2753,0.7569,61.0856,0.19083,13.8032,11.1976,1.2348,1.8718,0.9685,199.3461,0.93432,2.0885,2.6028,0.13557,,2.0935,3.9132,456.5974,0.10259,4.8309,13.7723,2.4219,0.058624,54.3652,2.6345,13.1216,2.8396,0.043968,4.8243,182.359,3.6576,34.8104,4.4678,1.16,111.4268,0.003664,50.0911,8.1855,45.621,2.0335,51.1491,153.9087,0.20885,9.0721,4.7147,5.0218,42.5051,83.0634,334.2246,52.934,73.4216,1.3133,86.0941,1632.7832,0.58098,,0.010992,0.21984,0.48731,0.065952,0.21984,0.1832,0.10259,524.6041,6.8624,45.6964,0.44334,0.54227,43.0483,38.4086,16.4597,0.32976,0.61189,462.9997,594.3391,282.9371,13.051,15.026,2.3701,0.99661,53.1204,45.0433,61.7219,270.148,2.5364,6.923,241.019,0.31313,2.5957,0.11725,47.1118,28.1378,316.193,59.1841,0.28213,0.010992,3.5696,294.3658,184.8423,511.9046,5679.7152,6.298,107.6659,0.12091,189.3167,139.5638,0.029312,,25.7134,3.1203,8.754
2011,11.8383,5.3147,125.0946,0.49098,23.397,0.12458,0.54594,189.6761,4.9689,2.4988,404.2568,69.9093,30.2098,2.1141,28.4676,56.5563,1.9415,61.3076,105.0686,0.55326,4.4797,0.44334,0.73202,15.9487,0.069331,23.7613,4.0288,462.58,0.21251,9.5554,53.1248,2.1309,0.34075,5.2747,8.105,565.254,0.61555,,0.18686,1.2729,78.0715,9532.4091,76.2242,0.1429,5.0464,0.080608,7.3108,20.6502,29.4311,5.1727,7.7876,115.202,6.5232,3.0423,44.2369,0.47266,0.15389,21.3179,38.2639,216.9173,6.4994,6.0945,0.57782,18.9564,7.4025,0.56792,,0.99862,56.638,354.0891,,0.88669,5.8279,0.44334,7.8045,807.6139,10.3355,,94.5052,0.72608,0.25282,,11.2373,2.5941,0.24182,1.9602,2.2729,8.8603,43.1497,50.2531,3.5047,1764.7124,500.7246,566.2888,122.9373,38.0564,68.5947,424.7392,8.2556,1264.6312,21.2438,238.9877,13.4476,0.05496,8.2945,87.9167,7.6202,3.1701,7.8119,20.2641,3.0631,0.84805,55.8615,0.17678,13.961,11.1024,1.2934,2.3739,1.0562,203.4523,0.98562,2.279,2.5839,0.13923,,2.2302,3.9168,483.4047,0.11725,4.945,21.3679,2.4072,0.03664,54.8676,3.1066,15.122,2.7821,0.040304,5.2204,169.1238,3.6944,34.2651,4.8059,1.3167,125.4293,0.007328,36.1859,8.8376,44.747,2.246,56.9835,154.6509,0.21618,9.9529,5.2984,5.1987,42.1731,83.908,333.5988,51.7398,81.4933,1.2812,92.8035,1685.9096,0.64358,,0.010992,0.23083,0.48731,0.065952,0.21618,0.19053,0.098928,502.9261,7.8188,48.9571,0.4067,0.71082,34.0166,37.9886,16.3588,0.34442,0.61189,465.9078,623.4428,283.7993,14.8862,14.6684,2.755,1.0076,49.211,40.9811,58.8356,276.283,2.3407,7.5239,244.8782,0.43389,2.5039,0.10259,47.0673,26.4364,342.0573,65.1551,0.28213,0.010992,3.8241,308.3764,197.5731,469.7133,5546.1161,7.6526,116.7561,0.13557,168.4131,152.5603,0.025648,,22.5153,3.3724,10.3632
2012,10.0353,4.8501,135.6743,0.48731,25.941,0.12091,0.55693,191.2921,5.7483,1.3484,406.5797,67.2829,32.7733,2.0518,27.119,60.7078,1.8034,62.5453,102.4045,0.45067,4.4025,0.3664,0.83519,17.5353,0.084272,22.1342,5.0767,498.309,0.21251,9.4998,48.29,2.6189,0.35202,5.576,7.6034,565.7817,0.50197,,0.19053,1.7429,79.6208,9779.3544,80.2553,0.15389,5.0195,0.084272,7.2601,19.0812,29.8386,6.2874,7.2628,111.2984,8.54,2.7987,39.8613,0.48731,0.16488,21.2548,37.4088,213.7335,6.4719,6.9007,0.60823,17.7718,8.1087,0.5899,,0.96891,51.146,356.4445,,0.8757,5.6298,0.44701,8.2545,812.8155,12.6443,,91.3926,0.57976,0.27114,,11.5766,2.4219,0.24549,1.9602,2.2642,9.2183,42.7421,46.8187,3.5013,1925.6997,515.9542,588.3648,133.4211,38.2272,74.7848,404.2606,7.9128,1305.8836,23.8146,246.3453,12.5057,0.051296,7.8478,101.7661,10.0867,3.398,7.5206,22.332,3.0924,0.96265,55.2788,0.18533,14.056,10.872,1.1322,2.7442,1.0661,212.99,1.1102,2.4366,2.717,0.13557,,2.4476,3.9644,501.5688,0.12458,4.7657,34.9999,2.2131,0.040304,56.9535,3.0547,11.8185,3.3551,0.043968,5.4703,165.4818,3.7056,35.9442,4.5498,1.8445,109.0659,0.007328,37.5651,8.4858,44.228,2.2017,62.7135,154.8856,0.2235,9.7681,5.0686,5.1733,45.5087,88.6286,325.9533,49.8986,93.321,1.33,91.1267,1701.2683,0.71847,,0.010992,0.21984,0.49098,0.065952,0.23083,0.18686,0.10992,566.8255,7.3621,43.7442,0.42502,0.83173,50.7061,35.9133,15.7596,0.34808,0.60822,458.9542,627.943,278.0604,15.7981,15.2134,2.4921,1.1688,46.7121,42.2487,45.8502,272.739,2.9334,8.785,262.3476,0.5913,2.2156,0.10626,46.1759,28.4559,356.1072,66.9386,0.28213,0.010992,3.627,304.4241,207.3923,487.4768,5344.086,8.5918,118.8547,0.11725,175.7196,144.2772,0.025648,,20.3558,4.1658,11.2538
2013,9.2505,5.2875,140.7864,0.47632,25.7097,0.11725,0.55693,189.5377,5.535,0.86104,399.288,67.776,33.5552,2.0299,31.1577,61.799,1.8221,64.1256,102.7147,0.43968,4.566,0.53494,0.9182,17.769,0.084272,21.801,5.6631,532.418,0.21251,7.6261,42.5867,2.8638,0.35907,5.6367,7.8495,569.5397,0.49464,,0.11725,2.0785,81.7368,9956.3762,88.1047,0.1832,5.8923,0.084272,7.6315,18.4322,28.1249,5.9284,6.5826,106.7327,9.6798,3.9216,41.763,0.55669,0.15755,21.267,39.655,211.4189,6.0945,8.1962,0.56951,19.6604,9.781,0.64853,,1.1061,51.715,358.4874,,0.87936,5.9268,0.42502,8.0125,833.8044,12.6063,,81.7133,0.56296,0.30411,,12.8117,2.1105,0.24549,1.9053,2.7062,9.3649,44.3069,43.6696,3.4901,1995.0981,489.0551,597.9523,141.0526,37.2819,63.0953,370.2535,8.4922,1315.192,23.8182,255.1649,13.458,0.051296,7.9694,83.7233,9.7338,4.2612,7.3697,22.1634,2.334,0.87426,43.4584,0.19254,13.1542,10.3387,0.98928,3.2076,1.1459,241.6711,1.0919,2.7434,2.3792,0.13923,,2.1689,4.067,495.4852,0.13557,4.8994,43.478,2.1508,0.047632,56.6064,3.5818,12.7222,2.5677,0.047632,6.2178,164.8742,3.9701,35.2402,4.6054,2.0784,116.3448,0.007328,27.0136,7.4892,44.516,2.4373,65.2514,151.5246,0.22717,10.5133,5.4296,5.1721,43.0239,96.0359,321.927,48.1027,82.8081,1.4436,79.3656,1640.4374,0.78227,,0.010992,0.2235,0.48731,0.065952,0.21984,0.19419,0.10992,544.5636,7.8527,44.5691,0.41403,1.0479,54.9087,35.5695,15.1283,0.37373,0.63021,458.6282,634.5807,251.9403,14.5105,17.0079,3.1474,1.3996,45.2021,43.1825,34.0429,273.873,2.9069,9.687,263.7535,0.61874,1.6426,0.11358,45.8236,28.333,347.3318,64.3396,0.28579,0.010992,3.7545,297.479,213.3351,477.6113,5480.1565,7.4924,112.282,0.10992,198.427,151.438,0.021984,,27.1604,4.4162,11.6714
2014,9.1703,5.9997,151.2828,0.46166,24.7677,0.12091,0.56792,188.3965,5.6041,0.87203,393.0494,64.1759,34.3484,2.1361,30.8997,66.009,1.6901,63.6489,97.0292,0.46899,4.796,0.67051,1.0282,19.8879,0.084272,19.3118,6.8502,557.901,0.21618,8.831,45.1618,2.9115,0.34808,6.8343,8.7715,566.353,0.48731,,0.12458,2.1828,77.5899,9998.674,98.2841,0.16122,5.4696,0.080608,7.7483,17.6816,27.6083,6.7967,6.9508,104.2562,9.9032,5.067,37.5714,0.38831,0.16488,21.8006,43.7314,226.8993,6.1512,7.6722,0.56911,18.8283,12.0165,0.59723,,1.2516,47.619,327.0095,,0.85005,6.3694,0.50563,8.9387,794.7385,13.2525,,78.6365,0.52261,0.2345,,13.8271,2.1654,0.26014,1.972,2.7046,9.4812,45.4918,43.7918,3.4467,2148.3437,487.89,632.6733,137.0211,36.8532,60.2823,350.1267,7.6975,1264.0719,25.8988,274.2897,14.5315,0.058624,7.1327,75.6235,10.2364,4.4497,7.1732,23.992,2.4732,0.82146,60.6021,0.16126,12.8549,9.8235,1.2934,3.1579,1.0408,245.0497,1.3154,3.1356,2.3644,0.1429,,2.5664,4.2063,484.1137,0.13557,4.7588,29.6261,2.1068,0.047632,57.1749,8.1221,15.8493,3.678,0.051296,7.5913,157.4676,5.0091,35.438,4.7451,2.2563,122.9804,0.010992,30.5436,7.2034,44.958,2.8366,65.8966,156.5293,0.21984,10.8554,6.6598,5.4582,49.3883,101.4836,309.5824,47.885,91.1776,1.5206,79.1269,1639.9591,0.8298,,0.010992,0.23083,0.48365,0.065952,0.25282,0.20152,0.12824,612.8419,8.7244,37.208,0.458,1.1285,52.1094,33.6586,13.5613,0.32976,0.63021,471.866,629.3665,254.1797,17.42,17.5356,3.2007,0.76944,43.4734,39.2286,30.943,276.371,4.6001,9.1984,272.4877,0.62426,1.5419,0.11358,46.8917,29.6921,364.0283,62.7993,0.30778,0.010992,4.0897,257.639,209.983,438.8071,5528.6811,6.6843,107.3995,0.15755,175.9614,181.8429,0.021984,,26.4766,4.8766,11.9461
2015,9.7911,4.7121,160.0875,0.46533,26.0304,0.13923,0.58258,191.7438,5.4693,0.89768,401.3784,66.3656,34.683,2.246,32.4597,73.1576,1.6864,58.7989,101.1456,0.6412,5.3289,0.53861,1.0565,19.8865,0.095264,18.4605,5.4212,529.353,0.22717,6.9333,48.121,3.715,0.35541,8.3656,9.8507,570.6803,0.49098,,0.17954,2.3517,81.7822,9866.9514,96.7742,0.17954,5.6333,0.080608,7.406,17.8247,29.4686,7.328,6.9716,105.0223,9.5547,3.2766,35.1106,0.43164,0.17587,23.4946,41.2757,224.4797,6.6678,7.0335,0.55435,15.824,12.6964,0.60822,,1.3199,44.186,331.4144,,0.84638,6.4756,0.58258,9.7562,798.0847,14.5681,,74.9276,0.52571,0.26014,,15.9519,2.4512,0.27846,2.0033,2.6607,10.348,42.3999,46.7174,3.5437,2234.2195,539.1492,631.5812,141.9866,38.7185,62.9391,361.9359,7.9989,1223.1687,25.5499,278.6613,16.9985,0.05496,8.2906,93.6606,10.2648,9.2293,7.2635,25.7346,2.2424,0.46722,54.5507,0.15977,13.0555,9.351,1.7697,3.2275,1.0829,235.5057,1.2787,3.2816,1.6653,0.1429,,3.0025,4.2099,479.5198,0.1429,4.7818,23.2823,2.2387,0.05496,58.4952,6.7306,21.8871,3.8513,0.05496,6.9047,163.8022,4.8769,35.8121,5.431,2.2061,109.2172,0.007328,24.6235,6.7566,45.494,3.0057,67.3762,166.4329,0.20518,10.7884,6.6386,6.0476,49.2279,112.4491,312.7154,52.2034,91.1943,1.9126,78.0319,1638.6753,0.97018,,0.010992,0.2345,0.47998,0.065952,0.2345,0.22717,0.13557,678.8493,9.8454,43.7738,0.4983,1.0845,61.9253,34.4719,13.6455,0.29312,0.63021,446.221,634.1773,270.7675,19.6874,21.1895,2.7134,0.86837,43.4187,38.7256,28.6033,275.868,5.3023,9.7233,277.0987,0.58962,1.8633,0.11725,45.5597,31.418,384.9297,64.3228,0.31144,0.010992,4.5256,223.7876,225.6836,422.4608,5376.4731,6.742,103.6959,0.13557,165.8531,215.462,0.021984,,14.0835,5.065,12.255
2016,9.0676,4.632,158.4816,0.46899,23.9927,0.13923,0.59723,189.9204,5.203,0.88302,410.2536,67.2266,34.7273,2.2094,31.5595,76.2033,1.6937,58.1345,99.623,0.62654,6.494,0.61922,1.2614,21.2393,0.10259,21.7304,6.3482,492.748,0.23083,7.6329,45.3369,3.904,0.42869,10.9217,9.958,557.6897,0.49464,,0.19786,2.3744,84.2505,9765.0295,99.6857,0.21618,5.7293,0.07328,7.8559,18.109,28.1715,6.1922,7.3737,106.6809,11.9827,2.5594,36.9166,0.38013,0.17221,24.6446,39.3571,239.3856,6.5958,7.5583,0.55748,17.4892,14.4249,0.63021,,1.2597,47.248,334.0051,,0.86837,6.5217,0.5899,10.0677,801.7445,13.9173,,71.361,0.5266,0.26747,,16.9265,2.7412,0.30411,2.3747,2.9795,9.7223,43.3658,47.1785,3.4955,2354.658,540.0857,633.8269,158.8926,40.3697,61.1607,358.814,8.1634,1202.4546,24.6983,277.6957,18.1345,0.05496,8.7935,109.1263,9.6217,16.4581,7.2116,26.4415,2.2131,0.49712,51.6494,0.14984,13.1217,9.0942,1.7807,3.2678,1.2056,236.8174,1.4363,4.2346,1.3563,0.1429,,2.6271,4.3455,479.7898,0.1429,4.9037,25.6291,2.0152,0.029312,58.4575,8.5473,21.1404,4.0512,0.051296,10.0851,164.6913,5.4817,34.153,5.4061,2.1452,116.9326,0.007328,27.5719,6.6538,44.678,3.2336,65.7392,195.7915,0.21251,10.4389,7.0352,7.1934,52.7327,121.7925,323.547,50.3667,87.3851,1.7038,76.7145,1634.885,1.0483,,0.014656,0.23816,0.47632,0.065952,0.24182,0.23816,0.15022,697.4203,10.0157,45.0398,0.55326,1.1428,40.2893,34.9144,14.4584,0.28946,0.63754,456.9729,637.9141,259.6294,22.987,20.0377,2.9208,1.0552,43.4141,39.1786,26.9363,279.731,5.6925,10.2135,284.0453,0.64297,2.312,0.12458,39.8931,30.5918,405.9502,64.4503,0.32976,0.010992,4.7954,233.961,226.6047,399.4301,5252.9322,6.5212,110.1391,0.15022,152.3853,223.2039,0.025648,,10.0073,5.8643,10.5335
2017,9.868,5.293,165.0896,0.46533,22.617,0.12824,0.60456,186.8989,5.5402,0.89035,413.6555,69.6087,34.607,2.5098,32.8352,80.7418,1.6446,59.3819,99.055,0.61555,6.8042,0.63387,1.3415,22.1712,0.10259,22.1562,7.0773,497.1214,0.17954,9.3094,47.4306,4.519,0.51296,12.4755,9.5781,566.6519,0.5093,,0.21618,2.3442,84.1383,10011.1517,92.275,0.26747,5.6514,0.080608,8.029,18.744,24.9476,4.9647,7.5038,107.7766,12.0019,3.1025,34.6646,0.39176,0.15389,24.0169,39.1742,260.1106,5.9697,7.8621,0.55706,18.7384,15.5837,0.70715,,1.3619,44.654,336.8959,,0.86104,5.8792,0.59357,10.1725,785.9859,12.4377,,74.8434,0.54382,0.27846,,17.3205,3.239,0.30411,2.3268,3.1392,10.2315,42.4312,49.5803,3.6122,2426.6069,556.9442,685.4013,176.9631,39.0783,58.8416,353.4186,7.7975,1186.8023,25.8135,293.4765,17.7094,0.065952,8.0225,103.3133,9.3607,19.6838,7.2163,27.8241,2.5135,0.89087,53.437,0.15577,13.2862,9.268,1.9273,4.1189,1.2297,244.1056,1.5132,4.6564,1.5308,0.14656,,3.4199,4.536,465.6209,0.1429,5.2205,34.1354,2.1031,0.029312,61.1071,6.9054,23.6301,4.2162,0.05496,12.4298,162.2026,5.5838,35.6872,5.4613,2.2498,112.7592,0.007328,51.7358,7.1521,44.165,3.2683,69.2307,216.1584,0.21618,11.2232,6.6602,7.9325,54.859,135.1501,336.7654,55.1063,100.1113,1.4546,79.6489,1666.1212,1.1551,,0.010992,0.24182,0.49098,0.065952,0.21618,0.24549,0.13923,680.8539,10.7601,45.5296,0.57525,1.0882,40.0145,36.1141,14.6167,0.28579,0.63754,439.3801,654.5373,273.5922,22.8729,20.493,2.4264,0.98562,42.4566,38.1721,28.4437,285.247,6.858,11.2339,283.3476,0.68967,1.9914,0.13557,40.3179,31.2716,430.9009,64.3599,0.35174,0.010992,5.3879,223.0808,212.4904,387.3671,5212.1623,6.1626,108.9309,0.1429,138.2269,229.6425,0.025648,,9.6946,6.8502,9.2956
2018,10.818,4.895,171.276,0.49464,21.4345,0.1319,0.61555,180.5993,5.8258,0.87203,415.3507,66.5719,34.5758,2.4219,32.6369,82.5557,1.6556,62.1569,99.9673,0.60456,7.4345,0.69616,1.4777,22.5016,0.098928,22.075,7.5043,477.9986,0.16122,9.3445,43.4796,5.0101,0.64508,13.9338,9.6455,577.0663,0.53861,,0.21984,2.3835,84.4389,10353.9345,87.112,0.29312,6.5449,0.080608,8.0124,17.7242,23.1331,4.3125,7.3217,106.3584,10.3524,3.3751,34.609,0.43488,0.16122,25.7562,38.4291,243.9079,6.2626,6.0084,0.62301,17.8848,15.989,0.72547,,1.4101,45.73,322.0785,,0.8757,5.474,0.64853,10.0625,754.8111,15.1934,,71.7809,0.54465,0.30778,,18.5008,3.162,0.31144,2.503,3.4102,9.8613,42.6006,49.5344,3.669,2593.0579,594.1014,710.2148,183.7535,39.0126,59.9858,349.8269,8.0864,1141.6689,25.142,307.1741,18.838,0.065952,8.0447,105.5479,11.1715,20.5581,7.863,26.1602,2.3706,0.42177,54.0195,0.14295,13.4347,9.5739,1.2421,3.7913,1.723,262.2072,1.7404,4.9087,1.5467,0.14656,,3.6643,4.4591,470.2859,0.1429,5.4454,45.3156,2.3999,0.029312,62.3092,7.0102,34.0168,4.1549,0.05496,14.7987,158.1339,5.913,35.7042,5.1992,1.8034,105.5996,0.010992,47.6299,6.672,44.405,2.9591,66.1354,205.0609,0.21251,10.756,7.6069,8.4005,55.8482,141.5178,336.0809,51.3727,95.4639,1.7367,80.2797,1712.4944,1.2874,,0.010992,0.24549,0.5093,0.058624,0.24182,0.23816,0.13923,686.8963,11.3304,44.3204,0.6009,1.0292,50.0356,36.1055,14.5199,0.28946,0.63754,435.2372,670.1687,268.6005,20.0969,21.7547,2.0893,1.0332,42.0366,36.8673,32.4246,283.416,8.0605,11.8379,288.3463,0.61702,2.1652,0.13557,40.3279,31.1341,422.0586,63.7602,0.36274,0.010992,5.523,231.6638,209.2785,379.7298,5377.7974,6.571,102.2881,0.17954,100.7345,257.7223,0.025648,,11.592,7.4194,10.7146
2019,11.0816,4.8269,178.5772,0.48365,19.2222,0.14656,0.6412,178.5116,6.2841,0.89035,415.8113,67.9562,37.7379,2.4549,37.5831,100.7919,1.6667,62.0963,99.4703,0.70715,7.1161,0.59357,1.4586,22.6051,0.10992,20.8104,6.7821,473.4644,0.16488,10.7328,42.2327,5.5075,0.68883,18.2196,9.5918,578.5877,0.56059,,0.22717,2.3031,91.9771,10721.042,94.4979,0.31144,7.2902,0.084272,7.6984,17.8574,22.6188,2.2424,7.3423,101.0327,10.5351,3.5922,30.9503,0.44862,0.17221,28.3747,40.0652,256.1402,7.5496,4.638,0.64809,12.324,16.675,0.74013,,1.408,42.454,315.4497,,0.8757,5.426,0.71082,10.8866,707.4914,16.4184,,65.7595,0.55541,0.32976,,19.5017,3.921,0.32243,2.7558,3.0915,11.2188,41.9002,49.3105,3.5587,2612.888,650.9059,694.6665,189.6065,37.3258,58.6592,340.4025,7.8234,1104.5398,24.7286,275.2898,19.7992,0.065952,8.3897,108.8935,9.0463,19.5343,7.6506,25.6614,2.3889,1.0196,70.5274,0.14902,13.6778,9.7696,1.2128,4.2564,1.6365,267.4943,1.9529,5.8326,1.6488,0.14656,,3.7739,4.5214,468.3221,0.14656,5.495,47.2545,2.4769,0.021984,68.7431,7.1011,33.6169,4.1111,0.05496,13.5749,152.5094,5.6729,36.8789,5.2226,2.5134,127.3376,0.007328,52.7642,7.6468,42.793,3.2654,59.2217,206.0612,0.21984,13.3808,7.8171,8.1367,58.365,144.16,317.6825,47.494,101.019,1.7807,76.8852,1705.0309,1.3727,,0.014656,0.25282,0.50197,0.065952,0.22717,0.27114,0.1429,707.1252,12.713,44.2785,0.59357,1.0039,33.7784,33.7785,14.0394,0.29312,0.63754,465.4293,646.1023,250.6608,21.2322,21.7725,2.6358,1.1212,41.006,36.7269,28.6771,273.954,8.8568,13.7433,281.8703,0.67543,2.415,0.16122,40.7829,30.3535,402.6923,65.3246,0.36274,0.010992,5.7319,221.9432,219.5566,364.7533,5262.1451,6.4899,108.4291,0.16488,87.6116,341.7888,0.025648,,11.8372,7.7508,9.7754
2020,11.8881,5.0189,169.8928,0.37373,16.7648,0.1429,0.61922,166.8796,6.799,0.89035,396.6852,62.1213,36.1492,2.1837,37.3959,93.615,1.2335,59.0556,91.1014,0.61333,7.7447,0.458,0.91976,18.3263,0.11358,20.8318,5.551,444.5043,0.16122,11.1019,36.5336,5.1941,0.73577,19.0342,9.7016,522.8453,0.51662,,0.23816,2.2792,80.1782,10914.0122,89.7313,0.38106,7.3915,0.065952,6.7632,16.8705,21.2771,1.8064,6.9109,91.6974,11.0186,3.7097,28.2997,0.38245,0.15755,23.5016,32.9094,227.638,6.5945,5.5248,0.64091,9.2389,17.8101,0.75845,,1.041,37.735,281.539,,0.84638,5.9288,0.69982,10.5745,647.2523,19.1682,,55.6198,0.53715,0.28946,,17.3369,4.4994,0.29678,3.1884,2.5126,9.5261,33.4971,47.3355,3.3396,2421.5523,605.9845,679.0072,159.8403,35.1238,55.6975,303.2813,6.4626,1039.7959,21.1288,255.4865,21.9824,0.065952,8.4514,97.7124,8.3488,19.6749,6.9999,22.2796,2.1728,0.76942,47.0681,0.14193,13.5387,8.0677,1.0332,3.9639,1.8708,269.2487,1.6488,6.4185,1.5972,0.14656,,4.1183,3.8069,442.2891,0.14656,5.2412,37.0768,2.4072,0.021984,64.5608,6.3761,34.6098,3.6818,0.051296,14.9024,136.6846,5.1092,34.2373,4.7484,2.8167,123.8222,0.007328,49.8143,6.9543,41.231,3.3269,65.4289,200.6028,0.21251,10.3243,7.7239,7.3663,46.9652,132.851,302.4371,41.6952,102.5012,1.6928,74.0265,1632.9293,1.3718,,0.01832,0.23083,0.48365,0.062288,0.24549,0.24182,0.13923,610.773,10.821,45.1698,0.60822,1.0259,54.8134,31.0966,12.8549,0.28946,0.59723,434.8286,597.6343,213.6254,20.6247,20.5275,2.9179,1.0919,36.6865,34.2352,26.3127,271.7888,9.2989,14.1687,271.852,0.64649,2.3812,0.1832,35.0297,28.4935,412.9269,67.6975,0.35907,0.010992,5.5384,206.8238,216.7683,326.2632,4714.628,6.4772,109.632,0.20152,61.9562,363.3427,0.025648,,10.884,8.1443,7.8496
2021,12.2831,4.9037,180.2252,0.36305,17.5057,0.1377,0.59669,189.7441,7.0641,0.85797,386.6069,66.0186,38.3336,2.1007,38.1225,98.7603,1.2264,60.9382,95.6681,0.70206,8.3125,0.44134,1.0622,21.726,0.10945,19.938,6.1364,497.2063,0.15535,11.3018,42.2819,5.8787,0.8,20.1304,10.2977,537.1737,0.55886,,0.24923,2.4666,89.0367,11336.2339,95.7652,0.41513,7.2559,0.068819,7.6554,17.4106,20.9404,1.7406,7.0294,96.6652,11.7294,3.9407,29.6083,0.45484,0.15182,23.7848,39.7317,246.8844,7.4876,5.6291,0.70043,10.4199,18.9195,0.73677,,1.0857,37.947,306.7758,,0.88317,5.8804,0.75703,11.0561,678.7989,20.9661,,57.5563,0.56672,0.32984,,19.683,4.8672,0.32105,3.5639,2.4254,10.8349,32.7755,48.5639,3.5101,2674.2219,615.9234,688.0763,168.5863,37.5473,54.8491,337.2299,6.6084,1062.1292,22.6673,255.1429,24.4576,0.068819,8.0883,103.2828,9.4338,23.367,7.2405,23.4718,2.4805,0.86525,63.9258,0.14588,13.8297,8.4297,1.0688,4.2667,2.0784,278.8612,1.7205,6.9282,1.6067,0.15293,,4.455,4.0908,468.7913,0.15293,5.597,38.2567,2.3048,0.021184,72.641,7.1903,35.6193,3.7323,0.053526,15.6283,139.907,4.5368,34.318,5.3841,3.039,131.1133,0.0076465,51.3363,7.6889,41.028,3.4277,70.8684,223.4501,0.22175,11.7076,7.9462,9.2644,56.4701,142.7538,331.0772,39.9383,107.2181,1.8441,77.1906,1711.9933,1.5534,,0.017654,0.22244,0.46606,0.060022,0.23656,0.25234,0.14571,631.4373,11.5402,43.9058,0.66261,1.1098,55.8307,35.1668,13.06,0.30204,0.65064,425.6277,616.075,230.2695,20.1186,22.1851,3.6826,1.1314,38.5248,35.7873,27.217,291.2014,9.9804,15.4172,267.219,0.6637,2.5559,0.19116,35.5325,35.2443,452.7028,69.9747,0.34601,0.01147,6.0528,210.1533,237.249,347.4651,5032.2128,8.1022,116.3879,0.21028,71.6132,352.553,0.026763,,11.5879,8.6632,8.3962
2022,12.1479,4.9547,176.3451,0.36865,16.0703,0.13897,0.60219,192.8644,6.4078,0.86587,392.2793,61.4884,38.0627,2.12,37.7957,102.1033,1.2328,58.8011,89.6054,0.72523,8.4322,0.44541,1.0555,21.4937,0.11046,19.7357,7.4673,483.4773,0.15678,10.7537,46.1475,5.9622,0.79845,19.955,9.5727,547.9439,0.56878,,0.22623,2.3692,84.3777,11396.7774,99.7179,0.41276,7.4319,0.068043,7.8887,17.5261,20.921,1.7567,7.0294,97.9693,11.7342,3.6016,29.0593,0.45304,0.15322,23.6379,41.6134,258.9517,7.7144,5.0762,0.69683,10.3118,19.0733,0.74813,,1.0739,36.163,297.5339,,0.87322,5.7056,0.77047,11.0929,665.6047,20.8069,,59.6628,0.59172,0.34042,,19.1932,4.9536,0.32674,3.5371,2.4467,11.1597,30.5689,44.3536,3.5425,2829.6442,728.8833,690.6353,179.0808,38.784,56.1181,338.0973,6.4876,1053.7979,22.9126,271.1783,24.8519,0.068043,8.0175,109.19,9.4497,23.1934,6.5915,23.9045,3.1347,0.87693,62.9613,0.14993,12.6672,7.5241,1.0516,4.4036,2.0941,291.0714,1.7011,7.0388,1.6551,0.15121,,4.5341,4.249,511.972,0.15121,5.422,37.8945,2.2925,0.02138,68.4118,8.0032,34.9222,3.953,0.052922,15.5,125.3582,5.1152,32.2118,5.5504,3.0582,128.7595,0.0075603,50.8716,7.5884,40.808,3.4969,71.9864,200.1999,0.21925,11.8999,7.8231,9.018,60.9211,150.396,323.1173,41.605,101.3404,1.8336,73.5213,1652.1773,1.5478,,0.017816,0.22449,0.47035,0.060576,0.23874,0.24949,0.13226,662.5494,11.6684,43.5066,0.65883,1.1295,53.2524,34.1517,12.7148,0.29863,0.64692,404.054,600.9993,245.6138,17.3271,22.0133,3.5865,1.265,38.0505,35.3802,27.6353,277.9009,10.0174,15.57,270.7464,0.66889,2.5756,0.18901,34.3317,35.5768,435.6846,70.9583,0.3492,0.01134,6.0218,141.253,243.8952,318.6544,5057.3038,7.8931,120.6102,0.20791,76.892,343.6066,0.026461,,11.3563,8.9219,8.856