model,scenario,between_region_gini
IMAGE 3.0,ENGAGE-INDCi2030-1000,0.3314707973552124
IMAGE 3.0,ENGAGE-INDCi2030-1000f,0.3314707973552124
IMAGE 3.0,ENGAGE-INDCi2030-1200,0.3314707973552124
IMAGE 3.0,ENGAGE-INDCi2030-1200f,0.3314707973552124
IMAGE 3.0,ENGAGE-INDCi2030-1400f,0.3314707973552124
IMAGE 3.0,ENGAGE-INDCi2030-800f,0.3314707973552124
IMAGE 3.0,ENGAGE-NPi2020-1000,0.3314707973552124
IMAGE 3.0,ENGAGE-NPi2020-1200,0.3314707973552124
IMAGE 3.0,ENGAGE-NPi2020-1400,0.3314707973552124
IMAGE 3.0,ENGAGE-NPi2020-1400f,0.3314707973552124
IMAGE 3.2,SSP2021-SSP1-SPA1-19-Default,0.32489480066111054
IMAGE 3.2,SSP2021-SSP1-SPA1-19-Lifestyle-Renewables,0.35986188649721595
IMAGE 3.2,SSP2021-SSP1-SPA1-19-Renewables,0.32489480066111054
IMAGE 3.2,SSP2021-SSP1-SPA1-26-Default,0.32489480066111054
IMAGE 3.2,SSP2021-SSP1-SPA1-26-Lifestyle,0.32489480066111054
IMAGE 3.2,SSP2021-SSP1-SPA1-26-Lifestyle-Renewables,0.35986188649721595
IMAGE 3.2,SSP2021-SSP1-SPA1-26-Renewables,0.32489480066111054
IMAGE 3.2,SSP2021-SSP2-SPA0-26-Default,0.3762999533990051
IMAGE 3.2,SSP2021-SSP2-SPA2-19-Renewables,0.35986188649721595
IMAGE 3.2,SSP2021-SSP2-SPA2-26-Default,0.35986188649721595
IMAGE 3.2,SSP2021-SSP2-SPA2-26-Lifestyle,0.35986188649721595
IMAGE 3.2,SSP2021-SSP2-SPA2-26-Lifestyle-Renewables,0.35986188649721595
IMAGE 3.2,SSP2021-SSP2-SPA2-26-Renewables,0.35986188649721595
IMAGE 3.3,NAVIGATE Demand-1.5°C-ele_u,0.37690025219919737
IMAGE 3.3,NAVIGATE Demand-1.5°C-tec_u,0.37690025219919737
IMAGE 3.3,NAVIGATE Demand-2.0°C-ele_u,0.37690025219919737
IMAGE 3.3,NAVIGATE Demand-2.0°C-ref,0.37690025219919737
IMAGE 3.3,NAVIGATE Demand-2.0°C-tec_u,0.37690025219919737
MESSAGEix-GLOBIOM 2.0-M-R12-NGFS,NGFS Phase 5-Below 2°C,0.29157439742578967
MESSAGEix-GLOBIOM 2.0-M-R12-NGFS,NGFS Phase 5-Delayed Transition,0.2916830236120174
MESSAGEix-GLOBIOM 2.0-M-R12-NGFS,NGFS Phase 5-Low Demand,0.2911525150029272
MESSAGEix-GLOBIOM 2.0-M-R12-NGFS,NGFS Phase 5-Nationally Determined Contributions (NDCs),0.291442703543646
MESSAGEix-GLOBIOM 2.0-M-R12-NGFS,NGFS Phase 5-Net-Zero 2050,0.2917806427145092
POLES-JRC ENGAGE,ENGAGE-INDCi2030-1000,0.41404673067479253
POLES-JRC ENGAGE,ENGAGE-INDCi2030-1000-COV,0.4311227318311349
POLES-JRC ENGAGE,ENGAGE-INDCi2030-1000-COV-NDCp,0.4311227318311349
POLES-JRC ENGAGE,ENGAGE-INDCi2030-1000-NDCp,0.41404673067479253
POLES-JRC ENGAGE,ENGAGE-INDCi2030-1000f,0.41404673067479253
POLES-JRC ENGAGE,ENGAGE-INDCi2030-1000f-COV,0.4311227318311349
POLES-JRC ENGAGE,ENGAGE-INDCi2030-1000f-COV-NDCp,0.4311227318311349
POLES-JRC ENGAGE,ENGAGE-INDCi2030-1000f-NDCp,0.41404673067479253
POLES-JRC ENGAGE,ENGAGE-INDCi2030-1200,0.41404673067479253
POLES-JRC ENGAGE,ENGAGE-INDCi2030-1200f,0.41404673067479253
POLES-JRC ENGAGE,ENGAGE-INDCi2030-300f,0.41404673067479253
POLES-JRC ENGAGE,ENGAGE-INDCi2030-400f,0.41404673067479253
POLES-JRC ENGAGE,ENGAGE-INDCi2030-500f,0.41404673067479253
POLES-JRC ENGAGE,ENGAGE-INDCi2030-600f,0.41404673067479253
POLES-JRC ENGAGE,ENGAGE-INDCi2030-600f-COV,0.4311227318311349
POLES-JRC ENGAGE,ENGAGE-INDCi2030-600f-COV-NDCp,0.4311227318311349
POLES-JRC ENGAGE,ENGAGE-INDCi2030-600f-NDCp,0.41404673067479253
POLES-JRC ENGAGE,ENGAGE-INDCi2030-700f,0.41404673067479253
POLES-JRC ENGAGE,ENGAGE-INDCi2030-800f,0.41404673067479253
POLES-JRC ENGAGE,ENGAGE-INDCi2030-900,0.41404673067479253
POLES-JRC ENGAGE,ENGAGE-INDCi2030-900f,0.41404673067479253
POLES-JRC ENGAGE,ENGAGE-NPi2020-1000f,0.41404673067479253
POLES-JRC ENGAGE,ENGAGE-NPi2020-1000f-COV,0.4311227318311349
POLES-JRC ENGAGE,ENGAGE-NPi2020-1200f,0.41404673067479253
POLES-JRC ENGAGE,ENGAGE-NPi2020-900f,0.41404673067479253
REMIND-MAgPIE 2.1-4.2,NGFS Phase 2-Delayed Transition,0.4392869843576974
REMIND-MAgPIE 3.2.0-4.8.0,RESCUE-End-of-Century-Budget-1150,0.4583182227263679
REMIND-MAgPIE 3.2.0-4.8.0,RESCUE-End-of-Century-Budget-1150-with-OAE,0.45815399208487073
REMIND-MAgPIE 3.2.0-4.8.0,RESCUE-End-of-Century-Budget-500,0.4591549520850911
REMIND-MAgPIE 3.2.0-4.8.0,RESCUE-End-of-Century-Budget-500-with-OAE,0.45898720149809136
REMIND-MAgPIE 3.2.0-4.8.0,RESCUE-Peak-Budget-1150,0.4580656955598261
REMIND-MAgPIE 3.2.0-4.8.0,RESCUE-Peak-Budget-1150-with-OAE,0.4580501942195497
REMIND-MAgPIE 3.3-4.8,NGFS Phase 5-Below 2°C,0.42704676780607714
REMIND-MAgPIE 3.3-4.8,NGFS Phase 5-Delayed Transition,0.42727675588137964
REMIND-MAgPIE 3.3-4.8,NGFS Phase 5-Low Demand,0.42596403081640444
REMIND-MAgPIE 3.3-4.8,NGFS Phase 5-Net-Zero 2050,0.42997940043177857
WITCH 5.0,ENGAGE-INDCi2030-1000,0.3774567523163061
WITCH 5.0,ENGAGE-INDCi2030-1000-NDCp,0.37673504890225984
WITCH 5.0,ENGAGE-INDCi2030-1000f,0.3755357018681037
WITCH 5.0,ENGAGE-INDCi2030-1000f-NDCp,0.37542272206978333
WITCH 5.0,ENGAGE-INDCi2030-1200,0.3762340118939966
WITCH 5.0,ENGAGE-INDCi2030-1200-NDCp,0.3763010098422798
WITCH 5.0,ENGAGE-INDCi2030-1200f,0.3754984909229748
WITCH 5.0,ENGAGE-INDCi2030-1200f-NDCp,0.37563052242692685
WITCH 5.0,ENGAGE-INDCi2030-1400,0.3758967839719752
WITCH 5.0,ENGAGE-INDCi2030-1400-NDCp,0.375945244767059
WITCH 5.0,ENGAGE-INDCi2030-1400f,0.37559237416790703
WITCH 5.0,ENGAGE-INDCi2030-1400f-NDCp,0.3755372031348688
WITCH 5.0,ENGAGE-INDCi2030-1600-NDCp,0.3753551969176499
WITCH 5.0,ENGAGE-INDCi2030-500f,0.3781855223329873
WITCH 5.0,ENGAGE-INDCi2030-600f,0.3770343344629775
WITCH 5.0,ENGAGE-INDCi2030-600f-NDCp,0.37672785588839447
WITCH 5.0,ENGAGE-INDCi2030-700f,0.37624696467408897
WITCH 5.0,ENGAGE-INDCi2030-700f-NDCp,0.37601587693848076
WITCH 5.0,ENGAGE-INDCi2030-800,0.37735971882111746
WITCH 5.0,ENGAGE-INDCi2030-800-NDCp,0.37748137638576845
WITCH 5.0,ENGAGE-INDCi2030-800f,0.3756255182765429
WITCH 5.0,ENGAGE-INDCi2030-800f-NDCp,0.3756600213247111
WITCH 5.0,ENGAGE-INDCi2030-900,0.37625254653236695
WITCH 5.0,ENGAGE-INDCi2030-900-NDCp,0.37674763963706087
WITCH 5.0,ENGAGE-INDCi2030-900f,0.37548745045966725
WITCH 5.0,ENGAGE-INDCi2030-900f-NDCp,0.37546668703234354
