model,scenario,carbon_budget_share,region
IMAGE 3.0,ENGAGE-INDCi2030-1000,0.9170333994090558,R10LATIN_AM
IMAGE 3.0,ENGAGE-INDCi2030-1000f,0.9164117282472006,R10LATIN_AM
IMAGE 3.0,ENGAGE-INDCi2030-1200,0.9137645803372483,R10LATIN_AM
IMAGE 3.0,ENGAGE-INDCi2030-1200f,0.9164312356787808,R10LATIN_AM
IMAGE 3.0,ENGAGE-INDCi2030-1400f,0.9164312356787808,R10LATIN_AM
IMAGE 3.0,ENGAGE-INDCi2030-800f,0.9187250485491676,R10LATIN_AM
IMAGE 3.0,ENGAGE-NPi2020-1000,0.8839641508411112,R10LATIN_AM
IMAGE 3.0,ENGAGE-NPi2020-1200,0.8912069746317178,R10LATIN_AM
IMAGE 3.0,ENGAGE-NPi2020-1400,0.8988390894362215,R10LATIN_AM
IMAGE 3.0,ENGAGE-NPi2020-1400f,0.8871667984039391,R10LATIN_AM
IMAGE 3.2,SSP2021-SSP1-SPA1-19-Default,0.7326311058963404,R10LATIN_AM
IMAGE 3.2,SSP2021-SSP1-SPA1-19-Lifestyle-Renewables,0.6169669263743643,R10LATIN_AM
IMAGE 3.2,SSP2021-SSP1-SPA1-19-Renewables,0.6919465703651216,R10LATIN_AM
IMAGE 3.2,SSP2021-SSP1-SPA1-26-Default,0.746788533591584,R10LATIN_AM
IMAGE 3.2,SSP2021-SSP1-SPA1-26-Lifestyle,0.6369515281640181,R10LATIN_AM
IMAGE 3.2,SSP2021-SSP1-SPA1-26-Lifestyle-Renewables,0.6496619397533696,R10LATIN_AM
IMAGE 3.2,SSP2021-SSP1-SPA1-26-Renewables,0.7111408444078603,R10LATIN_AM
IMAGE 3.2,SSP2021-SSP2-SPA0-26-Default,0.7700006347296283,R10LATIN_AM
IMAGE 3.2,SSP2021-SSP2-SPA2-19-Renewables,0.7430287843384381,R10LATIN_AM
IMAGE 3.2,SSP2021-SSP2-SPA2-26-Default,0.8047347949485336,R10LATIN_AM
IMAGE 3.2,SSP2021-SSP2-SPA2-26-Lifestyle,0.724737346589166,R10LATIN_AM
IMAGE 3.2,SSP2021-SSP2-SPA2-26-Lifestyle-Renewables,0.7191577391890199,R10LATIN_AM
IMAGE 3.2,SSP2021-SSP2-SPA2-26-Renewables,0.7853745276313072,R10LATIN_AM
IMAGE 3.3,NAVIGATE Demand-1.5°C-ele_u,0.8859141472074927,R10LATIN_AM
IMAGE 3.3,NAVIGATE Demand-1.5°C-tec_u,0.8887028237308812,R10LATIN_AM
IMAGE 3.3,NAVIGATE Demand-2.0°C-ele_u,0.9155537155609014,R10LATIN_AM
IMAGE 3.3,NAVIGATE Demand-2.0°C-ref,0.9071068955233053,R10LATIN_AM
IMAGE 3.3,NAVIGATE Demand-2.0°C-tec_u,0.9133032191419945,R10LATIN_AM
MESSAGEix-GLOBIOM 2.0-M-R12-NGFS,NGFS Phase 5-Below 2°C,0.9178885793188168,R10LATIN_AM
MESSAGEix-GLOBIOM 2.0-M-R12-NGFS,NGFS Phase 5-Delayed Transition,0.983506911977235,R10LATIN_AM
MESSAGEix-GLOBIOM 2.0-M-R12-NGFS,NGFS Phase 5-Low Demand,0.8999699937574022,R10LATIN_AM
MESSAGEix-GLOBIOM 2.0-M-R12-NGFS,NGFS Phase 5-Nationally Determined Contributions (NDCs),0.9697233012855923,R10LATIN_AM
MESSAGEix-GLOBIOM 2.0-M-R12-NGFS,NGFS Phase 5-Net-Zero 2050,0.8984294112053923,R10LATIN_AM
POLES-JRC ENGAGE,ENGAGE-INDCi2030-1000,0.8584481559736212,R10LATIN_AM
POLES-JRC ENGAGE,ENGAGE-INDCi2030-1000-COV,0.8278649761274404,R10LATIN_AM
POLES-JRC ENGAGE,ENGAGE-INDCi2030-1000-COV-NDCp,0.8101232683114897,R10LATIN_AM
POLES-JRC ENGAGE,ENGAGE-INDCi2030-1000-NDCp,0.8503655062962682,R10LATIN_AM
POLES-JRC ENGAGE,ENGAGE-INDCi2030-1000f,0.8584481559736212,R10LATIN_AM
POLES-JRC ENGAGE,ENGAGE-INDCi2030-1000f-COV,0.8278649761274404,R10LATIN_AM
POLES-JRC ENGAGE,ENGAGE-INDCi2030-1000f-COV-NDCp,0.8101232683114897,R10LATIN_AM
POLES-JRC ENGAGE,ENGAGE-INDCi2030-1000f-NDCp,0.8503655303982922,R10LATIN_AM
POLES-JRC ENGAGE,ENGAGE-INDCi2030-1200,0.8584481559736212,R10LATIN_AM
POLES-JRC ENGAGE,ENGAGE-INDCi2030-1200f,0.8584481559736212,R10LATIN_AM
POLES-JRC ENGAGE,ENGAGE-INDCi2030-300f,0.8584481559736212,R10LATIN_AM
POLES-JRC ENGAGE,ENGAGE-INDCi2030-400f,0.8584481559736212,R10LATIN_AM
POLES-JRC ENGAGE,ENGAGE-INDCi2030-500f,0.8584481559736212,R10LATIN_AM
POLES-JRC ENGAGE,ENGAGE-INDCi2030-600f,0.8584481559736212,R10LATIN_AM
POLES-JRC ENGAGE,ENGAGE-INDCi2030-600f-COV,0.8278649761274404,R10LATIN_AM
POLES-JRC ENGAGE,ENGAGE-INDCi2030-600f-COV-NDCp,0.8101232683114897,R10LATIN_AM
POLES-JRC ENGAGE,ENGAGE-INDCi2030-600f-NDCp,0.8503655062962682,R10LATIN_AM
POLES-JRC ENGAGE,ENGAGE-INDCi2030-700f,0.8584481559736212,R10LATIN_AM
POLES-JRC ENGAGE,ENGAGE-INDCi2030-800f,0.8584481559736212,R10LATIN_AM
POLES-JRC ENGAGE,ENGAGE-INDCi2030-900,0.8584481559736212,R10LATIN_AM
POLES-JRC ENGAGE,ENGAGE-INDCi2030-900f,0.8584481559736212,R10LATIN_AM
POLES-JRC ENGAGE,ENGAGE-NPi2020-1000f,0.7582535957781259,R10LATIN_AM
POLES-JRC ENGAGE,ENGAGE-NPi2020-1000f-COV,0.7390878575058248,R10LATIN_AM
POLES-JRC ENGAGE,ENGAGE-NPi2020-1200f,0.7841360000022585,R10LATIN_AM
POLES-JRC ENGAGE,ENGAGE-NPi2020-900f,0.7526809724613951,R10LATIN_AM
REMIND-MAgPIE 2.1-4.2,NGFS Phase 2-Delayed Transition,0.933108764430426,R10LATIN_AM
REMIND-MAgPIE 3.2.0-4.8.0,RESCUE-End-of-Century-Budget-1150,0.8368776846110616,R10LATIN_AM
REMIND-MAgPIE 3.2.0-4.8.0,RESCUE-End-of-Century-Budget-1150-with-OAE,0.8368776846110616,R10LATIN_AM
REMIND-MAgPIE 3.2.0-4.8.0,RESCUE-End-of-Century-Budget-500,0.8368776846110616,R10LATIN_AM
REMIND-MAgPIE 3.2.0-4.8.0,RESCUE-End-of-Century-Budget-500-with-OAE,0.8368776846110616,R10LATIN_AM
REMIND-MAgPIE 3.2.0-4.8.0,RESCUE-Peak-Budget-1150,0.8168448254049834,R10LATIN_AM
REMIND-MAgPIE 3.2.0-4.8.0,RESCUE-Peak-Budget-1150-with-OAE,0.8123446013990671,R10LATIN_AM
REMIND-MAgPIE 3.3-4.8,NGFS Phase 5-Below 2°C,0.8410673935390507,R10LATIN_AM
REMIND-MAgPIE 3.3-4.8,NGFS Phase 5-Delayed Transition,0.8396029566236445,R10LATIN_AM
REMIND-MAgPIE 3.3-4.8,NGFS Phase 5-Low Demand,0.6662431087303871,R10LATIN_AM
REMIND-MAgPIE 3.3-4.8,NGFS Phase 5-Net-Zero 2050,0.7708752092580395,R10LATIN_AM
WITCH 5.0,ENGAGE-INDCi2030-1000,0.5648184780614584,R10LATIN_AM
WITCH 5.0,ENGAGE-INDCi2030-1000-NDCp,0.7436921900208533,R10LATIN_AM
WITCH 5.0,ENGAGE-INDCi2030-1000f,0.5648184780614584,R10LATIN_AM
WITCH 5.0,ENGAGE-INDCi2030-1000f-NDCp,0.7436921900208533,R10LATIN_AM
WITCH 5.0,ENGAGE-INDCi2030-1200,0.5648184780614584,R10LATIN_AM
WITCH 5.0,ENGAGE-INDCi2030-1200-NDCp,0.7436921900208533,R10LATIN_AM
WITCH 5.0,ENGAGE-INDCi2030-1200f,0.5648184780614584,R10LATIN_AM
WITCH 5.0,ENGAGE-INDCi2030-1200f-NDCp,0.7436921900208533,R10LATIN_AM
WITCH 5.0,ENGAGE-INDCi2030-1400,0.5648184780614584,R10LATIN_AM
WITCH 5.0,ENGAGE-INDCi2030-1400-NDCp,0.7436921900208533,R10LATIN_AM
WITCH 5.0,ENGAGE-INDCi2030-1400f,0.5648184780614584,R10LATIN_AM
WITCH 5.0,ENGAGE-INDCi2030-1400f-NDCp,0.7436921900208533,R10LATIN_AM
WITCH 5.0,ENGAGE-INDCi2030-1600-NDCp,0.7436921900208533,R10LATIN_AM
WITCH 5.0,ENGAGE-INDCi2030-500f,0.5648184780614584,R10LATIN_AM
WITCH 5.0,ENGAGE-INDCi2030-600f,0.5648184780614584,R10LATIN_AM
WITCH 5.0,ENGAGE-INDCi2030-600f-NDCp,0.7436921900208533,R10LATIN_AM
WITCH 5.0,ENGAGE-INDCi2030-700f,0.5648184780614584,R10LATIN_AM
WITCH 5.0,ENGAGE-INDCi2030-700f-NDCp,0.7436921900208533,R10LATIN_AM
WITCH 5.0,ENGAGE-INDCi2030-800,0.5648184780614584,R10LATIN_AM
WITCH 5.0,ENGAGE-INDCi2030-800-NDCp,0.7436921900208533,R10LATIN_AM
WITCH 5.0,ENGAGE-INDCi2030-800f,0.5648184780614584,R10LATIN_AM
WITCH 5.0,ENGAGE-INDCi2030-800f-NDCp,0.7436921900208533,R10LATIN_AM
WITCH 5.0,ENGAGE-INDCi2030-900,0.5648184780614584,R10LATIN_AM
WITCH 5.0,ENGAGE-INDCi2030-900-NDCp,0.7436921900208533,R10LATIN_AM
WITCH 5.0,ENGAGE-INDCi2030-900f,0.5648184780614584,R10LATIN_AM
WITCH 5.0,ENGAGE-INDCi2030-900f-NDCp,0.7436921900208533,R10LATIN_AM
IMAGE 3.0,ENGAGE-INDCi2030-1000,0.7996565375653482,R10INDIA+
IMAGE 3.0,ENGAGE-INDCi2030-1000f,0.8087056877293506,R10INDIA+
IMAGE 3.0,ENGAGE-INDCi2030-1200,0.800099645863248,R10INDIA+
IMAGE 3.0,ENGAGE-INDCi2030-1200f,0.8087901944113055,R10INDIA+
IMAGE 3.0,ENGAGE-INDCi2030-1400f,0.8087901944113055,R10INDIA+
IMAGE 3.0,ENGAGE-INDCi2030-800f,0.8092026025453153,R10INDIA+
IMAGE 3.0,ENGAGE-NPi2020-1000,0.692038772571983,R10INDIA+
IMAGE 3.0,ENGAGE-NPi2020-1200,0.6946123234614966,R10INDIA+
IMAGE 3.0,ENGAGE-NPi2020-1400,0.7119156763377439,R10INDIA+
IMAGE 3.0,ENGAGE-NPi2020-1400f,0.6964937803649236,R10INDIA+
IMAGE 3.2,SSP2021-SSP1-SPA1-19-Default,0.6359205119163149,R10INDIA+
IMAGE 3.2,SSP2021-SSP1-SPA1-19-Lifestyle-Renewables,0.6183680878694914,R10INDIA+
IMAGE 3.2,SSP2021-SSP1-SPA1-19-Renewables,0.6153141671726834,R10INDIA+
IMAGE 3.2,SSP2021-SSP1-SPA1-26-Default,0.6998478853107878,R10INDIA+
IMAGE 3.2,SSP2021-SSP1-SPA1-26-Lifestyle,0.6906037701756195,R10INDIA+
IMAGE 3.2,SSP2021-SSP1-SPA1-26-Lifestyle-Renewables,0.6924145280176695,R10INDIA+
IMAGE 3.2,SSP2021-SSP1-SPA1-26-Renewables,0.6696916206993412,R10INDIA+
IMAGE 3.2,SSP2021-SSP2-SPA0-26-Default,0.7288579825667049,R10INDIA+
IMAGE 3.2,SSP2021-SSP2-SPA2-19-Renewables,0.49592481725900855,R10INDIA+
IMAGE 3.2,SSP2021-SSP2-SPA2-26-Default,0.6692820888857351,R10INDIA+
IMAGE 3.2,SSP2021-SSP2-SPA2-26-Lifestyle,0.5778696454612128,R10INDIA+
IMAGE 3.2,SSP2021-SSP2-SPA2-26-Lifestyle-Renewables,0.5804391990066936,R10INDIA+
IMAGE 3.2,SSP2021-SSP2-SPA2-26-Renewables,0.5784370826303291,R10INDIA+
IMAGE 3.3,NAVIGATE Demand-1.5°C-ele_u,0.5855197905393792,R10INDIA+
IMAGE 3.3,NAVIGATE Demand-1.5°C-tec_u,0.5789693140558897,R10INDIA+
IMAGE 3.3,NAVIGATE Demand-2.0°C-ele_u,0.6516313423557388,R10INDIA+
IMAGE 3.3,NAVIGATE Demand-2.0°C-ref,0.6512884947703625,R10INDIA+
IMAGE 3.3,NAVIGATE Demand-2.0°C-tec_u,0.649574594771693,R10INDIA+
MESSAGEix-GLOBIOM 2.0-M-R12-NGFS,NGFS Phase 5-Below 2°C,0.676639963092379,R10INDIA+
MESSAGEix-GLOBIOM 2.0-M-R12-NGFS,NGFS Phase 5-Delayed Transition,0.7517494793144025,R10INDIA+
MESSAGEix-GLOBIOM 2.0-M-R12-NGFS,NGFS Phase 5-Low Demand,0.6375442398504667,R10INDIA+
MESSAGEix-GLOBIOM 2.0-M-R12-NGFS,NGFS Phase 5-Nationally Determined Contributions (NDCs),0.7731178665812252,R10INDIA+
MESSAGEix-GLOBIOM 2.0-M-R12-NGFS,NGFS Phase 5-Net-Zero 2050,0.6331600037371947,R10INDIA+
POLES-JRC ENGAGE,ENGAGE-INDCi2030-1000,0.9083178890788609,R10INDIA+
POLES-JRC ENGAGE,ENGAGE-INDCi2030-1000-COV,0.8314025328557361,R10INDIA+
POLES-JRC ENGAGE,ENGAGE-INDCi2030-1000-COV-NDCp,0.8324356940955393,R10INDIA+
POLES-JRC ENGAGE,ENGAGE-INDCi2030-1000-NDCp,0.9567167449022057,R10INDIA+
POLES-JRC ENGAGE,ENGAGE-INDCi2030-1000f,0.9083178890788609,R10INDIA+
POLES-JRC ENGAGE,ENGAGE-INDCi2030-1000f-COV,0.8314025328557361,R10INDIA+
POLES-JRC ENGAGE,ENGAGE-INDCi2030-1000f-COV-NDCp,0.8324356736417217,R10INDIA+
POLES-JRC ENGAGE,ENGAGE-INDCi2030-1000f-NDCp,0.9567167449022057,R10INDIA+
POLES-JRC ENGAGE,ENGAGE-INDCi2030-1200,0.9083178890788609,R10INDIA+
POLES-JRC ENGAGE,ENGAGE-INDCi2030-1200f,0.9083178890788609,R10INDIA+
POLES-JRC ENGAGE,ENGAGE-INDCi2030-300f,0.9083178890788609,R10INDIA+
POLES-JRC ENGAGE,ENGAGE-INDCi2030-400f,0.9083178890788609,R10INDIA+
POLES-JRC ENGAGE,ENGAGE-INDCi2030-500f,0.9083178890788609,R10INDIA+
POLES-JRC ENGAGE,ENGAGE-INDCi2030-600f,0.9083178890788609,R10INDIA+
POLES-JRC ENGAGE,ENGAGE-INDCi2030-600f-COV,0.8314025328557361,R10INDIA+
POLES-JRC ENGAGE,ENGAGE-INDCi2030-600f-COV-NDCp,0.8324356736417217,R10INDIA+
POLES-JRC ENGAGE,ENGAGE-INDCi2030-600f-NDCp,0.9567167449022057,R10INDIA+
POLES-JRC ENGAGE,ENGAGE-INDCi2030-700f,0.9083178890788609,R10INDIA+
POLES-JRC ENGAGE,ENGAGE-INDCi2030-800f,0.9083178890788609,R10INDIA+
POLES-JRC ENGAGE,ENGAGE-INDCi2030-900,0.9083178890788609,R10INDIA+
POLES-JRC ENGAGE,ENGAGE-INDCi2030-900f,0.9083178890788609,R10INDIA+
POLES-JRC ENGAGE,ENGAGE-NPi2020-1000f,0.794777941757944,R10INDIA+
POLES-JRC ENGAGE,ENGAGE-NPi2020-1000f-COV,0.752422050324314,R10INDIA+
POLES-JRC ENGAGE,ENGAGE-NPi2020-1200f,0.8123960518146478,R10INDIA+
POLES-JRC ENGAGE,ENGAGE-NPi2020-900f,0.7767173563867028,R10INDIA+
REMIND-MAgPIE 2.1-4.2,NGFS Phase 2-Delayed Transition,0.8602484818128608,R10INDIA+
REMIND-MAgPIE 3.2.0-4.8.0,RESCUE-End-of-Century-Budget-1150,0.819179265706385,R10INDIA+
REMIND-MAgPIE 3.2.0-4.8.0,RESCUE-End-of-Century-Budget-1150-with-OAE,0.819179265706385,R10INDIA+
REMIND-MAgPIE 3.2.0-4.8.0,RESCUE-End-of-Century-Budget-500,0.819179265706385,R10INDIA+
REMIND-MAgPIE 3.2.0-4.8.0,RESCUE-End-of-Century-Budget-500-with-OAE,0.819179265706385,R10INDIA+
REMIND-MAgPIE 3.2.0-4.8.0,RESCUE-Peak-Budget-1150,0.8157834651521162,R10INDIA+
REMIND-MAgPIE 3.2.0-4.8.0,RESCUE-Peak-Budget-1150-with-OAE,0.827702402117778,R10INDIA+
REMIND-MAgPIE 3.3-4.8,NGFS Phase 5-Below 2°C,0.8737584659661758,R10INDIA+
REMIND-MAgPIE 3.3-4.8,NGFS Phase 5-Delayed Transition,0.895796168537083,R10INDIA+
REMIND-MAgPIE 3.3-4.8,NGFS Phase 5-Low Demand,0.7365694436133319,R10INDIA+
REMIND-MAgPIE 3.3-4.8,NGFS Phase 5-Net-Zero 2050,0.7818085094663586,R10INDIA+
WITCH 5.0,ENGAGE-INDCi2030-1000,0.6710888666513043,R10INDIA+
WITCH 5.0,ENGAGE-INDCi2030-1000-NDCp,0.6710886734096769,R10INDIA+
WITCH 5.0,ENGAGE-INDCi2030-1000f,0.6710888666513043,R10INDIA+
WITCH 5.0,ENGAGE-INDCi2030-1000f-NDCp,0.6710886734096769,R10INDIA+
WITCH 5.0,ENGAGE-INDCi2030-1200,0.6710888666513043,R10INDIA+
WITCH 5.0,ENGAGE-INDCi2030-1200-NDCp,0.6710886734096769,R10INDIA+
WITCH 5.0,ENGAGE-INDCi2030-1200f,0.6710888666513043,R10INDIA+
WITCH 5.0,ENGAGE-INDCi2030-1200f-NDCp,0.6710886734096769,R10INDIA+
WITCH 5.0,ENGAGE-INDCi2030-1400,0.6710888666513043,R10INDIA+
WITCH 5.0,ENGAGE-INDCi2030-1400-NDCp,0.6710886734096769,R10INDIA+
WITCH 5.0,ENGAGE-INDCi2030-1400f,0.6710888666513043,R10INDIA+
WITCH 5.0,ENGAGE-INDCi2030-1400f-NDCp,0.6710886734096769,R10INDIA+
WITCH 5.0,ENGAGE-INDCi2030-1600-NDCp,0.6710886734096769,R10INDIA+
WITCH 5.0,ENGAGE-INDCi2030-500f,0.6710888666513043,R10INDIA+
WITCH 5.0,ENGAGE-INDCi2030-600f,0.6710888666513043,R10INDIA+
WITCH 5.0,ENGAGE-INDCi2030-600f-NDCp,0.6710886734096769,R10INDIA+
WITCH 5.0,ENGAGE-INDCi2030-700f,0.6710888666513043,R10INDIA+
WITCH 5.0,ENGAGE-INDCi2030-700f-NDCp,0.6710886734096769,R10INDIA+
WITCH 5.0,ENGAGE-INDCi2030-800,0.6710888666513043,R10INDIA+
WITCH 5.0,ENGAGE-INDCi2030-800-NDCp,0.6710886734096769,R10INDIA+
WITCH 5.0,ENGAGE-INDCi2030-800f,0.6710888666513043,R10INDIA+
WITCH 5.0,ENGAGE-INDCi2030-800f-NDCp,0.6710886734096769,R10INDIA+
WITCH 5.0,ENGAGE-INDCi2030-900,0.6710888666513043,R10INDIA+
WITCH 5.0,ENGAGE-INDCi2030-900-NDCp,0.6710886734096769,R10INDIA+
WITCH 5.0,ENGAGE-INDCi2030-900f,0.6710888666513043,R10INDIA+
WITCH 5.0,ENGAGE-INDCi2030-900f-NDCp,0.6710886734096769,R10INDIA+
IMAGE 3.0,ENGAGE-INDCi2030-1000,0.23050961089725822,R10AFRICA
IMAGE 3.0,ENGAGE-INDCi2030-1000f,0.23106321186995116,R10AFRICA
IMAGE 3.0,ENGAGE-INDCi2030-1200,0.23072234692829824,R10AFRICA
IMAGE 3.0,ENGAGE-INDCi2030-1200f,0.22990740882633218,R10AFRICA
IMAGE 3.0,ENGAGE-INDCi2030-1400f,0.22990740882633218,R10AFRICA
IMAGE 3.0,ENGAGE-INDCi2030-800f,0.2290933190590758,R10AFRICA
IMAGE 3.0,ENGAGE-NPi2020-1000,0.22559636813459086,R10AFRICA
IMAGE 3.0,ENGAGE-NPi2020-1200,0.2265336821734436,R10AFRICA
IMAGE 3.0,ENGAGE-NPi2020-1400,0.22822469359921865,R10AFRICA
IMAGE 3.0,ENGAGE-NPi2020-1400f,0.2260312701240421,R10AFRICA
IMAGE 3.2,SSP2021-SSP1-SPA1-19-Default,0.14243795960288425,R10AFRICA
IMAGE 3.2,SSP2021-SSP1-SPA1-19-Lifestyle-Renewables,0.13476294884300816,R10AFRICA
IMAGE 3.2,SSP2021-SSP1-SPA1-19-Renewables,0.13943507139639874,R10AFRICA
IMAGE 3.2,SSP2021-SSP1-SPA1-26-Default,0.15260952680251522,R10AFRICA
IMAGE 3.2,SSP2021-SSP1-SPA1-26-Lifestyle,0.14021857403717128,R10AFRICA
IMAGE 3.2,SSP2021-SSP1-SPA1-26-Lifestyle-Renewables,0.140768771314634,R10AFRICA
IMAGE 3.2,SSP2021-SSP1-SPA1-26-Renewables,0.15322366274170238,R10AFRICA
IMAGE 3.2,SSP2021-SSP2-SPA0-26-Default,0.15779906388770573,R10AFRICA
IMAGE 3.2,SSP2021-SSP2-SPA2-19-Renewables,0.1480627743438175,R10AFRICA
IMAGE 3.2,SSP2021-SSP2-SPA2-26-Default,0.16139519395044258,R10AFRICA
IMAGE 3.2,SSP2021-SSP2-SPA2-26-Lifestyle,0.14633763561298344,R10AFRICA
IMAGE 3.2,SSP2021-SSP2-SPA2-26-Lifestyle-Renewables,0.1466716710429062,R10AFRICA
IMAGE 3.2,SSP2021-SSP2-SPA2-26-Renewables,0.1570807333186136,R10AFRICA
IMAGE 3.3,NAVIGATE Demand-1.5°C-ele_u,0.17574403008537123,R10AFRICA
IMAGE 3.3,NAVIGATE Demand-1.5°C-tec_u,0.1742976950426212,R10AFRICA
IMAGE 3.3,NAVIGATE Demand-2.0°C-ele_u,0.1833983007727127,R10AFRICA
IMAGE 3.3,NAVIGATE Demand-2.0°C-ref,0.1813999029234975,R10AFRICA
IMAGE 3.3,NAVIGATE Demand-2.0°C-tec_u,0.18210911082854286,R10AFRICA
MESSAGEix-GLOBIOM 2.0-M-R12-NGFS,NGFS Phase 5-Below 2°C,0.16927291490380314,R10AFRICA
MESSAGEix-GLOBIOM 2.0-M-R12-NGFS,NGFS Phase 5-Delayed Transition,0.18094453069136568,R10AFRICA
MESSAGEix-GLOBIOM 2.0-M-R12-NGFS,NGFS Phase 5-Low Demand,0.16327132554069188,R10AFRICA
MESSAGEix-GLOBIOM 2.0-M-R12-NGFS,NGFS Phase 5-Nationally Determined Contributions (NDCs),0.16770758848179237,R10AFRICA
MESSAGEix-GLOBIOM 2.0-M-R12-NGFS,NGFS Phase 5-Net-Zero 2050,0.15776979309842404,R10AFRICA
POLES-JRC ENGAGE,ENGAGE-INDCi2030-1000,0.11635161321930484,R10AFRICA
POLES-JRC ENGAGE,ENGAGE-INDCi2030-1000-COV,0.10359112746213642,R10AFRICA
POLES-JRC ENGAGE,ENGAGE-INDCi2030-1000-COV-NDCp,0.09381082970395917,R10AFRICA
POLES-JRC ENGAGE,ENGAGE-INDCi2030-1000-NDCp,0.09865743904007898,R10AFRICA
POLES-JRC ENGAGE,ENGAGE-INDCi2030-1000f,0.11635161321930484,R10AFRICA
POLES-JRC ENGAGE,ENGAGE-INDCi2030-1000f-COV,0.10359112746213642,R10AFRICA
POLES-JRC ENGAGE,ENGAGE-INDCi2030-1000f-COV-NDCp,0.09381082970395917,R10AFRICA
POLES-JRC ENGAGE,ENGAGE-INDCi2030-1000f-NDCp,0.09865743904007898,R10AFRICA
POLES-JRC ENGAGE,ENGAGE-INDCi2030-1200,0.11635161321930484,R10AFRICA
POLES-JRC ENGAGE,ENGAGE-INDCi2030-1200f,0.11635161321930484,R10AFRICA
POLES-JRC ENGAGE,ENGAGE-INDCi2030-300f,0.11635161321930484,R10AFRICA
POLES-JRC ENGAGE,ENGAGE-INDCi2030-400f,0.11635161321930484,R10AFRICA
POLES-JRC ENGAGE,ENGAGE-INDCi2030-500f,0.11635161321930484,R10AFRICA
POLES-JRC ENGAGE,ENGAGE-INDCi2030-600f,0.11635161321930484,R10AFRICA
POLES-JRC ENGAGE,ENGAGE-INDCi2030-600f-COV,0.10359112746213642,R10AFRICA
POLES-JRC ENGAGE,ENGAGE-INDCi2030-600f-COV-NDCp,0.09381082970395917,R10AFRICA
POLES-JRC ENGAGE,ENGAGE-INDCi2030-600f-NDCp,0.09865743904007898,R10AFRICA
POLES-JRC ENGAGE,ENGAGE-INDCi2030-700f,0.11635161321930484,R10AFRICA
POLES-JRC ENGAGE,ENGAGE-INDCi2030-800f,0.11635161321930484,R10AFRICA
POLES-JRC ENGAGE,ENGAGE-INDCi2030-900,0.11635161321930484,R10AFRICA
POLES-JRC ENGAGE,ENGAGE-INDCi2030-900f,0.11635161321930484,R10AFRICA
POLES-JRC ENGAGE,ENGAGE-NPi2020-1000f,0.1051112675588986,R10AFRICA
POLES-JRC ENGAGE,ENGAGE-NPi2020-1000f-COV,0.09574123686777841,R10AFRICA
POLES-JRC ENGAGE,ENGAGE-NPi2020-1200f,0.10621594533577072,R10AFRICA
POLES-JRC ENGAGE,ENGAGE-NPi2020-900f,0.10392714340883215,R10AFRICA
REMIND-MAgPIE 2.1-4.2,NGFS Phase 2-Delayed Transition,0.23294733993353364,R10AFRICA
REMIND-MAgPIE 3.2.0-4.8.0,RESCUE-End-of-Century-Budget-1150,0.1341411200724397,R10AFRICA
REMIND-MAgPIE 3.2.0-4.8.0,RESCUE-End-of-Century-Budget-1150-with-OAE,0.1341411200724397,R10AFRICA
REMIND-MAgPIE 3.2.0-4.8.0,RESCUE-End-of-Century-Budget-500,0.1341411200724397,R10AFRICA
REMIND-MAgPIE 3.2.0-4.8.0,RESCUE-End-of-Century-Budget-500-with-OAE,0.1341411200724397,R10AFRICA
REMIND-MAgPIE 3.2.0-4.8.0,RESCUE-Peak-Budget-1150,0.11916244081675066,R10AFRICA
REMIND-MAgPIE 3.2.0-4.8.0,RESCUE-Peak-Budget-1150-with-OAE,0.11847825571237279,R10AFRICA
REMIND-MAgPIE 3.3-4.8,NGFS Phase 5-Below 2°C,0.12509447459919495,R10AFRICA
REMIND-MAgPIE 3.3-4.8,NGFS Phase 5-Delayed Transition,0.1596220234634692,R10AFRICA
REMIND-MAgPIE 3.3-4.8,NGFS Phase 5-Low Demand,0.11791178028748571,R10AFRICA
REMIND-MAgPIE 3.3-4.8,NGFS Phase 5-Net-Zero 2050,0.11538467991535935,R10AFRICA
WITCH 5.0,ENGAGE-INDCi2030-1000,0.15593550221990232,R10AFRICA
WITCH 5.0,ENGAGE-INDCi2030-1000-NDCp,0.14544014737578886,R10AFRICA
WITCH 5.0,ENGAGE-INDCi2030-1000f,0.15593550221990232,R10AFRICA
WITCH 5.0,ENGAGE-INDCi2030-1000f-NDCp,0.14544014737578886,R10AFRICA
WITCH 5.0,ENGAGE-INDCi2030-1200,0.15593550221990232,R10AFRICA
WITCH 5.0,ENGAGE-INDCi2030-1200-NDCp,0.14544014737578886,R10AFRICA
WITCH 5.0,ENGAGE-INDCi2030-1200f,0.15593550221990232,R10AFRICA
WITCH 5.0,ENGAGE-INDCi2030-1200f-NDCp,0.14544014737578886,R10AFRICA
WITCH 5.0,ENGAGE-INDCi2030-1400,0.15593550221990232,R10AFRICA
WITCH 5.0,ENGAGE-INDCi2030-1400-NDCp,0.14544014737578886,R10AFRICA
WITCH 5.0,ENGAGE-INDCi2030-1400f,0.15593550221990232,R10AFRICA
WITCH 5.0,ENGAGE-INDCi2030-1400f-NDCp,0.14544014737578886,R10AFRICA
WITCH 5.0,ENGAGE-INDCi2030-1600-NDCp,0.14544014737578886,R10AFRICA
WITCH 5.0,ENGAGE-INDCi2030-500f,0.15593550221990232,R10AFRICA
WITCH 5.0,ENGAGE-INDCi2030-600f,0.15593550221990232,R10AFRICA
WITCH 5.0,ENGAGE-INDCi2030-600f-NDCp,0.14544014737578886,R10AFRICA
WITCH 5.0,ENGAGE-INDCi2030-700f,0.15593550221990232,R10AFRICA
WITCH 5.0,ENGAGE-INDCi2030-700f-NDCp,0.14544014737578886,R10AFRICA
WITCH 5.0,ENGAGE-INDCi2030-800,0.15593550221990232,R10AFRICA
WITCH 5.0,ENGAGE-INDCi2030-800-NDCp,0.14544014737578886,R10AFRICA
WITCH 5.0,ENGAGE-INDCi2030-800f,0.15593550221990232,R10AFRICA
WITCH 5.0,ENGAGE-INDCi2030-800f-NDCp,0.14544014737578886,R10AFRICA
WITCH 5.0,ENGAGE-INDCi2030-900,0.15593550221990232,R10AFRICA
WITCH 5.0,ENGAGE-INDCi2030-900-NDCp,0.14544014737578886,R10AFRICA
WITCH 5.0,ENGAGE-INDCi2030-900f,0.15593550221990232,R10AFRICA
WITCH 5.0,ENGAGE-INDCi2030-900f-NDCp,0.14544014737578886,R10AFRICA
IMAGE 3.0,ENGAGE-INDCi2030-1000,12.675739436225184,R10CHINA+
IMAGE 3.0,ENGAGE-INDCi2030-1000f,12.67457498493591,R10CHINA+
IMAGE 3.0,ENGAGE-INDCi2030-1200,12.675866813377493,R10CHINA+
IMAGE 3.0,ENGAGE-INDCi2030-1200f,12.674133809197563,R10CHINA+
IMAGE 3.0,ENGAGE-INDCi2030-1400f,12.674133809197563,R10CHINA+
IMAGE 3.0,ENGAGE-INDCi2030-800f,12.674892167256663,R10CHINA+
IMAGE 3.0,ENGAGE-NPi2020-1000,11.668183406651295,R10CHINA+
IMAGE 3.0,ENGAGE-NPi2020-1200,11.791816185579165,R10CHINA+
IMAGE 3.0,ENGAGE-NPi2020-1400,11.964601587978624,R10CHINA+
IMAGE 3.0,ENGAGE-NPi2020-1400f,11.722896671872736,R10CHINA+
IMAGE 3.2,SSP2021-SSP1-SPA1-19-Default,12.59946117394555,R10CHINA+
IMAGE 3.2,SSP2021-SSP1-SPA1-19-Lifestyle-Renewables,12.261016933228472,R10CHINA+
IMAGE 3.2,SSP2021-SSP1-SPA1-19-Renewables,12.2010964210082,R10CHINA+
IMAGE 3.2,SSP2021-SSP1-SPA1-26-Default,13.382985078534457,R10CHINA+
IMAGE 3.2,SSP2021-SSP1-SPA1-26-Lifestyle,13.281721886618504,R10CHINA+
IMAGE 3.2,SSP2021-SSP1-SPA1-26-Lifestyle-Renewables,13.50204948265757,R10CHINA+
IMAGE 3.2,SSP2021-SSP1-SPA1-26-Renewables,12.5080404114544,R10CHINA+
IMAGE 3.2,SSP2021-SSP2-SPA0-26-Default,13.077920240954134,R10CHINA+
IMAGE 3.2,SSP2021-SSP2-SPA2-19-Renewables,11.090710080728794,R10CHINA+
IMAGE 3.2,SSP2021-SSP2-SPA2-26-Default,13.568205422857682,R10CHINA+
IMAGE 3.2,SSP2021-SSP2-SPA2-26-Lifestyle,13.191583848543022,R10CHINA+
IMAGE 3.2,SSP2021-SSP2-SPA2-26-Lifestyle-Renewables,12.698843968933152,R10CHINA+
IMAGE 3.2,SSP2021-SSP2-SPA2-26-Renewables,13.070013995381565,R10CHINA+
IMAGE 3.3,NAVIGATE Demand-1.5°C-ele_u,12.036344380027536,R10CHINA+
IMAGE 3.3,NAVIGATE Demand-1.5°C-tec_u,11.697583705599113,R10CHINA+
IMAGE 3.3,NAVIGATE Demand-2.0°C-ele_u,13.546936427753442,R10CHINA+
IMAGE 3.3,NAVIGATE Demand-2.0°C-ref,13.373043298643456,R10CHINA+
IMAGE 3.3,NAVIGATE Demand-2.0°C-tec_u,13.503498984985685,R10CHINA+
MESSAGEix-GLOBIOM 2.0-M-R12-NGFS,NGFS Phase 5-Below 2°C,12.44315053396837,R10CHINA+
MESSAGEix-GLOBIOM 2.0-M-R12-NGFS,NGFS Phase 5-Delayed Transition,13.604057692571496,R10CHINA+
MESSAGEix-GLOBIOM 2.0-M-R12-NGFS,NGFS Phase 5-Low Demand,12.043799759145147,R10CHINA+
MESSAGEix-GLOBIOM 2.0-M-R12-NGFS,NGFS Phase 5-Nationally Determined Contributions (NDCs),13.660378241503409,R10CHINA+
MESSAGEix-GLOBIOM 2.0-M-R12-NGFS,NGFS Phase 5-Net-Zero 2050,11.981580568422384,R10CHINA+
POLES-JRC ENGAGE,ENGAGE-INDCi2030-1000,14.166034214861359,R10CHINA+
POLES-JRC ENGAGE,ENGAGE-INDCi2030-1000-COV,13.605397980271627,R10CHINA+
POLES-JRC ENGAGE,ENGAGE-INDCi2030-1000-COV-NDCp,13.908637522876738,R10CHINA+
POLES-JRC ENGAGE,ENGAGE-INDCi2030-1000-NDCp,14.279854025970224,R10CHINA+
POLES-JRC ENGAGE,ENGAGE-INDCi2030-1000f,14.166034214861359,R10CHINA+
POLES-JRC ENGAGE,ENGAGE-INDCi2030-1000f-COV,13.605397980271627,R10CHINA+
POLES-JRC ENGAGE,ENGAGE-INDCi2030-1000f-COV-NDCp,13.90863711745541,R10CHINA+
POLES-JRC ENGAGE,ENGAGE-INDCi2030-1000f-NDCp,14.279854428228678,R10CHINA+
POLES-JRC ENGAGE,ENGAGE-INDCi2030-1200,14.166034214861359,R10CHINA+
POLES-JRC ENGAGE,ENGAGE-INDCi2030-1200f,14.166034214861359,R10CHINA+
POLES-JRC ENGAGE,ENGAGE-INDCi2030-300f,14.166034214861359,R10CHINA+
POLES-JRC ENGAGE,ENGAGE-INDCi2030-400f,14.166034214861359,R10CHINA+
POLES-JRC ENGAGE,ENGAGE-INDCi2030-500f,14.166034214861359,R10CHINA+
POLES-JRC ENGAGE,ENGAGE-INDCi2030-600f,14.166034214861359,R10CHINA+
POLES-JRC ENGAGE,ENGAGE-INDCi2030-600f-COV,13.605397980271627,R10CHINA+
POLES-JRC ENGAGE,ENGAGE-INDCi2030-600f-COV-NDCp,13.90863711745541,R10CHINA+
POLES-JRC ENGAGE,ENGAGE-INDCi2030-600f-NDCp,14.279854025970224,R10CHINA+
POLES-JRC ENGAGE,ENGAGE-INDCi2030-700f,14.166034214861359,R10CHINA+
POLES-JRC ENGAGE,ENGAGE-INDCi2030-800f,14.166034214861359,R10CHINA+
POLES-JRC ENGAGE,ENGAGE-INDCi2030-900,14.166034214861359,R10CHINA+
POLES-JRC ENGAGE,ENGAGE-INDCi2030-900f,14.166034214861359,R10CHINA+
POLES-JRC ENGAGE,ENGAGE-NPi2020-1000f,13.950897343109315,R10CHINA+
POLES-JRC ENGAGE,ENGAGE-NPi2020-1000f-COV,14.473888015950957,R10CHINA+
POLES-JRC ENGAGE,ENGAGE-NPi2020-1200f,14.1609508932111,R10CHINA+
POLES-JRC ENGAGE,ENGAGE-NPi2020-900f,13.692418344445143,R10CHINA+
REMIND-MAgPIE 2.1-4.2,NGFS Phase 2-Delayed Transition,12.356102942613708,R10CHINA+
REMIND-MAgPIE 3.2.0-4.8.0,RESCUE-End-of-Century-Budget-1150,13.738059949265587,R10CHINA+
REMIND-MAgPIE 3.2.0-4.8.0,RESCUE-End-of-Century-Budget-1150-with-OAE,13.738059949265587,R10CHINA+
REMIND-MAgPIE 3.2.0-4.8.0,RESCUE-End-of-Century-Budget-500,13.738059949265587,R10CHINA+
REMIND-MAgPIE 3.2.0-4.8.0,RESCUE-End-of-Century-Budget-500-with-OAE,13.738059949265587,R10CHINA+
REMIND-MAgPIE 3.2.0-4.8.0,RESCUE-Peak-Budget-1150,13.155478876822153,R10CHINA+
REMIND-MAgPIE 3.2.0-4.8.0,RESCUE-Peak-Budget-1150-with-OAE,13.19403258534312,R10CHINA+
REMIND-MAgPIE 3.3-4.8,NGFS Phase 5-Below 2°C,12.767731242523151,R10CHINA+
REMIND-MAgPIE 3.3-4.8,NGFS Phase 5-Delayed Transition,13.265137987081873,R10CHINA+
REMIND-MAgPIE 3.3-4.8,NGFS Phase 5-Low Demand,10.900498220701236,R10CHINA+
REMIND-MAgPIE 3.3-4.8,NGFS Phase 5-Net-Zero 2050,11.250733278905582,R10CHINA+
WITCH 5.0,ENGAGE-INDCi2030-1000,12.404834787286863,R10CHINA+
WITCH 5.0,ENGAGE-INDCi2030-1000-NDCp,11.558649336184171,R10CHINA+
WITCH 5.0,ENGAGE-INDCi2030-1000f,12.404834787286863,R10CHINA+
WITCH 5.0,ENGAGE-INDCi2030-1000f-NDCp,11.558649336184171,R10CHINA+
WITCH 5.0,ENGAGE-INDCi2030-1200,12.404834787286863,R10CHINA+
WITCH 5.0,ENGAGE-INDCi2030-1200-NDCp,11.558649336184171,R10CHINA+
WITCH 5.0,ENGAGE-INDCi2030-1200f,12.404834787286863,R10CHINA+
WITCH 5.0,ENGAGE-INDCi2030-1200f-NDCp,11.558649336184171,R10CHINA+
WITCH 5.0,ENGAGE-INDCi2030-1400,12.404834787286863,R10CHINA+
WITCH 5.0,ENGAGE-INDCi2030-1400-NDCp,11.558649336184171,R10CHINA+
WITCH 5.0,ENGAGE-INDCi2030-1400f,12.404834787286863,R10CHINA+
WITCH 5.0,ENGAGE-INDCi2030-1400f-NDCp,11.558649336184171,R10CHINA+
WITCH 5.0,ENGAGE-INDCi2030-1600-NDCp,11.558649336184171,R10CHINA+
WITCH 5.0,ENGAGE-INDCi2030-500f,12.404834787286863,R10CHINA+
WITCH 5.0,ENGAGE-INDCi2030-600f,12.404834787286863,R10CHINA+
WITCH 5.0,ENGAGE-INDCi2030-600f-NDCp,11.558649336184171,R10CHINA+
WITCH 5.0,ENGAGE-INDCi2030-700f,12.404834787286863,R10CHINA+
WITCH 5.0,ENGAGE-INDCi2030-700f-NDCp,11.558649336184171,R10CHINA+
WITCH 5.0,ENGAGE-INDCi2030-800,12.404834787286863,R10CHINA+
WITCH 5.0,ENGAGE-INDCi2030-800-NDCp,11.558649336184171,R10CHINA+
WITCH 5.0,ENGAGE-INDCi2030-800f,12.404834787286863,R10CHINA+
WITCH 5.0,ENGAGE-INDCi2030-800f-NDCp,11.558649336184171,R10CHINA+
WITCH 5.0,ENGAGE-INDCi2030-900,12.404834787286863,R10CHINA+
WITCH 5.0,ENGAGE-INDCi2030-900-NDCp,11.558649336184171,R10CHINA+
WITCH 5.0,ENGAGE-INDCi2030-900f,12.404834787286863,R10CHINA+
WITCH 5.0,ENGAGE-INDCi2030-900f-NDCp,11.558649336184171,R10CHINA+
IMAGE 3.0,ENGAGE-INDCi2030-1000,1.131921532256464,R10MIDDLE_EAST
IMAGE 3.0,ENGAGE-INDCi2030-1000f,1.1319895628246301,R10MIDDLE_EAST
IMAGE 3.0,ENGAGE-INDCi2030-1200,1.1319241247441345,R10MIDDLE_EAST
IMAGE 3.0,ENGAGE-INDCi2030-1200f,1.1291242699992863,R10MIDDLE_EAST
IMAGE 3.0,ENGAGE-INDCi2030-1400f,1.1291242699992863,R10MIDDLE_EAST
IMAGE 3.0,ENGAGE-INDCi2030-800f,1.1319833611783168,R10MIDDLE_EAST
IMAGE 3.0,ENGAGE-NPi2020-1000,1.0459581567221894,R10MIDDLE_EAST
IMAGE 3.0,ENGAGE-NPi2020-1200,1.0547953381916113,R10MIDDLE_EAST
IMAGE 3.0,ENGAGE-NPi2020-1400,1.0678199022055248,R10MIDDLE_EAST
IMAGE 3.0,ENGAGE-NPi2020-1400f,1.048629818965976,R10MIDDLE_EAST
IMAGE 3.2,SSP2021-SSP1-SPA1-19-Default,0.9682237005407422,R10MIDDLE_EAST
IMAGE 3.2,SSP2021-SSP1-SPA1-19-Lifestyle-Renewables,0.9740855211803278,R10MIDDLE_EAST
IMAGE 3.2,SSP2021-SSP1-SPA1-19-Renewables,0.9657877902653836,R10MIDDLE_EAST
IMAGE 3.2,SSP2021-SSP1-SPA1-26-Default,0.9970408579578861,R10MIDDLE_EAST
IMAGE 3.2,SSP2021-SSP1-SPA1-26-Lifestyle,1.0289054551997419,R10MIDDLE_EAST
IMAGE 3.2,SSP2021-SSP1-SPA1-26-Lifestyle-Renewables,1.0389567225001348,R10MIDDLE_EAST
IMAGE 3.2,SSP2021-SSP1-SPA1-26-Renewables,1.003153240903979,R10MIDDLE_EAST
IMAGE 3.2,SSP2021-SSP2-SPA0-26-Default,0.9458999600370769,R10MIDDLE_EAST
IMAGE 3.2,SSP2021-SSP2-SPA2-19-Renewables,0.9310969191658194,R10MIDDLE_EAST
IMAGE 3.2,SSP2021-SSP2-SPA2-26-Default,1.0628323134244853,R10MIDDLE_EAST
IMAGE 3.2,SSP2021-SSP2-SPA2-26-Lifestyle,1.0678403212494816,R10MIDDLE_EAST
IMAGE 3.2,SSP2021-SSP2-SPA2-26-Lifestyle-Renewables,1.0696968200255805,R10MIDDLE_EAST
IMAGE 3.2,SSP2021-SSP2-SPA2-26-Renewables,1.0798617286130272,R10MIDDLE_EAST
IMAGE 3.3,NAVIGATE Demand-1.5°C-ele_u,0.8752607215210321,R10MIDDLE_EAST
IMAGE 3.3,NAVIGATE Demand-1.5°C-tec_u,0.8809972013366614,R10MIDDLE_EAST
IMAGE 3.3,NAVIGATE Demand-2.0°C-ele_u,0.9455624017121254,R10MIDDLE_EAST
IMAGE 3.3,NAVIGATE Demand-2.0°C-ref,0.9354060313457214,R10MIDDLE_EAST
IMAGE 3.3,NAVIGATE Demand-2.0°C-tec_u,0.943771522307137,R10MIDDLE_EAST
MESSAGEix-GLOBIOM 2.0-M-R12-NGFS,NGFS Phase 5-Below 2°C,1.583092710306296,R10MIDDLE_EAST
MESSAGEix-GLOBIOM 2.0-M-R12-NGFS,NGFS Phase 5-Delayed Transition,1.69756035087867,R10MIDDLE_EAST
MESSAGEix-GLOBIOM 2.0-M-R12-NGFS,NGFS Phase 5-Low Demand,1.4962899143752582,R10MIDDLE_EAST
MESSAGEix-GLOBIOM 2.0-M-R12-NGFS,NGFS Phase 5-Nationally Determined Contributions (NDCs),1.5422982123123923,R10MIDDLE_EAST
MESSAGEix-GLOBIOM 2.0-M-R12-NGFS,NGFS Phase 5-Net-Zero 2050,1.4788114535634271,R10MIDDLE_EAST
POLES-JRC ENGAGE,ENGAGE-INDCi2030-1000,1.0802797725767577,R10MIDDLE_EAST
POLES-JRC ENGAGE,ENGAGE-INDCi2030-1000-COV,1.0092856685773204,R10MIDDLE_EAST
POLES-JRC ENGAGE,ENGAGE-INDCi2030-1000-COV-NDCp,1.0087549260846629,R10MIDDLE_EAST
POLES-JRC ENGAGE,ENGAGE-INDCi2030-1000-NDCp,1.21062636441565,R10MIDDLE_EAST
POLES-JRC ENGAGE,ENGAGE-INDCi2030-1000f,1.0802797725767577,R10MIDDLE_EAST
POLES-JRC ENGAGE,ENGAGE-INDCi2030-1000f-COV,1.0092856685773204,R10MIDDLE_EAST
POLES-JRC ENGAGE,ENGAGE-INDCi2030-1000f-COV-NDCp,1.0087814727176476,R10MIDDLE_EAST
POLES-JRC ENGAGE,ENGAGE-INDCi2030-1000f-NDCp,1.2106557036814636,R10MIDDLE_EAST
POLES-JRC ENGAGE,ENGAGE-INDCi2030-1200,1.0802797725767577,R10MIDDLE_EAST
POLES-JRC ENGAGE,ENGAGE-INDCi2030-1200f,1.0802797725767577,R10MIDDLE_EAST
POLES-JRC ENGAGE,ENGAGE-INDCi2030-300f,1.0802797725767577,R10MIDDLE_EAST
POLES-JRC ENGAGE,ENGAGE-INDCi2030-400f,1.0802797725767577,R10MIDDLE_EAST
POLES-JRC ENGAGE,ENGAGE-INDCi2030-500f,1.0802797725767577,R10MIDDLE_EAST
POLES-JRC ENGAGE,ENGAGE-INDCi2030-600f,1.0802797725767577,R10MIDDLE_EAST
POLES-JRC ENGAGE,ENGAGE-INDCi2030-600f-COV,1.0092856685773204,R10MIDDLE_EAST
POLES-JRC ENGAGE,ENGAGE-INDCi2030-600f-COV-NDCp,1.0087814727176476,R10MIDDLE_EAST
POLES-JRC ENGAGE,ENGAGE-INDCi2030-600f-NDCp,1.21062636441565,R10MIDDLE_EAST
POLES-JRC ENGAGE,ENGAGE-INDCi2030-700f,1.0802797725767577,R10MIDDLE_EAST
POLES-JRC ENGAGE,ENGAGE-INDCi2030-800f,1.0802797725767577,R10MIDDLE_EAST
POLES-JRC ENGAGE,ENGAGE-INDCi2030-900,1.0802797725767577,R10MIDDLE_EAST
POLES-JRC ENGAGE,ENGAGE-INDCi2030-900f,1.0802797725767577,R10MIDDLE_EAST
POLES-JRC ENGAGE,ENGAGE-NPi2020-1000f,1.041548375983483,R10MIDDLE_EAST
POLES-JRC ENGAGE,ENGAGE-NPi2020-1000f-COV,0.9850827806616118,R10MIDDLE_EAST
POLES-JRC ENGAGE,ENGAGE-NPi2020-1200f,1.0476892354263718,R10MIDDLE_EAST
POLES-JRC ENGAGE,ENGAGE-NPi2020-900f,1.0338053958612994,R10MIDDLE_EAST
REMIND-MAgPIE 2.1-4.2,NGFS Phase 2-Delayed Transition,1.3523000577505655,R10MIDDLE_EAST
REMIND-MAgPIE 3.2.0-4.8.0,RESCUE-End-of-Century-Budget-1150,1.5878920481440595,R10MIDDLE_EAST
REMIND-MAgPIE 3.2.0-4.8.0,RESCUE-End-of-Century-Budget-1150-with-OAE,1.5878920481440595,R10MIDDLE_EAST
REMIND-MAgPIE 3.2.0-4.8.0,RESCUE-End-of-Century-Budget-500,1.5878920481440595,R10MIDDLE_EAST
REMIND-MAgPIE 3.2.0-4.8.0,RESCUE-End-of-Century-Budget-500-with-OAE,1.5878920481440595,R10MIDDLE_EAST
REMIND-MAgPIE 3.2.0-4.8.0,RESCUE-Peak-Budget-1150,1.477655959561221,R10MIDDLE_EAST
REMIND-MAgPIE 3.2.0-4.8.0,RESCUE-Peak-Budget-1150-with-OAE,1.4732528760028967,R10MIDDLE_EAST
REMIND-MAgPIE 3.3-4.8,NGFS Phase 5-Below 2°C,1.430816582611335,R10MIDDLE_EAST
REMIND-MAgPIE 3.3-4.8,NGFS Phase 5-Delayed Transition,1.5510288702787973,R10MIDDLE_EAST
REMIND-MAgPIE 3.3-4.8,NGFS Phase 5-Low Demand,1.2314115425963132,R10MIDDLE_EAST
REMIND-MAgPIE 3.3-4.8,NGFS Phase 5-Net-Zero 2050,1.2724940723222538,R10MIDDLE_EAST
WITCH 5.0,ENGAGE-INDCi2030-1000,1.4533803990351974,R10MIDDLE_EAST
WITCH 5.0,ENGAGE-INDCi2030-1000-NDCp,1.4308590189009034,R10MIDDLE_EAST
WITCH 5.0,ENGAGE-INDCi2030-1000f,1.4533803990351974,R10MIDDLE_EAST
WITCH 5.0,ENGAGE-INDCi2030-1000f-NDCp,1.4308590189009034,R10MIDDLE_EAST
WITCH 5.0,ENGAGE-INDCi2030-1200,1.4533803990351974,R10MIDDLE_EAST
WITCH 5.0,ENGAGE-INDCi2030-1200-NDCp,1.4308590189009034,R10MIDDLE_EAST
WITCH 5.0,ENGAGE-INDCi2030-1200f,1.4533803990351974,R10MIDDLE_EAST
WITCH 5.0,ENGAGE-INDCi2030-1200f-NDCp,1.4308590189009034,R10MIDDLE_EAST
WITCH 5.0,ENGAGE-INDCi2030-1400,1.4533803990351974,R10MIDDLE_EAST
WITCH 5.0,ENGAGE-INDCi2030-1400-NDCp,1.4308590189009034,R10MIDDLE_EAST
WITCH 5.0,ENGAGE-INDCi2030-1400f,1.4533803990351974,R10MIDDLE_EAST
WITCH 5.0,ENGAGE-INDCi2030-1400f-NDCp,1.4308590189009034,R10MIDDLE_EAST
WITCH 5.0,ENGAGE-INDCi2030-1600-NDCp,1.4308590189009034,R10MIDDLE_EAST
WITCH 5.0,ENGAGE-INDCi2030-500f,1.4533803990351974,R10MIDDLE_EAST
WITCH 5.0,ENGAGE-INDCi2030-600f,1.4533803990351974,R10MIDDLE_EAST
WITCH 5.0,ENGAGE-INDCi2030-600f-NDCp,1.4308590189009034,R10MIDDLE_EAST
WITCH 5.0,ENGAGE-INDCi2030-700f,1.4533803990351974,R10MIDDLE_EAST
WITCH 5.0,ENGAGE-INDCi2030-700f-NDCp,1.4308590189009034,R10MIDDLE_EAST
WITCH 5.0,ENGAGE-INDCi2030-800,1.4533803990351974,R10MIDDLE_EAST
WITCH 5.0,ENGAGE-INDCi2030-800-NDCp,1.4308590189009034,R10MIDDLE_EAST
WITCH 5.0,ENGAGE-INDCi2030-800f,1.4533803990351974,R10MIDDLE_EAST
WITCH 5.0,ENGAGE-INDCi2030-800f-NDCp,1.4308590189009034,R10MIDDLE_EAST
WITCH 5.0,ENGAGE-INDCi2030-900,1.4533803990351974,R10MIDDLE_EAST
WITCH 5.0,ENGAGE-INDCi2030-900-NDCp,1.4308590189009034,R10MIDDLE_EAST
WITCH 5.0,ENGAGE-INDCi2030-900f,1.4533803990351974,R10MIDDLE_EAST
WITCH 5.0,ENGAGE-INDCi2030-900f-NDCp,1.4308590189009034,R10MIDDLE_EAST
IMAGE 3.0,ENGAGE-INDCi2030-1000,2.243617966592372,R10EUROPE
IMAGE 3.0,ENGAGE-INDCi2030-1000f,2.2632897118714985,R10EUROPE
IMAGE 3.0,ENGAGE-INDCi2030-1200,2.244515159352533,R10EUROPE
IMAGE 3.0,ENGAGE-INDCi2030-1200f,2.2624355842693653,R10EUROPE
IMAGE 3.0,ENGAGE-INDCi2030-1400f,2.2624355842693653,R10EUROPE
IMAGE 3.0,ENGAGE-INDCi2030-800f,2.264697553646511,R10EUROPE
IMAGE 3.0,ENGAGE-NPi2020-1000,2.257028245355089,R10EUROPE
IMAGE 3.0,ENGAGE-NPi2020-1200,2.270801538291654,R10EUROPE
IMAGE 3.0,ENGAGE-NPi2020-1400,2.2861761406004897,R10EUROPE
IMAGE 3.0,ENGAGE-NPi2020-1400f,2.256134037863132,R10EUROPE
IMAGE 3.2,SSP2021-SSP1-SPA1-19-Default,2.091565683168377,R10EUROPE
IMAGE 3.2,SSP2021-SSP1-SPA1-19-Lifestyle-Renewables,2.0611010769222355,R10EUROPE
IMAGE 3.2,SSP2021-SSP1-SPA1-19-Renewables,2.0886399413770644,R10EUROPE
IMAGE 3.2,SSP2021-SSP1-SPA1-26-Default,2.1413186431715183,R10EUROPE
IMAGE 3.2,SSP2021-SSP1-SPA1-26-Lifestyle,2.1059293284175236,R10EUROPE
IMAGE 3.2,SSP2021-SSP1-SPA1-26-Lifestyle-Renewables,2.166352363050712,R10EUROPE
IMAGE 3.2,SSP2021-SSP1-SPA1-26-Renewables,2.147181711897155,R10EUROPE
IMAGE 3.2,SSP2021-SSP2-SPA0-26-Default,2.161422903795157,R10EUROPE
IMAGE 3.2,SSP2021-SSP2-SPA2-19-Renewables,2.0985303134158295,R10EUROPE
IMAGE 3.2,SSP2021-SSP2-SPA2-26-Default,2.22626649805719,R10EUROPE
IMAGE 3.2,SSP2021-SSP2-SPA2-26-Lifestyle,2.1902691937205363,R10EUROPE
IMAGE 3.2,SSP2021-SSP2-SPA2-26-Lifestyle-Renewables,2.105604972426167,R10EUROPE
IMAGE 3.2,SSP2021-SSP2-SPA2-26-Renewables,2.244640640674,R10EUROPE
IMAGE 3.3,NAVIGATE Demand-1.5°C-ele_u,1.7983530373372025,R10EUROPE
IMAGE 3.3,NAVIGATE Demand-1.5°C-tec_u,1.779393232958688,R10EUROPE
IMAGE 3.3,NAVIGATE Demand-2.0°C-ele_u,1.8375463822756835,R10EUROPE
IMAGE 3.3,NAVIGATE Demand-2.0°C-ref,1.826225179237142,R10EUROPE
IMAGE 3.3,NAVIGATE Demand-2.0°C-tec_u,1.8397018653710273,R10EUROPE
MESSAGEix-GLOBIOM 2.0-M-R12-NGFS,NGFS Phase 5-Below 2°C,2.104505270387159,R10EUROPE
MESSAGEix-GLOBIOM 2.0-M-R12-NGFS,NGFS Phase 5-Delayed Transition,2.1453489598203674,R10EUROPE
MESSAGEix-GLOBIOM 2.0-M-R12-NGFS,NGFS Phase 5-Low Demand,1.9825098525502631,R10EUROPE
MESSAGEix-GLOBIOM 2.0-M-R12-NGFS,NGFS Phase 5-Nationally Determined Contributions (NDCs),2.1039921170599265,R10EUROPE
MESSAGEix-GLOBIOM 2.0-M-R12-NGFS,NGFS Phase 5-Net-Zero 2050,1.9257332239174987,R10EUROPE
POLES-JRC ENGAGE,ENGAGE-INDCi2030-1000,2.1606957517562217,R10EUROPE
POLES-JRC ENGAGE,ENGAGE-INDCi2030-1000-COV,2.126714874430221,R10EUROPE
POLES-JRC ENGAGE,ENGAGE-INDCi2030-1000-COV-NDCp,1.7507266002202018,R10EUROPE
POLES-JRC ENGAGE,ENGAGE-INDCi2030-1000-NDCp,1.6938465317549618,R10EUROPE
POLES-JRC ENGAGE,ENGAGE-INDCi2030-1000f,2.1606957517562217,R10EUROPE
POLES-JRC ENGAGE,ENGAGE-INDCi2030-1000f-COV,2.126714874430221,R10EUROPE
POLES-JRC ENGAGE,ENGAGE-INDCi2030-1000f-COV-NDCp,1.750726541520074,R10EUROPE
POLES-JRC ENGAGE,ENGAGE-INDCi2030-1000f-NDCp,1.6938464735820038,R10EUROPE
POLES-JRC ENGAGE,ENGAGE-INDCi2030-1200,2.1606957517562217,R10EUROPE
POLES-JRC ENGAGE,ENGAGE-INDCi2030-1200f,2.1606957517562217,R10EUROPE
POLES-JRC ENGAGE,ENGAGE-INDCi2030-300f,2.1606957517562217,R10EUROPE
POLES-JRC ENGAGE,ENGAGE-INDCi2030-400f,2.1606957517562217,R10EUROPE
POLES-JRC ENGAGE,ENGAGE-INDCi2030-500f,2.1606957517562217,R10EUROPE
POLES-JRC ENGAGE,ENGAGE-INDCi2030-600f,2.1606957517562217,R10EUROPE
POLES-JRC ENGAGE,ENGAGE-INDCi2030-600f-COV,2.126714874430221,R10EUROPE
POLES-JRC ENGAGE,ENGAGE-INDCi2030-600f-COV-NDCp,1.750726541520074,R10EUROPE
POLES-JRC ENGAGE,ENGAGE-INDCi2030-600f-NDCp,1.6938465317549618,R10EUROPE
POLES-JRC ENGAGE,ENGAGE-INDCi2030-700f,2.1606957517562217,R10EUROPE
POLES-JRC ENGAGE,ENGAGE-INDCi2030-800f,2.1606957517562217,R10EUROPE
POLES-JRC ENGAGE,ENGAGE-INDCi2030-900,2.1606957517562217,R10EUROPE
POLES-JRC ENGAGE,ENGAGE-INDCi2030-900f,2.1606957517562217,R10EUROPE
POLES-JRC ENGAGE,ENGAGE-NPi2020-1000f,2.0906706303647735,R10EUROPE
POLES-JRC ENGAGE,ENGAGE-NPi2020-1000f-COV,2.1207839055123796,R10EUROPE
POLES-JRC ENGAGE,ENGAGE-NPi2020-1200f,2.126534993722792,R10EUROPE
POLES-JRC ENGAGE,ENGAGE-NPi2020-900f,2.052299188005215,R10EUROPE
REMIND-MAgPIE 2.1-4.2,NGFS Phase 2-Delayed Transition,1.6979697149556354,R10EUROPE
REMIND-MAgPIE 3.2.0-4.8.0,RESCUE-End-of-Century-Budget-1150,2.159705264338933,R10EUROPE
REMIND-MAgPIE 3.2.0-4.8.0,RESCUE-End-of-Century-Budget-1150-with-OAE,2.159705264338933,R10EUROPE
REMIND-MAgPIE 3.2.0-4.8.0,RESCUE-End-of-Century-Budget-500,2.159705264338933,R10EUROPE
REMIND-MAgPIE 3.2.0-4.8.0,RESCUE-End-of-Century-Budget-500-with-OAE,2.159705264338933,R10EUROPE
REMIND-MAgPIE 3.2.0-4.8.0,RESCUE-Peak-Budget-1150,2.088004871380921,R10EUROPE
REMIND-MAgPIE 3.2.0-4.8.0,RESCUE-Peak-Budget-1150-with-OAE,2.081507681668109,R10EUROPE
REMIND-MAgPIE 3.3-4.8,NGFS Phase 5-Below 2°C,2.1290183619270215,R10EUROPE
REMIND-MAgPIE 3.3-4.8,NGFS Phase 5-Delayed Transition,2.2192221038749897,R10EUROPE
REMIND-MAgPIE 3.3-4.8,NGFS Phase 5-Low Demand,1.8020712982057876,R10EUROPE
REMIND-MAgPIE 3.3-4.8,NGFS Phase 5-Net-Zero 2050,1.8654615973924127,R10EUROPE
WITCH 5.0,ENGAGE-INDCi2030-1000,1.6188549960682626,R10EUROPE
WITCH 5.0,ENGAGE-INDCi2030-1000-NDCp,1.6196939595438353,R10EUROPE
WITCH 5.0,ENGAGE-INDCi2030-1000f,1.6188549960682626,R10EUROPE
WITCH 5.0,ENGAGE-INDCi2030-1000f-NDCp,1.6196939595438353,R10EUROPE
WITCH 5.0,ENGAGE-INDCi2030-1200,1.6188549960682626,R10EUROPE
WITCH 5.0,ENGAGE-INDCi2030-1200-NDCp,1.6196939595438353,R10EUROPE
WITCH 5.0,ENGAGE-INDCi2030-1200f,1.6188549960682626,R10EUROPE
WITCH 5.0,ENGAGE-INDCi2030-1200f-NDCp,1.6196939595438353,R10EUROPE
WITCH 5.0,ENGAGE-INDCi2030-1400,1.6188549960682626,R10EUROPE
WITCH 5.0,ENGAGE-INDCi2030-1400-NDCp,1.6196939595438353,R10EUROPE
WITCH 5.0,ENGAGE-INDCi2030-1400f,1.6188549960682626,R10EUROPE
WITCH 5.0,ENGAGE-INDCi2030-1400f-NDCp,1.6196939595438353,R10EUROPE
WITCH 5.0,ENGAGE-INDCi2030-1600-NDCp,1.6196939595438353,R10EUROPE
WITCH 5.0,ENGAGE-INDCi2030-500f,1.6188549960682626,R10EUROPE
WITCH 5.0,ENGAGE-INDCi2030-600f,1.6188549960682626,R10EUROPE
WITCH 5.0,ENGAGE-INDCi2030-600f-NDCp,1.6196939595438353,R10EUROPE
WITCH 5.0,ENGAGE-INDCi2030-700f,1.6188549960682626,R10EUROPE
WITCH 5.0,ENGAGE-INDCi2030-700f-NDCp,1.6196939595438353,R10EUROPE
WITCH 5.0,ENGAGE-INDCi2030-800,1.6188549960682626,R10EUROPE
WITCH 5.0,ENGAGE-INDCi2030-800-NDCp,1.6196939595438353,R10EUROPE
WITCH 5.0,ENGAGE-INDCi2030-800f,1.6188549960682626,R10EUROPE
WITCH 5.0,ENGAGE-INDCi2030-800f-NDCp,1.6196939595438353,R10EUROPE
WITCH 5.0,ENGAGE-INDCi2030-900,1.6188549960682626,R10EUROPE
WITCH 5.0,ENGAGE-INDCi2030-900-NDCp,1.6196939595438353,R10EUROPE
WITCH 5.0,ENGAGE-INDCi2030-900f,1.6188549960682626,R10EUROPE
WITCH 5.0,ENGAGE-INDCi2030-900f-NDCp,1.6196939595438353,R10EUROPE
IMAGE 3.0,ENGAGE-INDCi2030-1000,15.07317074955892,R10REST_ASIA
IMAGE 3.0,ENGAGE-INDCi2030-1000f,15.054858293259306,R10REST_ASIA
IMAGE 3.0,ENGAGE-INDCi2030-1200,15.048480261617058,R10REST_ASIA
IMAGE 3.0,ENGAGE-INDCi2030-1200f,15.068429091529095,R10REST_ASIA
IMAGE 3.0,ENGAGE-INDCi2030-1400f,15.068429091529095,R10REST_ASIA
IMAGE 3.0,ENGAGE-INDCi2030-800f,15.105636085584353,R10REST_ASIA
IMAGE 3.0,ENGAGE-NPi2020-1000,14.477689510000056,R10REST_ASIA
IMAGE 3.0,ENGAGE-NPi2020-1200,14.638022296925742,R10REST_ASIA
IMAGE 3.0,ENGAGE-NPi2020-1400,14.815227983888446,R10REST_ASIA
IMAGE 3.0,ENGAGE-NPi2020-1400f,14.538219354821601,R10REST_ASIA
IMAGE 3.2,SSP2021-SSP1-SPA1-19-Default,13.98383066995374,R10REST_ASIA
IMAGE 3.2,SSP2021-SSP1-SPA1-19-Lifestyle-Renewables,14.037785148021309,R10REST_ASIA
IMAGE 3.2,SSP2021-SSP1-SPA1-19-Renewables,13.778898856996609,R10REST_ASIA
IMAGE 3.2,SSP2021-SSP1-SPA1-26-Default,14.525917307880638,R10REST_ASIA
IMAGE 3.2,SSP2021-SSP1-SPA1-26-Lifestyle,14.6612510405889,R10REST_ASIA
IMAGE 3.2,SSP2021-SSP1-SPA1-26-Lifestyle-Renewables,14.985116199939135,R10REST_ASIA
IMAGE 3.2,SSP2021-SSP1-SPA1-26-Renewables,14.373517173209606,R10REST_ASIA
IMAGE 3.2,SSP2021-SSP2-SPA0-26-Default,14.451085375262451,R10REST_ASIA
IMAGE 3.2,SSP2021-SSP2-SPA2-19-Renewables,12.626950765120798,R10REST_ASIA
IMAGE 3.2,SSP2021-SSP2-SPA2-26-Default,14.739598139087185,R10REST_ASIA
IMAGE 3.2,SSP2021-SSP2-SPA2-26-Lifestyle,14.550249374820229,R10REST_ASIA
IMAGE 3.2,SSP2021-SSP2-SPA2-26-Lifestyle-Renewables,14.621439639502327,R10REST_ASIA
IMAGE 3.2,SSP2021-SSP2-SPA2-26-Renewables,14.565889684819764,R10REST_ASIA
IMAGE 3.3,NAVIGATE Demand-1.5°C-ele_u,13.345678597321308,R10REST_ASIA
IMAGE 3.3,NAVIGATE Demand-1.5°C-tec_u,13.292657188102481,R10REST_ASIA
IMAGE 3.3,NAVIGATE Demand-2.0°C-ele_u,14.516796746239397,R10REST_ASIA
IMAGE 3.3,NAVIGATE Demand-2.0°C-ref,13.944643499285126,R10REST_ASIA
IMAGE 3.3,NAVIGATE Demand-2.0°C-tec_u,14.355335489856667,R10REST_ASIA
MESSAGEix-GLOBIOM 2.0-M-R12-NGFS,NGFS Phase 5-Below 2°C,14.443103378243963,R10REST_ASIA
MESSAGEix-GLOBIOM 2.0-M-R12-NGFS,NGFS Phase 5-Delayed Transition,15.040844672827449,R10REST_ASIA
MESSAGEix-GLOBIOM 2.0-M-R12-NGFS,NGFS Phase 5-Low Demand,14.000561210563113,R10REST_ASIA
MESSAGEix-GLOBIOM 2.0-M-R12-NGFS,NGFS Phase 5-Nationally Determined Contributions (NDCs),14.34729115807011,R10REST_ASIA
MESSAGEix-GLOBIOM 2.0-M-R12-NGFS,NGFS Phase 5-Net-Zero 2050,13.852736894051699,R10REST_ASIA
POLES-JRC ENGAGE,ENGAGE-INDCi2030-1000,12.922830233447021,R10REST_ASIA
POLES-JRC ENGAGE,ENGAGE-INDCi2030-1000-COV,12.716309360510891,R10REST_ASIA
POLES-JRC ENGAGE,ENGAGE-INDCi2030-1000-COV-NDCp,12.715592560055168,R10REST_ASIA
POLES-JRC ENGAGE,ENGAGE-INDCi2030-1000-NDCp,13.37159693854965,R10REST_ASIA
POLES-JRC ENGAGE,ENGAGE-INDCi2030-1000f,12.922830233447021,R10REST_ASIA
POLES-JRC ENGAGE,ENGAGE-INDCi2030-1000f-COV,12.716309360510891,R10REST_ASIA
POLES-JRC ENGAGE,ENGAGE-INDCi2030-1000f-COV-NDCp,12.715592190661106,R10REST_ASIA
POLES-JRC ENGAGE,ENGAGE-INDCi2030-1000f-NDCp,13.37159693854965,R10REST_ASIA
POLES-JRC ENGAGE,ENGAGE-INDCi2030-1200,12.922830233447021,R10REST_ASIA
POLES-JRC ENGAGE,ENGAGE-INDCi2030-1200f,12.922830233447021,R10REST_ASIA
POLES-JRC ENGAGE,ENGAGE-INDCi2030-300f,12.922830233447021,R10REST_ASIA
POLES-JRC ENGAGE,ENGAGE-INDCi2030-400f,12.922830233447021,R10REST_ASIA
POLES-JRC ENGAGE,ENGAGE-INDCi2030-500f,12.922830233447021,R10REST_ASIA
POLES-JRC ENGAGE,ENGAGE-INDCi2030-600f,12.922830233447021,R10REST_ASIA
POLES-JRC ENGAGE,ENGAGE-INDCi2030-600f-COV,12.716309360510891,R10REST_ASIA
POLES-JRC ENGAGE,ENGAGE-INDCi2030-600f-COV-NDCp,12.715592190661106,R10REST_ASIA
POLES-JRC ENGAGE,ENGAGE-INDCi2030-600f-NDCp,13.37159693854965,R10REST_ASIA
POLES-JRC ENGAGE,ENGAGE-INDCi2030-700f,12.922830233447021,R10REST_ASIA
POLES-JRC ENGAGE,ENGAGE-INDCi2030-800f,12.922830233447021,R10REST_ASIA
POLES-JRC ENGAGE,ENGAGE-INDCi2030-900,12.922830233447021,R10REST_ASIA
POLES-JRC ENGAGE,ENGAGE-INDCi2030-900f,12.922830233447021,R10REST_ASIA
POLES-JRC ENGAGE,ENGAGE-NPi2020-1000f,12.07778116399455,R10REST_ASIA
POLES-JRC ENGAGE,ENGAGE-NPi2020-1000f-COV,11.938757423002798,R10REST_ASIA
POLES-JRC ENGAGE,ENGAGE-NPi2020-1200f,12.21994377213217,R10REST_ASIA
POLES-JRC ENGAGE,ENGAGE-NPi2020-900f,11.904847298330644,R10REST_ASIA
REMIND-MAgPIE 2.1-4.2,NGFS Phase 2-Delayed Transition,15.606417523632656,R10REST_ASIA
REMIND-MAgPIE 3.2.0-4.8.0,RESCUE-End-of-Century-Budget-1150,19.281473149793406,R10REST_ASIA
REMIND-MAgPIE 3.2.0-4.8.0,RESCUE-End-of-Century-Budget-1150-with-OAE,19.281473149793406,R10REST_ASIA
REMIND-MAgPIE 3.2.0-4.8.0,RESCUE-End-of-Century-Budget-500,19.281473149793406,R10REST_ASIA
REMIND-MAgPIE 3.2.0-4.8.0,RESCUE-End-of-Century-Budget-500-with-OAE,19.281473149793406,R10REST_ASIA
REMIND-MAgPIE 3.2.0-4.8.0,RESCUE-Peak-Budget-1150,16.777987280774777,R10REST_ASIA
REMIND-MAgPIE 3.2.0-4.8.0,RESCUE-Peak-Budget-1150-with-OAE,16.941795190760754,R10REST_ASIA
REMIND-MAgPIE 3.3-4.8,NGFS Phase 5-Below 2°C,16.951171093963655,R10REST_ASIA
REMIND-MAgPIE 3.3-4.8,NGFS Phase 5-Delayed Transition,18.646698059855254,R10REST_ASIA
REMIND-MAgPIE 3.3-4.8,NGFS Phase 5-Low Demand,16.24110747349385,R10REST_ASIA
REMIND-MAgPIE 3.3-4.8,NGFS Phase 5-Net-Zero 2050,15.635665849259457,R10REST_ASIA
WITCH 5.0,ENGAGE-INDCi2030-1000,12.938789988512902,R10REST_ASIA
WITCH 5.0,ENGAGE-INDCi2030-1000-NDCp,12.942436521200824,R10REST_ASIA
WITCH 5.0,ENGAGE-INDCi2030-1000f,12.938789988512902,R10REST_ASIA
WITCH 5.0,ENGAGE-INDCi2030-1000f-NDCp,12.942436521200824,R10REST_ASIA
WITCH 5.0,ENGAGE-INDCi2030-1200,12.938789988512902,R10REST_ASIA
WITCH 5.0,ENGAGE-INDCi2030-1200-NDCp,12.942436521200824,R10REST_ASIA
WITCH 5.0,ENGAGE-INDCi2030-1200f,12.938789988512902,R10REST_ASIA
WITCH 5.0,ENGAGE-INDCi2030-1200f-NDCp,12.942436521200824,R10REST_ASIA
WITCH 5.0,ENGAGE-INDCi2030-1400,12.938789988512902,R10REST_ASIA
WITCH 5.0,ENGAGE-INDCi2030-1400-NDCp,12.942436521200824,R10REST_ASIA
WITCH 5.0,ENGAGE-INDCi2030-1400f,12.938789988512902,R10REST_ASIA
WITCH 5.0,ENGAGE-INDCi2030-1400f-NDCp,12.942436521200824,R10REST_ASIA
WITCH 5.0,ENGAGE-INDCi2030-1600-NDCp,12.942436521200824,R10REST_ASIA
WITCH 5.0,ENGAGE-INDCi2030-500f,12.938789988512902,R10REST_ASIA
WITCH 5.0,ENGAGE-INDCi2030-600f,12.938789988512902,R10REST_ASIA
WITCH 5.0,ENGAGE-INDCi2030-600f-NDCp,12.942436521200824,R10REST_ASIA
WITCH 5.0,ENGAGE-INDCi2030-700f,12.938789988512902,R10REST_ASIA
WITCH 5.0,ENGAGE-INDCi2030-700f-NDCp,12.942436521200824,R10REST_ASIA
WITCH 5.0,ENGAGE-INDCi2030-800,12.938789988512902,R10REST_ASIA
WITCH 5.0,ENGAGE-INDCi2030-800-NDCp,12.942436521200824,R10REST_ASIA
WITCH 5.0,ENGAGE-INDCi2030-800f,12.938789988512902,R10REST_ASIA
WITCH 5.0,ENGAGE-INDCi2030-800f-NDCp,12.942436521200824,R10REST_ASIA
WITCH 5.0,ENGAGE-INDCi2030-900,12.938789988512902,R10REST_ASIA
WITCH 5.0,ENGAGE-INDCi2030-900-NDCp,12.942436521200824,R10REST_ASIA
WITCH 5.0,ENGAGE-INDCi2030-900f,12.938789988512902,R10REST_ASIA
WITCH 5.0,ENGAGE-INDCi2030-900f-NDCp,12.942436521200824,R10REST_ASIA
IMAGE 3.0,ENGAGE-INDCi2030-1000,10.766044416164439,R10PAC_OECD
IMAGE 3.0,ENGAGE-INDCi2030-1000f,10.779870174121022,R10PAC_OECD
IMAGE 3.0,ENGAGE-INDCi2030-1200,10.777561230873216,R10PAC_OECD
IMAGE 3.0,ENGAGE-INDCi2030-1200f,10.761248192879338,R10PAC_OECD
IMAGE 3.0,ENGAGE-INDCi2030-1400f,10.761248192879338,R10PAC_OECD
IMAGE 3.0,ENGAGE-INDCi2030-800f,10.48863130836835,R10PAC_OECD
IMAGE 3.0,ENGAGE-NPi2020-1000,12.515442508474585,R10PAC_OECD
IMAGE 3.0,ENGAGE-NPi2020-1200,12.583017340951308,R10PAC_OECD
IMAGE 3.0,ENGAGE-NPi2020-1400,12.684439833521932,R10PAC_OECD
IMAGE 3.0,ENGAGE-NPi2020-1400f,12.504922733167778,R10PAC_OECD
IMAGE 3.2,SSP2021-SSP1-SPA1-19-Default,9.634501997462511,R10PAC_OECD
IMAGE 3.2,SSP2021-SSP1-SPA1-19-Lifestyle-Renewables,9.369863405254623,R10PAC_OECD
IMAGE 3.2,SSP2021-SSP1-SPA1-19-Renewables,9.426556437602061,R10PAC_OECD
IMAGE 3.2,SSP2021-SSP1-SPA1-26-Default,9.996892431374933,R10PAC_OECD
IMAGE 3.2,SSP2021-SSP1-SPA1-26-Lifestyle,9.926660761746023,R10PAC_OECD
IMAGE 3.2,SSP2021-SSP1-SPA1-26-Lifestyle-Renewables,10.12915785991276,R10PAC_OECD
IMAGE 3.2,SSP2021-SSP1-SPA1-26-Renewables,9.862053399207634,R10PAC_OECD
IMAGE 3.2,SSP2021-SSP2-SPA0-26-Default,10.462241772281779,R10PAC_OECD
IMAGE 3.2,SSP2021-SSP2-SPA2-19-Renewables,8.265287831571712,R10PAC_OECD
IMAGE 3.2,SSP2021-SSP2-SPA2-26-Default,10.415745009242391,R10PAC_OECD
IMAGE 3.2,SSP2021-SSP2-SPA2-26-Lifestyle,9.29982533330569,R10PAC_OECD
IMAGE 3.2,SSP2021-SSP2-SPA2-26-Lifestyle-Renewables,8.990644062084813,R10PAC_OECD
IMAGE 3.2,SSP2021-SSP2-SPA2-26-Renewables,9.976118142798873,R10PAC_OECD
IMAGE 3.3,NAVIGATE Demand-1.5°C-ele_u,9.153654973255655,R10PAC_OECD
IMAGE 3.3,NAVIGATE Demand-1.5°C-tec_u,9.144866883821603,R10PAC_OECD
IMAGE 3.3,NAVIGATE Demand-2.0°C-ele_u,9.953573375081717,R10PAC_OECD
IMAGE 3.3,NAVIGATE Demand-2.0°C-ref,9.449588850521192,R10PAC_OECD
IMAGE 3.3,NAVIGATE Demand-2.0°C-tec_u,9.707131087484214,R10PAC_OECD
MESSAGEix-GLOBIOM 2.0-M-R12-NGFS,NGFS Phase 5-Below 2°C,10.579579612294907,R10PAC_OECD
MESSAGEix-GLOBIOM 2.0-M-R12-NGFS,NGFS Phase 5-Delayed Transition,11.25519563022999,R10PAC_OECD
MESSAGEix-GLOBIOM 2.0-M-R12-NGFS,NGFS Phase 5-Low Demand,9.80771014893029,R10PAC_OECD
MESSAGEix-GLOBIOM 2.0-M-R12-NGFS,NGFS Phase 5-Nationally Determined Contributions (NDCs),10.796296249099697,R10PAC_OECD
MESSAGEix-GLOBIOM 2.0-M-R12-NGFS,NGFS Phase 5-Net-Zero 2050,9.778025979389954,R10PAC_OECD
POLES-JRC ENGAGE,ENGAGE-INDCi2030-1000,14.631866497067673,R10PAC_OECD
POLES-JRC ENGAGE,ENGAGE-INDCi2030-1000-COV,14.471234443173698,R10PAC_OECD
POLES-JRC ENGAGE,ENGAGE-INDCi2030-1000-COV-NDCp,14.135761043170987,R10PAC_OECD
POLES-JRC ENGAGE,ENGAGE-INDCi2030-1000-NDCp,14.758947854340292,R10PAC_OECD
POLES-JRC ENGAGE,ENGAGE-INDCi2030-1000f,14.631866497067673,R10PAC_OECD
POLES-JRC ENGAGE,ENGAGE-INDCi2030-1000f-COV,14.471234443173698,R10PAC_OECD
POLES-JRC ENGAGE,ENGAGE-INDCi2030-1000f-COV-NDCp,14.135760308384272,R10PAC_OECD
POLES-JRC ENGAGE,ENGAGE-INDCi2030-1000f-NDCp,14.758947854340292,R10PAC_OECD
POLES-JRC ENGAGE,ENGAGE-INDCi2030-1200,14.631866497067673,R10PAC_OECD
POLES-JRC ENGAGE,ENGAGE-INDCi2030-1200f,14.631866497067673,R10PAC_OECD
POLES-JRC ENGAGE,ENGAGE-INDCi2030-300f,14.631866497067673,R10PAC_OECD
POLES-JRC ENGAGE,ENGAGE-INDCi2030-400f,14.631866497067673,R10PAC_OECD
POLES-JRC ENGAGE,ENGAGE-INDCi2030-500f,14.631866497067673,R10PAC_OECD
POLES-JRC ENGAGE,ENGAGE-INDCi2030-600f,14.631866497067673,R10PAC_OECD
POLES-JRC ENGAGE,ENGAGE-INDCi2030-600f-COV,14.471234443173698,R10PAC_OECD
POLES-JRC ENGAGE,ENGAGE-INDCi2030-600f-COV-NDCp,14.135760308384272,R10PAC_OECD
POLES-JRC ENGAGE,ENGAGE-INDCi2030-600f-NDCp,14.758947854340292,R10PAC_OECD
POLES-JRC ENGAGE,ENGAGE-INDCi2030-700f,14.631866497067673,R10PAC_OECD
POLES-JRC ENGAGE,ENGAGE-INDCi2030-800f,14.631866497067673,R10PAC_OECD
POLES-JRC ENGAGE,ENGAGE-INDCi2030-900,14.631866497067673,R10PAC_OECD
POLES-JRC ENGAGE,ENGAGE-INDCi2030-900f,14.631866497067673,R10PAC_OECD
POLES-JRC ENGAGE,ENGAGE-NPi2020-1000f,14.31302612211769,R10PAC_OECD
POLES-JRC ENGAGE,ENGAGE-NPi2020-1000f-COV,14.457518593281911,R10PAC_OECD
POLES-JRC ENGAGE,ENGAGE-NPi2020-1200f,14.475280277467816,R10PAC_OECD
POLES-JRC ENGAGE,ENGAGE-NPi2020-900f,14.074091005576603,R10PAC_OECD
REMIND-MAgPIE 2.1-4.2,NGFS Phase 2-Delayed Transition,9.066777481995844,R10PAC_OECD
REMIND-MAgPIE 3.2.0-4.8.0,RESCUE-End-of-Century-Budget-1150,9.101592146447484,R10PAC_OECD
REMIND-MAgPIE 3.2.0-4.8.0,RESCUE-End-of-Century-Budget-1150-with-OAE,9.101592146447484,R10PAC_OECD
REMIND-MAgPIE 3.2.0-4.8.0,RESCUE-End-of-Century-Budget-500,9.101592146447484,R10PAC_OECD
REMIND-MAgPIE 3.2.0-4.8.0,RESCUE-End-of-Century-Budget-500-with-OAE,9.101592146447484,R10PAC_OECD
REMIND-MAgPIE 3.2.0-4.8.0,RESCUE-Peak-Budget-1150,8.615213540557585,R10PAC_OECD
REMIND-MAgPIE 3.2.0-4.8.0,RESCUE-Peak-Budget-1150-with-OAE,8.613686552313997,R10PAC_OECD
REMIND-MAgPIE 3.3-4.8,NGFS Phase 5-Below 2°C,8.896321708045361,R10PAC_OECD
REMIND-MAgPIE 3.3-4.8,NGFS Phase 5-Delayed Transition,9.50768398944637,R10PAC_OECD
REMIND-MAgPIE 3.3-4.8,NGFS Phase 5-Low Demand,7.570181155203141,R10PAC_OECD
REMIND-MAgPIE 3.3-4.8,NGFS Phase 5-Net-Zero 2050,7.915123718205136,R10PAC_OECD
WITCH 5.0,ENGAGE-INDCi2030-1000,16.874679027587813,R10PAC_OECD
WITCH 5.0,ENGAGE-INDCi2030-1000-NDCp,16.813493383247142,R10PAC_OECD
WITCH 5.0,ENGAGE-INDCi2030-1000f,16.874679027587813,R10PAC_OECD
WITCH 5.0,ENGAGE-INDCi2030-1000f-NDCp,16.813493383247142,R10PAC_OECD
WITCH 5.0,ENGAGE-INDCi2030-1200,16.874679027587813,R10PAC_OECD
WITCH 5.0,ENGAGE-INDCi2030-1200-NDCp,16.813493383247142,R10PAC_OECD
WITCH 5.0,ENGAGE-INDCi2030-1200f,16.874679027587813,R10PAC_OECD
WITCH 5.0,ENGAGE-INDCi2030-1200f-NDCp,16.813493383247142,R10PAC_OECD
WITCH 5.0,ENGAGE-INDCi2030-1400,16.874679027587813,R10PAC_OECD
WITCH 5.0,ENGAGE-INDCi2030-1400-NDCp,16.813493383247142,R10PAC_OECD
WITCH 5.0,ENGAGE-INDCi2030-1400f,16.874679027587813,R10PAC_OECD
WITCH 5.0,ENGAGE-INDCi2030-1400f-NDCp,16.813493383247142,R10PAC_OECD
WITCH 5.0,ENGAGE-INDCi2030-1600-NDCp,16.813493383247142,R10PAC_OECD
WITCH 5.0,ENGAGE-INDCi2030-500f,16.874679027587813,R10PAC_OECD
WITCH 5.0,ENGAGE-INDCi2030-600f,16.874679027587813,R10PAC_OECD
WITCH 5.0,ENGAGE-INDCi2030-600f-NDCp,16.813493383247142,R10PAC_OECD
WITCH 5.0,ENGAGE-INDCi2030-700f,16.874679027587813,R10PAC_OECD
WITCH 5.0,ENGAGE-INDCi2030-700f-NDCp,16.813493383247142,R10PAC_OECD
WITCH 5.0,ENGAGE-INDCi2030-800,16.874679027587813,R10PAC_OECD
WITCH 5.0,ENGAGE-INDCi2030-800-NDCp,16.813493383247142,R10PAC_OECD
WITCH 5.0,ENGAGE-INDCi2030-800f,16.874679027587813,R10PAC_OECD
WITCH 5.0,ENGAGE-INDCi2030-800f-NDCp,16.813493383247142,R10PAC_OECD
WITCH 5.0,ENGAGE-INDCi2030-900,16.874679027587813,R10PAC_OECD
WITCH 5.0,ENGAGE-INDCi2030-900-NDCp,16.813493383247142,R10PAC_OECD
WITCH 5.0,ENGAGE-INDCi2030-900f,16.874679027587813,R10PAC_OECD
WITCH 5.0,ENGAGE-INDCi2030-900f-NDCp,16.813493383247142,R10PAC_OECD
IMAGE 3.0,ENGAGE-INDCi2030-1000,17.20733100881458,R10REF_ECON
IMAGE 3.0,ENGAGE-INDCi2030-1000f,17.212350019349778,R10REF_ECON
IMAGE 3.0,ENGAGE-INDCi2030-1200,17.2063802081552,R10REF_ECON
IMAGE 3.0,ENGAGE-INDCi2030-1200f,17.188338401523477,R10REF_ECON
IMAGE 3.0,ENGAGE-INDCi2030-1400f,17.188338401523477,R10REF_ECON
IMAGE 3.0,ENGAGE-INDCi2030-800f,17.26643126562907,R10REF_ECON
IMAGE 3.0,ENGAGE-NPi2020-1000,15.66691789157115,R10REF_ECON
IMAGE 3.0,ENGAGE-NPi2020-1200,15.854845582158099,R10REF_ECON
IMAGE 3.0,ENGAGE-NPi2020-1400,16.12415377484621,R10REF_ECON
IMAGE 3.0,ENGAGE-NPi2020-1400f,15.736856855367218,R10REF_ECON
IMAGE 3.2,SSP2021-SSP1-SPA1-19-Default,15.8197478855189,R10REF_ECON
IMAGE 3.2,SSP2021-SSP1-SPA1-19-Lifestyle-Renewables,15.511932490903371,R10REF_ECON
IMAGE 3.2,SSP2021-SSP1-SPA1-19-Renewables,15.549070786700597,R10REF_ECON
IMAGE 3.2,SSP2021-SSP1-SPA1-26-Default,16.36063025287103,R10REF_ECON
IMAGE 3.2,SSP2021-SSP1-SPA1-26-Lifestyle,16.259334043639416,R10REF_ECON
IMAGE 3.2,SSP2021-SSP1-SPA1-26-Lifestyle-Renewables,16.335973533606136,R10REF_ECON
IMAGE 3.2,SSP2021-SSP1-SPA1-26-Renewables,16.22024646568766,R10REF_ECON
IMAGE 3.2,SSP2021-SSP2-SPA0-26-Default,15.88364168067802,R10REF_ECON
IMAGE 3.2,SSP2021-SSP2-SPA2-19-Renewables,16.522237000801002,R10REF_ECON
IMAGE 3.2,SSP2021-SSP2-SPA2-26-Default,17.13992523641552,R10REF_ECON
IMAGE 3.2,SSP2021-SSP2-SPA2-26-Lifestyle,16.871016825863062,R10REF_ECON
IMAGE 3.2,SSP2021-SSP2-SPA2-26-Lifestyle-Renewables,16.681637373778074,R10REF_ECON
IMAGE 3.2,SSP2021-SSP2-SPA2-26-Renewables,16.903534358850905,R10REF_ECON
IMAGE 3.3,NAVIGATE Demand-1.5°C-ele_u,14.90709603244728,R10REF_ECON
IMAGE 3.3,NAVIGATE Demand-1.5°C-tec_u,14.87836009688875,R10REF_ECON
IMAGE 3.3,NAVIGATE Demand-2.0°C-ele_u,15.316836664518949,R10REF_ECON
IMAGE 3.3,NAVIGATE Demand-2.0°C-ref,15.176002064934163,R10REF_ECON
IMAGE 3.3,NAVIGATE Demand-2.0°C-tec_u,15.192432464107,R10REF_ECON
MESSAGEix-GLOBIOM 2.0-M-R12-NGFS,NGFS Phase 5-Below 2°C,11.871535860166588,R10REF_ECON
MESSAGEix-GLOBIOM 2.0-M-R12-NGFS,NGFS Phase 5-Delayed Transition,12.458843561114302,R10REF_ECON
MESSAGEix-GLOBIOM 2.0-M-R12-NGFS,NGFS Phase 5-Low Demand,11.018469384865359,R10REF_ECON
MESSAGEix-GLOBIOM 2.0-M-R12-NGFS,NGFS Phase 5-Nationally Determined Contributions (NDCs),12.848353853853029,R10REF_ECON
MESSAGEix-GLOBIOM 2.0-M-R12-NGFS,NGFS Phase 5-Net-Zero 2050,10.905927068190008,R10REF_ECON
POLES-JRC ENGAGE,ENGAGE-INDCi2030-1000,10.737503852583853,R10REF_ECON
POLES-JRC ENGAGE,ENGAGE-INDCi2030-1000-COV,10.193945764020876,R10REF_ECON
POLES-JRC ENGAGE,ENGAGE-INDCi2030-1000-COV-NDCp,10.208907203540093,R10REF_ECON
POLES-JRC ENGAGE,ENGAGE-INDCi2030-1000-NDCp,11.607339344891916,R10REF_ECON
POLES-JRC ENGAGE,ENGAGE-INDCi2030-1000f,10.737503852583853,R10REF_ECON
POLES-JRC ENGAGE,ENGAGE-INDCi2030-1000f-COV,10.193945764020876,R10REF_ECON
POLES-JRC ENGAGE,ENGAGE-INDCi2030-1000f-COV-NDCp,10.208906522551214,R10REF_ECON
POLES-JRC ENGAGE,ENGAGE-INDCi2030-1000f-NDCp,11.60733836062509,R10REF_ECON
POLES-JRC ENGAGE,ENGAGE-INDCi2030-1200,10.737503852583853,R10REF_ECON
POLES-JRC ENGAGE,ENGAGE-INDCi2030-1200f,10.737503852583853,R10REF_ECON
POLES-JRC ENGAGE,ENGAGE-INDCi2030-300f,10.737503852583853,R10REF_ECON
POLES-JRC ENGAGE,ENGAGE-INDCi2030-400f,10.737503852583853,R10REF_ECON
POLES-JRC ENGAGE,ENGAGE-INDCi2030-500f,10.737503852583853,R10REF_ECON
POLES-JRC ENGAGE,ENGAGE-INDCi2030-600f,10.737503852583853,R10REF_ECON
POLES-JRC ENGAGE,ENGAGE-INDCi2030-600f-COV,10.193945764020876,R10REF_ECON
POLES-JRC ENGAGE,ENGAGE-INDCi2030-600f-COV-NDCp,10.208906522551214,R10REF_ECON
POLES-JRC ENGAGE,ENGAGE-INDCi2030-600f-NDCp,11.607339344891916,R10REF_ECON
POLES-JRC ENGAGE,ENGAGE-INDCi2030-700f,10.737503852583853,R10REF_ECON
POLES-JRC ENGAGE,ENGAGE-INDCi2030-800f,10.737503852583853,R10REF_ECON
POLES-JRC ENGAGE,ENGAGE-INDCi2030-900,10.737503852583853,R10REF_ECON
POLES-JRC ENGAGE,ENGAGE-INDCi2030-900f,10.737503852583853,R10REF_ECON
POLES-JRC ENGAGE,ENGAGE-NPi2020-1000f,9.49978116027677,R10REF_ECON
POLES-JRC ENGAGE,ENGAGE-NPi2020-1000f-COV,9.196414726873652,R10REF_ECON
POLES-JRC ENGAGE,ENGAGE-NPi2020-1200f,9.69642952998153,R10REF_ECON
POLES-JRC ENGAGE,ENGAGE-NPi2020-900f,9.268445511214555,R10REF_ECON
REMIND-MAgPIE 2.1-4.2,NGFS Phase 2-Delayed Transition,15.781416987921533,R10REF_ECON
REMIND-MAgPIE 3.2.0-4.8.0,RESCUE-End-of-Century-Budget-1150,17.611563543582122,R10REF_ECON
REMIND-MAgPIE 3.2.0-4.8.0,RESCUE-End-of-Century-Budget-1150-with-OAE,17.611563543582122,R10REF_ECON
REMIND-MAgPIE 3.2.0-4.8.0,RESCUE-End-of-Century-Budget-500,17.611563543582122,R10REF_ECON
REMIND-MAgPIE 3.2.0-4.8.0,RESCUE-End-of-Century-Budget-500-with-OAE,17.611563543582122,R10REF_ECON
REMIND-MAgPIE 3.2.0-4.8.0,RESCUE-Peak-Budget-1150,16.131527942455055,R10REF_ECON
REMIND-MAgPIE 3.2.0-4.8.0,RESCUE-Peak-Budget-1150-with-OAE,16.133349551033096,R10REF_ECON
REMIND-MAgPIE 3.3-4.8,NGFS Phase 5-Below 2°C,14.221381647267597,R10REF_ECON
REMIND-MAgPIE 3.3-4.8,NGFS Phase 5-Delayed Transition,15.683001578577283,R10REF_ECON
REMIND-MAgPIE 3.3-4.8,NGFS Phase 5-Low Demand,11.771322341984838,R10REF_ECON
REMIND-MAgPIE 3.3-4.8,NGFS Phase 5-Net-Zero 2050,12.192700217265433,R10REF_ECON
WITCH 5.0,ENGAGE-INDCi2030-1000,19.232649187023657,R10REF_ECON
WITCH 5.0,ENGAGE-INDCi2030-1000-NDCp,19.23282758654555,R10REF_ECON
WITCH 5.0,ENGAGE-INDCi2030-1000f,19.232649187023657,R10REF_ECON
WITCH 5.0,ENGAGE-INDCi2030-1000f-NDCp,19.23282758654555,R10REF_ECON
WITCH 5.0,ENGAGE-INDCi2030-1200,19.232649187023657,R10REF_ECON
WITCH 5.0,ENGAGE-INDCi2030-1200-NDCp,19.23282758654555,R10REF_ECON
WITCH 5.0,ENGAGE-INDCi2030-1200f,19.232649187023657,R10REF_ECON
WITCH 5.0,ENGAGE-INDCi2030-1200f-NDCp,19.23282758654555,R10REF_ECON
WITCH 5.0,ENGAGE-INDCi2030-1400,19.232649187023657,R10REF_ECON
WITCH 5.0,ENGAGE-INDCi2030-1400-NDCp,19.23282758654555,R10REF_ECON
WITCH 5.0,ENGAGE-INDCi2030-1400f,19.232649187023657,R10REF_ECON
WITCH 5.0,ENGAGE-INDCi2030-1400f-NDCp,19.23282758654555,R10REF_ECON
WITCH 5.0,ENGAGE-INDCi2030-1600-NDCp,19.23282758654555,R10REF_ECON
WITCH 5.0,ENGAGE-INDCi2030-500f,19.232649187023657,R10REF_ECON
WITCH 5.0,ENGAGE-INDCi2030-600f,19.232649187023657,R10REF_ECON
WITCH 5.0,ENGAGE-INDCi2030-600f-NDCp,19.23282758654555,R10REF_ECON
WITCH 5.0,ENGAGE-INDCi2030-700f,19.232649187023657,R10REF_ECON
WITCH 5.0,ENGAGE-INDCi2030-700f-NDCp,19.23282758654555,R10REF_ECON
WITCH 5.0,ENGAGE-INDCi2030-800,19.232649187023657,R10REF_ECON
WITCH 5.0,ENGAGE-INDCi2030-800-NDCp,19.23282758654555,R10REF_ECON
WITCH 5.0,ENGAGE-INDCi2030-800f,19.232649187023657,R10REF_ECON
WITCH 5.0,ENGAGE-INDCi2030-800f-NDCp,19.23282758654555,R10REF_ECON
WITCH 5.0,ENGAGE-INDCi2030-900,19.232649187023657,R10REF_ECON
WITCH 5.0,ENGAGE-INDCi2030-900-NDCp,19.23282758654555,R10REF_ECON
WITCH 5.0,ENGAGE-INDCi2030-900f,19.232649187023657,R10REF_ECON
WITCH 5.0,ENGAGE-INDCi2030-900f-NDCp,19.23282758654555,R10REF_ECON
IMAGE 3.0,ENGAGE-INDCi2030-1000,111.87236006154356,R10NORTH_AM
IMAGE 3.0,ENGAGE-INDCi2030-1000f,111.97607849907263,R10NORTH_AM
IMAGE 3.0,ENGAGE-INDCi2030-1200,111.95222158314182,R10NORTH_AM
IMAGE 3.0,ENGAGE-INDCi2030-1200f,111.8573036740731,R10NORTH_AM
IMAGE 3.0,ENGAGE-INDCi2030-1400f,111.8573036740731,R10NORTH_AM
IMAGE 3.0,ENGAGE-INDCi2030-800f,111.95344475236759,R10NORTH_AM
IMAGE 3.0,ENGAGE-NPi2020-1000,132.30146386023557,R10NORTH_AM
IMAGE 3.0,ENGAGE-NPi2020-1200,132.9805783900107,R10NORTH_AM
IMAGE 3.0,ENGAGE-NPi2020-1400,133.9997049125538,R10NORTH_AM
IMAGE 3.0,ENGAGE-NPi2020-1400f,132.22511034336202,R10NORTH_AM
IMAGE 3.2,SSP2021-SSP1-SPA1-19-Default,123.64962524195832,R10NORTH_AM
IMAGE 3.2,SSP2021-SSP1-SPA1-19-Lifestyle-Renewables,120.41458375475516,R10NORTH_AM
IMAGE 3.2,SSP2021-SSP1-SPA1-19-Renewables,120.54885246279024,R10NORTH_AM
IMAGE 3.2,SSP2021-SSP1-SPA1-26-Default,128.3835296608493,R10NORTH_AM
IMAGE 3.2,SSP2021-SSP1-SPA1-26-Lifestyle,120.601152290358,R10NORTH_AM
IMAGE 3.2,SSP2021-SSP1-SPA1-26-Lifestyle-Renewables,123.95915150384344,R10NORTH_AM
IMAGE 3.2,SSP2021-SSP1-SPA1-26-Renewables,126.34289974702673,R10NORTH_AM
IMAGE 3.2,SSP2021-SSP2-SPA0-26-Default,134.2525635896509,R10NORTH_AM
IMAGE 3.2,SSP2021-SSP2-SPA2-19-Renewables,106.93587422244745,R10NORTH_AM
IMAGE 3.2,SSP2021-SSP2-SPA2-26-Default,122.56210011761648,R10NORTH_AM
IMAGE 3.2,SSP2021-SSP2-SPA2-26-Lifestyle,109.13150932230832,R10NORTH_AM
IMAGE 3.2,SSP2021-SSP2-SPA2-26-Lifestyle-Renewables,108.20751604455006,R10NORTH_AM
IMAGE 3.2,SSP2021-SSP2-SPA2-26-Renewables,110.75854524142893,R10NORTH_AM
IMAGE 3.3,NAVIGATE Demand-1.5°C-ele_u,106.26486532847085,R10NORTH_AM
IMAGE 3.3,NAVIGATE Demand-1.5°C-tec_u,106.62250002368314,R10NORTH_AM
IMAGE 3.3,NAVIGATE Demand-2.0°C-ele_u,116.09684938512514,R10NORTH_AM
IMAGE 3.3,NAVIGATE Demand-2.0°C-ref,111.67032387232987,R10NORTH_AM
IMAGE 3.3,NAVIGATE Demand-2.0°C-tec_u,115.00451679111909,R10NORTH_AM
MESSAGEix-GLOBIOM 2.0-M-R12-NGFS,NGFS Phase 5-Below 2°C,124.73274873547818,R10NORTH_AM
MESSAGEix-GLOBIOM 2.0-M-R12-NGFS,NGFS Phase 5-Delayed Transition,125.12457825412268,R10NORTH_AM
MESSAGEix-GLOBIOM 2.0-M-R12-NGFS,NGFS Phase 5-Low Demand,118.52692382620226,R10NORTH_AM
MESSAGEix-GLOBIOM 2.0-M-R12-NGFS,NGFS Phase 5-Nationally Determined Contributions (NDCs),123.83458816259599,R10NORTH_AM
MESSAGEix-GLOBIOM 2.0-M-R12-NGFS,NGFS Phase 5-Net-Zero 2050,117.56696422292451,R10NORTH_AM
POLES-JRC ENGAGE,ENGAGE-INDCi2030-1000,109.99768333112192,R10NORTH_AM
POLES-JRC ENGAGE,ENGAGE-INDCi2030-1000-COV,105.48058744178077,R10NORTH_AM
POLES-JRC ENGAGE,ENGAGE-INDCi2030-1000-COV-NDCp,97.69629724442788,R10NORTH_AM
POLES-JRC ENGAGE,ENGAGE-INDCi2030-1000-NDCp,103.9255192788914,R10NORTH_AM
POLES-JRC ENGAGE,ENGAGE-INDCi2030-1000f,109.99768333112192,R10NORTH_AM
POLES-JRC ENGAGE,ENGAGE-INDCi2030-1000f-COV,105.48058744178077,R10NORTH_AM
POLES-JRC ENGAGE,ENGAGE-INDCi2030-1000f-COV-NDCp,97.69629470852672,R10NORTH_AM
POLES-JRC ENGAGE,ENGAGE-INDCi2030-1000f-NDCp,103.9255192788914,R10NORTH_AM
POLES-JRC ENGAGE,ENGAGE-INDCi2030-1200,109.99768333112192,R10NORTH_AM
POLES-JRC ENGAGE,ENGAGE-INDCi2030-1200f,109.99768333112192,R10NORTH_AM
POLES-JRC ENGAGE,ENGAGE-INDCi2030-300f,109.99768333112192,R10NORTH_AM
POLES-JRC ENGAGE,ENGAGE-INDCi2030-400f,109.99768333112192,R10NORTH_AM
POLES-JRC ENGAGE,ENGAGE-INDCi2030-500f,109.99768333112192,R10NORTH_AM
POLES-JRC ENGAGE,ENGAGE-INDCi2030-600f,109.99768333112192,R10NORTH_AM
POLES-JRC ENGAGE,ENGAGE-INDCi2030-600f-COV,105.48058744178077,R10NORTH_AM
POLES-JRC ENGAGE,ENGAGE-INDCi2030-600f-COV-NDCp,97.69629470852672,R10NORTH_AM
POLES-JRC ENGAGE,ENGAGE-INDCi2030-600f-NDCp,103.9255192788914,R10NORTH_AM
POLES-JRC ENGAGE,ENGAGE-INDCi2030-700f,109.99768333112192,R10NORTH_AM
POLES-JRC ENGAGE,ENGAGE-INDCi2030-800f,109.99768333112192,R10NORTH_AM
POLES-JRC ENGAGE,ENGAGE-INDCi2030-900,109.99768333112192,R10NORTH_AM
POLES-JRC ENGAGE,ENGAGE-INDCi2030-900f,109.99768333112192,R10NORTH_AM
POLES-JRC ENGAGE,ENGAGE-NPi2020-1000f,113.7226794833308,R10NORTH_AM
POLES-JRC ENGAGE,ENGAGE-NPi2020-1000f-COV,114.80161053304236,R10NORTH_AM
POLES-JRC ENGAGE,ENGAGE-NPi2020-1200f,114.62009837388368,R10NORTH_AM
POLES-JRC ENGAGE,ENGAGE-NPi2020-900f,112.31765676540064,R10NORTH_AM
REMIND-MAgPIE 2.1-4.2,NGFS Phase 2-Delayed Transition,122.8735477801052,R10NORTH_AM
REMIND-MAgPIE 3.2.0-4.8.0,RESCUE-End-of-Century-Budget-1150,111.6138495244277,R10NORTH_AM
REMIND-MAgPIE 3.2.0-4.8.0,RESCUE-End-of-Century-Budget-1150-with-OAE,111.6138495244277,R10NORTH_AM
REMIND-MAgPIE 3.2.0-4.8.0,RESCUE-End-of-Century-Budget-500,111.6138495244277,R10NORTH_AM
REMIND-MAgPIE 3.2.0-4.8.0,RESCUE-End-of-Century-Budget-500-with-OAE,111.6138495244277,R10NORTH_AM
REMIND-MAgPIE 3.2.0-4.8.0,RESCUE-Peak-Budget-1150,103.85122139206877,R10NORTH_AM
REMIND-MAgPIE 3.2.0-4.8.0,RESCUE-Peak-Budget-1150-with-OAE,103.85750832451016,R10NORTH_AM
REMIND-MAgPIE 3.3-4.8,NGFS Phase 5-Below 2°C,106.76029556959004,R10NORTH_AM
REMIND-MAgPIE 3.3-4.8,NGFS Phase 5-Delayed Transition,116.50474153146868,R10NORTH_AM
REMIND-MAgPIE 3.3-4.8,NGFS Phase 5-Low Demand,90.81453452842504,R10NORTH_AM
REMIND-MAgPIE 3.3-4.8,NGFS Phase 5-Net-Zero 2050,95.79317331173888,R10NORTH_AM
WITCH 5.0,ENGAGE-INDCi2030-1000,117.80154581363708,R10NORTH_AM
WITCH 5.0,ENGAGE-INDCi2030-1000-NDCp,104.88911743069299,R10NORTH_AM
WITCH 5.0,ENGAGE-INDCi2030-1000f,117.80154581363708,R10NORTH_AM
WITCH 5.0,ENGAGE-INDCi2030-1000f-NDCp,104.88911743069299,R10NORTH_AM
WITCH 5.0,ENGAGE-INDCi2030-1200,117.80154581363708,R10NORTH_AM
WITCH 5.0,ENGAGE-INDCi2030-1200-NDCp,104.88911743069299,R10NORTH_AM
WITCH 5.0,ENGAGE-INDCi2030-1200f,117.80154581363708,R10NORTH_AM
WITCH 5.0,ENGAGE-INDCi2030-1200f-NDCp,104.88911743069299,R10NORTH_AM
WITCH 5.0,ENGAGE-INDCi2030-1400,117.80154581363708,R10NORTH_AM
WITCH 5.0,ENGAGE-INDCi2030-1400-NDCp,104.88911743069299,R10NORTH_AM
WITCH 5.0,ENGAGE-INDCi2030-1400f,117.80154581363708,R10NORTH_AM
WITCH 5.0,ENGAGE-INDCi2030-1400f-NDCp,104.88911743069299,R10NORTH_AM
WITCH 5.0,ENGAGE-INDCi2030-1600-NDCp,104.88911743069299,R10NORTH_AM
WITCH 5.0,ENGAGE-INDCi2030-500f,117.80154581363708,R10NORTH_AM
WITCH 5.0,ENGAGE-INDCi2030-600f,117.80154581363708,R10NORTH_AM
WITCH 5.0,ENGAGE-INDCi2030-600f-NDCp,104.88911743069299,R10NORTH_AM
WITCH 5.0,ENGAGE-INDCi2030-700f,117.80154581363708,R10NORTH_AM
WITCH 5.0,ENGAGE-INDCi2030-700f-NDCp,104.88911743069299,R10NORTH_AM
WITCH 5.0,ENGAGE-INDCi2030-800,117.80154581363708,R10NORTH_AM
WITCH 5.0,ENGAGE-INDCi2030-800-NDCp,104.88911743069299,R10NORTH_AM
WITCH 5.0,ENGAGE-INDCi2030-800f,117.80154581363708,R10NORTH_AM
WITCH 5.0,ENGAGE-INDCi2030-800f-NDCp,104.88911743069299,R10NORTH_AM
WITCH 5.0,ENGAGE-INDCi2030-900,117.80154581363708,R10NORTH_AM
WITCH 5.0,ENGAGE-INDCi2030-900-NDCp,104.88911743069299,R10NORTH_AM
WITCH 5.0,ENGAGE-INDCi2030-900f,117.80154581363708,R10NORTH_AM
WITCH 5.0,ENGAGE-INDCi2030-900f-NDCp,104.88911743069299,R10NORTH_AM
