model,scenario,investment_score,investment_score_2050,Region
IMAGE 3.0,ENGAGE-INDCi2030-1000,0.2336395770259904,0.23409983032744863,R10LATIN_AM
IMAGE 3.0,ENGAGE-INDCi2030-1000f,0.3153020224771333,0.19854808016030898,R10LATIN_AM
IMAGE 3.0,ENGAGE-INDCi2030-1200,0.2159041999109676,0.20288261751157993,R10LATIN_AM
IMAGE 3.0,ENGAGE-INDCi2030-1200f,0.2340991019429159,0.20633292197229638,R10LATIN_AM
IMAGE 3.0,ENGAGE-INDCi2030-1400f,0.2539364995498439,0.21376857830482,R10LATIN_AM
IMAGE 3.0,ENGAGE-INDCi2030-800f,0.31787025293701754,0.248173091463948,R10LATIN_AM
IMAGE 3.0,ENGAGE-NPi2020-1000,0.2198396999624806,0.21693375053367475,R10LATIN_AM
IMAGE 3.0,ENGAGE-NPi2020-1200,0.2226221897546233,0.21273829186641555,R10LATIN_AM
IMAGE 3.0,ENGAGE-NPi2020-1400,0.2317055315297084,0.22751223361739825,R10LATIN_AM
IMAGE 3.0,ENGAGE-NPi2020-1400f,0.24450336245235055,0.23109375377396502,R10LATIN_AM
IMAGE 3.2,SSP2021-SSP1-SPA1-19-Default,0.3081324708574777,0.4356852839185557,R10LATIN_AM
IMAGE 3.2,SSP2021-SSP1-SPA1-19-Lifestyle-Renewables,0.40938782360053116,0.4754831894403354,R10LATIN_AM
IMAGE 3.2,SSP2021-SSP1-SPA1-19-Renewables,0.38404173192788776,0.5017878867428189,R10LATIN_AM
IMAGE 3.2,SSP2021-SSP1-SPA1-26-Default,0.29240013784272245,0.42312125245635573,R10LATIN_AM
IMAGE 3.2,SSP2021-SSP1-SPA1-26-Lifestyle,0.26079318668015755,0.39388421350957736,R10LATIN_AM
IMAGE 3.2,SSP2021-SSP1-SPA1-26-Lifestyle-Renewables,0.37544571281020195,0.43676409803161603,R10LATIN_AM
IMAGE 3.2,SSP2021-SSP1-SPA1-26-Renewables,0.37258452803109565,0.4853804352985153,R10LATIN_AM
IMAGE 3.2,SSP2021-SSP2-SPA0-26-Default,0.35350382744480824,0.43439067540882487,R10LATIN_AM
IMAGE 3.2,SSP2021-SSP2-SPA2-19-Renewables,0.5096451801752,0.5825183043064615,R10LATIN_AM
IMAGE 3.2,SSP2021-SSP2-SPA2-26-Default,0.3512530836478094,0.44346512953952233,R10LATIN_AM
IMAGE 3.2,SSP2021-SSP2-SPA2-26-Lifestyle,0.3105561217397022,0.4197860046940522,R10LATIN_AM
IMAGE 3.2,SSP2021-SSP2-SPA2-26-Lifestyle-Renewables,0.41566379797852593,0.4651034608180626,R10LATIN_AM
IMAGE 3.2,SSP2021-SSP2-SPA2-26-Renewables,0.46842447001737186,0.505637238006937,R10LATIN_AM
IMAGE 3.3,NAVIGATE Demand-1.5°C-ele_u,0.3658504837046724,0.48942023917349053,R10LATIN_AM
IMAGE 3.3,NAVIGATE Demand-1.5°C-tec_u,0.3350587481714831,0.45616281344818493,R10LATIN_AM
IMAGE 3.3,NAVIGATE Demand-2.0°C-ele_u,0.32819331408297325,0.46084464972220024,R10LATIN_AM
IMAGE 3.3,NAVIGATE Demand-2.0°C-ref,0.32137782887531513,0.44544060456527174,R10LATIN_AM
IMAGE 3.3,NAVIGATE Demand-2.0°C-tec_u,0.2897448722267821,0.41621213766817233,R10LATIN_AM
MESSAGEix-GLOBIOM 2.0-M-R12-NGFS,NGFS Phase 5-Below 2°C,0.19971759860105137,0.3176420090734696,R10LATIN_AM
MESSAGEix-GLOBIOM 2.0-M-R12-NGFS,NGFS Phase 5-Delayed Transition,0.19999910179999478,0.31815984088129445,R10LATIN_AM
MESSAGEix-GLOBIOM 2.0-M-R12-NGFS,NGFS Phase 5-Low Demand,0.09437827460865034,0.2017617122457043,R10LATIN_AM
MESSAGEix-GLOBIOM 2.0-M-R12-NGFS,NGFS Phase 5-Nationally Determined Contributions (NDCs),0.20365334455220518,0.3208666669050148,R10LATIN_AM
MESSAGEix-GLOBIOM 2.0-M-R12-NGFS,NGFS Phase 5-Net-Zero 2050,0.22271913275246105,0.346069619582587,R10LATIN_AM
POLES-JRC ENGAGE,ENGAGE-INDCi2030-1000,0.36097405783513714,0.4086318213736799,R10LATIN_AM
POLES-JRC ENGAGE,ENGAGE-INDCi2030-1000-COV,0.3266743851309199,0.3308821961800487,R10LATIN_AM
POLES-JRC ENGAGE,ENGAGE-INDCi2030-1000-COV-NDCp,0.31867099554039025,0.32086003376412936,R10LATIN_AM
POLES-JRC ENGAGE,ENGAGE-INDCi2030-1000-NDCp,0.35622821660419884,0.3709562998023755,R10LATIN_AM
POLES-JRC ENGAGE,ENGAGE-INDCi2030-1000f,0.44779109877656836,0.31619281393451293,R10LATIN_AM
POLES-JRC ENGAGE,ENGAGE-INDCi2030-1000f-COV,0.3337746071818465,0.26371932300719053,R10LATIN_AM
POLES-JRC ENGAGE,ENGAGE-INDCi2030-1000f-COV-NDCp,0.31967666849419474,0.2448412376976498,R10LATIN_AM
POLES-JRC ENGAGE,ENGAGE-INDCi2030-1000f-NDCp,0.4446387315725612,0.2890309314475417,R10LATIN_AM
POLES-JRC ENGAGE,ENGAGE-INDCi2030-1200,0.29028571005451104,0.2825007293186491,R10LATIN_AM
POLES-JRC ENGAGE,ENGAGE-INDCi2030-1200f,0.2987545368717181,0.2402198311939387,R10LATIN_AM
POLES-JRC ENGAGE,ENGAGE-INDCi2030-300f,0.7683609090213408,0.5306811855395072,R10LATIN_AM
POLES-JRC ENGAGE,ENGAGE-INDCi2030-400f,0.6828853253174992,0.46100189255692264,R10LATIN_AM
POLES-JRC ENGAGE,ENGAGE-INDCi2030-500f,0.6281095889329794,0.44300303080458164,R10LATIN_AM
POLES-JRC ENGAGE,ENGAGE-INDCi2030-600f,0.5664173359378691,0.43807572911647646,R10LATIN_AM
POLES-JRC ENGAGE,ENGAGE-INDCi2030-600f-COV,0.5421960093426075,0.4275584130540636,R10LATIN_AM
POLES-JRC ENGAGE,ENGAGE-INDCi2030-600f-COV-NDCp,0.5445856484958491,0.42115691988078363,R10LATIN_AM
POLES-JRC ENGAGE,ENGAGE-INDCi2030-600f-NDCp,0.5770698574288814,0.4426630769861827,R10LATIN_AM
POLES-JRC ENGAGE,ENGAGE-INDCi2030-700f,0.5741635334079568,0.4252245667425708,R10LATIN_AM
POLES-JRC ENGAGE,ENGAGE-INDCi2030-800f,0.5211486425496229,0.4045256012752577,R10LATIN_AM
POLES-JRC ENGAGE,ENGAGE-INDCi2030-900,0.38676858503718836,0.5034228569874216,R10LATIN_AM
POLES-JRC ENGAGE,ENGAGE-INDCi2030-900f,0.5033885539065347,0.3466133597841664,R10LATIN_AM
POLES-JRC ENGAGE,ENGAGE-NPi2020-1000f,0.3172615877835464,0.23618721366576942,R10LATIN_AM
POLES-JRC ENGAGE,ENGAGE-NPi2020-1000f-COV,0.29185673933857703,0.2211549026835125,R10LATIN_AM
POLES-JRC ENGAGE,ENGAGE-NPi2020-1200f,0.264613227174379,0.2141436538622877,R10LATIN_AM
POLES-JRC ENGAGE,ENGAGE-NPi2020-900f,0.3724334938117455,0.2562204136033875,R10LATIN_AM
REMIND-MAgPIE 2.1-4.2,NGFS Phase 2-Delayed Transition,0.30983022869675997,0.36022737083258666,R10LATIN_AM
REMIND-MAgPIE 3.2.0-4.8.0,RESCUE-End-of-Century-Budget-1150,0.4998946650112059,0.5109563501456907,R10LATIN_AM
REMIND-MAgPIE 3.2.0-4.8.0,RESCUE-End-of-Century-Budget-1150-with-OAE,0.5186051867941609,0.5187196758059258,R10LATIN_AM
REMIND-MAgPIE 3.2.0-4.8.0,RESCUE-End-of-Century-Budget-500,0.5804171510953413,0.5382002034523329,R10LATIN_AM
REMIND-MAgPIE 3.2.0-4.8.0,RESCUE-End-of-Century-Budget-500-with-OAE,0.5555898358528376,0.5356218487445077,R10LATIN_AM
REMIND-MAgPIE 3.2.0-4.8.0,RESCUE-Peak-Budget-1150,0.5396625486066137,0.5736235829256213,R10LATIN_AM
REMIND-MAgPIE 3.2.0-4.8.0,RESCUE-Peak-Budget-1150-with-OAE,0.539877254040114,0.573197035657796,R10LATIN_AM
REMIND-MAgPIE 3.3-4.8,NGFS Phase 5-Below 2°C,0.38541192062411145,0.44301178950610726,R10LATIN_AM
REMIND-MAgPIE 3.3-4.8,NGFS Phase 5-Delayed Transition,0.3802662383296422,0.4209325501401194,R10LATIN_AM
REMIND-MAgPIE 3.3-4.8,NGFS Phase 5-Low Demand,0.1990567873518339,0.24117404942839069,R10LATIN_AM
REMIND-MAgPIE 3.3-4.8,NGFS Phase 5-Net-Zero 2050,0.4589851269690917,0.5424871364610903,R10LATIN_AM
WITCH 5.0,ENGAGE-INDCi2030-1000,0.2173279191247044,0.2858829617939098,R10LATIN_AM
WITCH 5.0,ENGAGE-INDCi2030-1000-NDCp,0.2334917998968616,0.28432210103658406,R10LATIN_AM
WITCH 5.0,ENGAGE-INDCi2030-1000f,0.22181071480340894,0.2893915682185141,R10LATIN_AM
WITCH 5.0,ENGAGE-INDCi2030-1000f-NDCp,0.2450527452239716,0.29260286304778643,R10LATIN_AM
WITCH 5.0,ENGAGE-INDCi2030-1200,0.24888568561757088,0.3119694017832818,R10LATIN_AM
WITCH 5.0,ENGAGE-INDCi2030-1200-NDCp,0.2542627616357361,0.30754083173128133,R10LATIN_AM
WITCH 5.0,ENGAGE-INDCi2030-1200f,0.23723542252868787,0.3073895528809498,R10LATIN_AM
WITCH 5.0,ENGAGE-INDCi2030-1200f-NDCp,0.2569629131457606,0.3064050525975048,R10LATIN_AM
WITCH 5.0,ENGAGE-INDCi2030-1400,0.25406481060082303,0.3214453315157115,R10LATIN_AM
WITCH 5.0,ENGAGE-INDCi2030-1400-NDCp,0.2674878821543077,0.3155386468964502,R10LATIN_AM
WITCH 5.0,ENGAGE-INDCi2030-1400f,0.24809106726768027,0.318742208979567,R10LATIN_AM
WITCH 5.0,ENGAGE-INDCi2030-1400f-NDCp,0.2669907696238041,0.3163555193270447,R10LATIN_AM
WITCH 5.0,ENGAGE-INDCi2030-1600-NDCp,0.27930885597103206,0.31971618592434614,R10LATIN_AM
WITCH 5.0,ENGAGE-INDCi2030-500f,0.18539374152653457,0.23862305834754124,R10LATIN_AM
WITCH 5.0,ENGAGE-INDCi2030-600f,0.19002950767778562,0.23728428335232563,R10LATIN_AM
WITCH 5.0,ENGAGE-INDCi2030-600f-NDCp,0.21507864363162396,0.2469760376624774,R10LATIN_AM
WITCH 5.0,ENGAGE-INDCi2030-700f,0.20044819902451075,0.25623223491075076,R10LATIN_AM
WITCH 5.0,ENGAGE-INDCi2030-700f-NDCp,0.22317814396532593,0.2598523560437198,R10LATIN_AM
WITCH 5.0,ENGAGE-INDCi2030-800,0.210028324326443,0.2500942053511664,R10LATIN_AM
WITCH 5.0,ENGAGE-INDCi2030-800-NDCp,0.21739019250899683,0.24923090754589053,R10LATIN_AM
WITCH 5.0,ENGAGE-INDCi2030-800f,0.21152474933119736,0.27417688133805057,R10LATIN_AM
WITCH 5.0,ENGAGE-INDCi2030-800f-NDCp,0.23225994069647066,0.2754177000947619,R10LATIN_AM
WITCH 5.0,ENGAGE-INDCi2030-900,0.22652518348681394,0.2759428510258874,R10LATIN_AM
WITCH 5.0,ENGAGE-INDCi2030-900-NDCp,0.21905125490485006,0.26132634591526677,R10LATIN_AM
WITCH 5.0,ENGAGE-INDCi2030-900f,0.21714494849525484,0.28416863135442927,R10LATIN_AM
WITCH 5.0,ENGAGE-INDCi2030-900f-NDCp,0.23821298727222792,0.28480306953726714,R10LATIN_AM
IMAGE 3.0,ENGAGE-INDCi2030-1000,0.2585423030212954,0.339084824553664,R10INDIA+
IMAGE 3.0,ENGAGE-INDCi2030-1000f,0.2718867441660775,0.3071538522614346,R10INDIA+
IMAGE 3.0,ENGAGE-INDCi2030-1200,0.23561288934839344,0.31026484830485407,R10INDIA+
IMAGE 3.0,ENGAGE-INDCi2030-1200f,0.23597435423061355,0.3023730179494095,R10INDIA+
IMAGE 3.0,ENGAGE-INDCi2030-1400f,0.24081496964681912,0.3033310201153906,R10INDIA+
IMAGE 3.0,ENGAGE-INDCi2030-800f,0.2737322428832712,0.3349124111600318,R10INDIA+
IMAGE 3.0,ENGAGE-NPi2020-1000,0.24704067452377057,0.3199084184652884,R10INDIA+
IMAGE 3.0,ENGAGE-NPi2020-1200,0.2399645517082479,0.3133704642819617,R10INDIA+
IMAGE 3.0,ENGAGE-NPi2020-1400,0.2421141648126091,0.3221097925244789,R10INDIA+
IMAGE 3.0,ENGAGE-NPi2020-1400f,0.2454636777471966,0.31926861448431076,R10INDIA+
IMAGE 3.2,SSP2021-SSP1-SPA1-19-Default,0.27820445796914045,0.4782322213877762,R10INDIA+
IMAGE 3.2,SSP2021-SSP1-SPA1-19-Lifestyle-Renewables,0.29954677391814266,0.42752786667130527,R10INDIA+
IMAGE 3.2,SSP2021-SSP1-SPA1-19-Renewables,0.3334686234100164,0.5692513658629499,R10INDIA+
IMAGE 3.2,SSP2021-SSP1-SPA1-26-Default,0.2334712979507423,0.3677916661487332,R10INDIA+
IMAGE 3.2,SSP2021-SSP1-SPA1-26-Lifestyle,0.2063082373442563,0.33314583328452246,R10INDIA+
IMAGE 3.2,SSP2021-SSP1-SPA1-26-Lifestyle-Renewables,0.2650344658699789,0.36493711575266213,R10INDIA+
IMAGE 3.2,SSP2021-SSP1-SPA1-26-Renewables,0.25994759226470693,0.46541763841618244,R10INDIA+
IMAGE 3.2,SSP2021-SSP2-SPA0-26-Default,0.2759609917351066,0.3547079353245889,R10INDIA+
IMAGE 3.2,SSP2021-SSP2-SPA2-19-Renewables,0.3967702273849331,0.5849896921232065,R10INDIA+
IMAGE 3.2,SSP2021-SSP2-SPA2-26-Default,0.2697324369727064,0.37110100708327365,R10INDIA+
IMAGE 3.2,SSP2021-SSP2-SPA2-26-Lifestyle,0.2504188584933769,0.3665792559359266,R10INDIA+
IMAGE 3.2,SSP2021-SSP2-SPA2-26-Lifestyle-Renewables,0.29189937153031886,0.43497283235237993,R10INDIA+
IMAGE 3.2,SSP2021-SSP2-SPA2-26-Renewables,0.33734141825868125,0.4755182719263222,R10INDIA+
IMAGE 3.3,NAVIGATE Demand-1.5°C-ele_u,0.33395444640591426,0.5360950690850904,R10INDIA+
IMAGE 3.3,NAVIGATE Demand-1.5°C-tec_u,0.3284653437739046,0.5707062531616196,R10INDIA+
IMAGE 3.3,NAVIGATE Demand-2.0°C-ele_u,0.2630705183036392,0.375078074287825,R10INDIA+
IMAGE 3.3,NAVIGATE Demand-2.0°C-ref,0.2566759774759835,0.3834217901150567,R10INDIA+
IMAGE 3.3,NAVIGATE Demand-2.0°C-tec_u,0.23334190243396213,0.3508802106209162,R10INDIA+
MESSAGEix-GLOBIOM 2.0-M-R12-NGFS,NGFS Phase 5-Below 2°C,0.11501745121401348,0.20859975578500242,R10INDIA+
MESSAGEix-GLOBIOM 2.0-M-R12-NGFS,NGFS Phase 5-Delayed Transition,0.11338468053441322,0.20672949145602457,R10INDIA+
MESSAGEix-GLOBIOM 2.0-M-R12-NGFS,NGFS Phase 5-Low Demand,0.07272759124227603,0.18365797189491,R10INDIA+
MESSAGEix-GLOBIOM 2.0-M-R12-NGFS,NGFS Phase 5-Nationally Determined Contributions (NDCs),0.09773120019201648,0.18043039299199246,R10INDIA+
MESSAGEix-GLOBIOM 2.0-M-R12-NGFS,NGFS Phase 5-Net-Zero 2050,0.13884174003725688,0.25320916456048187,R10INDIA+
POLES-JRC ENGAGE,ENGAGE-INDCi2030-1000,0.4355403788529596,0.5259062292714922,R10INDIA+
POLES-JRC ENGAGE,ENGAGE-INDCi2030-1000-COV,0.37852715109309326,0.46214732555395444,R10INDIA+
POLES-JRC ENGAGE,ENGAGE-INDCi2030-1000-COV-NDCp,0.3719167854068081,0.45888550017005,R10INDIA+
POLES-JRC ENGAGE,ENGAGE-INDCi2030-1000-NDCp,0.4248558751672722,0.5211599634838309,R10INDIA+
POLES-JRC ENGAGE,ENGAGE-INDCi2030-1000f,0.4120225359760607,0.4508591708331865,R10INDIA+
POLES-JRC ENGAGE,ENGAGE-INDCi2030-1000f-COV,0.3617109080996483,0.3833798045817351,R10INDIA+
POLES-JRC ENGAGE,ENGAGE-INDCi2030-1000f-COV-NDCp,0.34821891597547133,0.3708036208778709,R10INDIA+
POLES-JRC ENGAGE,ENGAGE-INDCi2030-1000f-NDCp,0.385742085094334,0.39808553698312604,R10INDIA+
POLES-JRC ENGAGE,ENGAGE-INDCi2030-1200,0.34399324414714105,0.4105004240154482,R10INDIA+
POLES-JRC ENGAGE,ENGAGE-INDCi2030-1200f,0.3254285231403855,0.3643876802588984,R10INDIA+
POLES-JRC ENGAGE,ENGAGE-INDCi2030-300f,0.5594911066643314,0.5169848003115725,R10INDIA+
POLES-JRC ENGAGE,ENGAGE-INDCi2030-400f,0.5511279588428815,0.5301735207095237,R10INDIA+
POLES-JRC ENGAGE,ENGAGE-INDCi2030-500f,0.5375371030923681,0.521925501706603,R10INDIA+
POLES-JRC ENGAGE,ENGAGE-INDCi2030-600f,0.5251826530672447,0.5241910732432637,R10INDIA+
POLES-JRC ENGAGE,ENGAGE-INDCi2030-600f-COV,0.4887805757937747,0.5078870436778087,R10INDIA+
POLES-JRC ENGAGE,ENGAGE-INDCi2030-600f-COV-NDCp,0.5266156845655048,0.5275295343642309,R10INDIA+
POLES-JRC ENGAGE,ENGAGE-INDCi2030-600f-NDCp,0.5234581913233534,0.5494638029826301,R10INDIA+
POLES-JRC ENGAGE,ENGAGE-INDCi2030-700f,0.5127154069569245,0.5275525794372581,R10INDIA+
POLES-JRC ENGAGE,ENGAGE-INDCi2030-800f,0.4868551219570379,0.5210007052475303,R10INDIA+
POLES-JRC ENGAGE,ENGAGE-INDCi2030-900,0.509256928324261,0.5227614866751094,R10INDIA+
POLES-JRC ENGAGE,ENGAGE-INDCi2030-900f,0.5687914994499701,0.47299301510328834,R10INDIA+
POLES-JRC ENGAGE,ENGAGE-NPi2020-1000f,0.3638482951638238,0.4030080030367843,R10INDIA+
POLES-JRC ENGAGE,ENGAGE-NPi2020-1000f-COV,0.34068789468225247,0.3651314953706335,R10INDIA+
POLES-JRC ENGAGE,ENGAGE-NPi2020-1200f,0.3310968545402938,0.37482720354517796,R10INDIA+
POLES-JRC ENGAGE,ENGAGE-NPi2020-900f,0.38904593757703926,0.42086943169003305,R10INDIA+
REMIND-MAgPIE 2.1-4.2,NGFS Phase 2-Delayed Transition,0.705798124685962,0.7731665989821327,R10INDIA+
REMIND-MAgPIE 3.2.0-4.8.0,RESCUE-End-of-Century-Budget-1150,0.9685229888799,0.9439644935327817,R10INDIA+
REMIND-MAgPIE 3.2.0-4.8.0,RESCUE-End-of-Century-Budget-1150-with-OAE,0.9666375774123747,0.9436591844834944,R10INDIA+
REMIND-MAgPIE 3.2.0-4.8.0,RESCUE-End-of-Century-Budget-500,1.0,0.9873616722280955,R10INDIA+
REMIND-MAgPIE 3.2.0-4.8.0,RESCUE-End-of-Century-Budget-500-with-OAE,0.9953649769461398,0.9850682962668681,R10INDIA+
REMIND-MAgPIE 3.2.0-4.8.0,RESCUE-Peak-Budget-1150,0.8993305583919378,0.9997993093988183,R10INDIA+
REMIND-MAgPIE 3.2.0-4.8.0,RESCUE-Peak-Budget-1150-with-OAE,0.899607910293326,1.0,R10INDIA+
REMIND-MAgPIE 3.3-4.8,NGFS Phase 5-Below 2°C,0.65235603670916,0.7872665945207652,R10INDIA+
REMIND-MAgPIE 3.3-4.8,NGFS Phase 5-Delayed Transition,0.7007801545498735,0.8106115557234606,R10INDIA+
REMIND-MAgPIE 3.3-4.8,NGFS Phase 5-Low Demand,0.5226417371584402,0.6517535915524381,R10INDIA+
REMIND-MAgPIE 3.3-4.8,NGFS Phase 5-Net-Zero 2050,0.7662768519193836,0.9794583264922216,R10INDIA+
WITCH 5.0,ENGAGE-INDCi2030-1000,0.1872801799615725,0.2265843274234224,R10INDIA+
WITCH 5.0,ENGAGE-INDCi2030-1000-NDCp,0.1853438546175263,0.22542433369005727,R10INDIA+
WITCH 5.0,ENGAGE-INDCi2030-1000f,0.18255919433432855,0.21947697126017435,R10INDIA+
WITCH 5.0,ENGAGE-INDCi2030-1000f-NDCp,0.181663038822419,0.21670117690799212,R10INDIA+
WITCH 5.0,ENGAGE-INDCi2030-1200,0.18110085449308982,0.21670766577423536,R10INDIA+
WITCH 5.0,ENGAGE-INDCi2030-1200-NDCp,0.18169366626233427,0.21608672846644209,R10INDIA+
WITCH 5.0,ENGAGE-INDCi2030-1200f,0.17945231560585648,0.2152291052225669,R10INDIA+
WITCH 5.0,ENGAGE-INDCi2030-1200f-NDCp,0.17800492053250339,0.2137493005124264,R10INDIA+
WITCH 5.0,ENGAGE-INDCi2030-1400,0.17841589577237668,0.2132794277261694,R10INDIA+
WITCH 5.0,ENGAGE-INDCi2030-1400-NDCp,0.17736092881943777,0.21185474953561545,R10INDIA+
WITCH 5.0,ENGAGE-INDCi2030-1400f,0.1768130453728071,0.21179007135129022,R10INDIA+
WITCH 5.0,ENGAGE-INDCi2030-1400f-NDCp,0.17626563559894126,0.21146822779587535,R10INDIA+
WITCH 5.0,ENGAGE-INDCi2030-1600-NDCp,0.17751803792467394,0.21497068485103246,R10INDIA+
WITCH 5.0,ENGAGE-INDCi2030-500f,0.2022816967512097,0.23481825474702575,R10INDIA+
WITCH 5.0,ENGAGE-INDCi2030-600f,0.19913264006412454,0.2336056951119797,R10INDIA+
WITCH 5.0,ENGAGE-INDCi2030-600f-NDCp,0.19668980100203465,0.22993702448114473,R10INDIA+
WITCH 5.0,ENGAGE-INDCi2030-700f,0.19395449598868758,0.2281421691721591,R10INDIA+
WITCH 5.0,ENGAGE-INDCi2030-700f-NDCp,0.19147609331899293,0.2262769590547662,R10INDIA+
WITCH 5.0,ENGAGE-INDCi2030-800,0.19057006649765396,0.23589658232346097,R10INDIA+
WITCH 5.0,ENGAGE-INDCi2030-800-NDCp,0.18848970598390102,0.23383546960327964,R10INDIA+
WITCH 5.0,ENGAGE-INDCi2030-800f,0.19014726386452052,0.22606797680607865,R10INDIA+
WITCH 5.0,ENGAGE-INDCi2030-800f-NDCp,0.18864533491486316,0.22552868528952058,R10INDIA+
WITCH 5.0,ENGAGE-INDCi2030-900,0.1895843354752495,0.23259948698093635,R10INDIA+
WITCH 5.0,ENGAGE-INDCi2030-900-NDCp,0.18449720410799722,0.22852006610700926,R10INDIA+
WITCH 5.0,ENGAGE-INDCi2030-900f,0.18654242270145463,0.22655589656199282,R10INDIA+
WITCH 5.0,ENGAGE-INDCi2030-900f-NDCp,0.18574355241660997,0.226839530096439,R10INDIA+
IMAGE 3.0,ENGAGE-INDCi2030-1000,0.16318189371871675,0.2541011890703354,R10AFRICA
IMAGE 3.0,ENGAGE-INDCi2030-1000f,0.1743067331099709,0.23066556768896299,R10AFRICA
IMAGE 3.0,ENGAGE-INDCi2030-1200,0.15185648895264917,0.23028232754650163,R10AFRICA
IMAGE 3.0,ENGAGE-INDCi2030-1200f,0.15766677843247912,0.2330507106078337,R10AFRICA
IMAGE 3.0,ENGAGE-INDCi2030-1400f,0.16275299827914885,0.23803406373323838,R10AFRICA
IMAGE 3.0,ENGAGE-INDCi2030-800f,0.17894599983144188,0.2492746238849319,R10AFRICA
IMAGE 3.0,ENGAGE-NPi2020-1000,0.15737477963199814,0.24521158753918018,R10AFRICA
IMAGE 3.0,ENGAGE-NPi2020-1200,0.15456370238202252,0.2381512925051294,R10AFRICA
IMAGE 3.0,ENGAGE-NPi2020-1400,0.16066924387481984,0.2493530829468039,R10AFRICA
IMAGE 3.0,ENGAGE-NPi2020-1400f,0.16329251400638473,0.24805506279621709,R10AFRICA
IMAGE 3.2,SSP2021-SSP1-SPA1-19-Default,0.18862569551508473,0.3394610074809841,R10AFRICA
IMAGE 3.2,SSP2021-SSP1-SPA1-19-Lifestyle-Renewables,0.27595479396540235,0.3973187737370572,R10AFRICA
IMAGE 3.2,SSP2021-SSP1-SPA1-19-Renewables,0.2468737055506335,0.40922070462340865,R10AFRICA
IMAGE 3.2,SSP2021-SSP1-SPA1-26-Default,0.18666182920420646,0.3435430382291761,R10AFRICA
IMAGE 3.2,SSP2021-SSP1-SPA1-26-Lifestyle,0.17232705314286012,0.3315862649280282,R10AFRICA
IMAGE 3.2,SSP2021-SSP1-SPA1-26-Lifestyle-Renewables,0.2544201360560411,0.3885120512503772,R10AFRICA
IMAGE 3.2,SSP2021-SSP1-SPA1-26-Renewables,0.23791457208451638,0.4068409246075773,R10AFRICA
IMAGE 3.2,SSP2021-SSP2-SPA0-26-Default,0.3139002272702259,0.46773518206320386,R10AFRICA
IMAGE 3.2,SSP2021-SSP2-SPA2-19-Renewables,0.3615125715207955,0.5157748038903387,R10AFRICA
IMAGE 3.2,SSP2021-SSP2-SPA2-26-Default,0.23199097673103466,0.37532775221274234,R10AFRICA
IMAGE 3.2,SSP2021-SSP2-SPA2-26-Lifestyle,0.20233431753855752,0.345207281451819,R10AFRICA
IMAGE 3.2,SSP2021-SSP2-SPA2-26-Lifestyle-Renewables,0.25955475028438546,0.3974972803627531,R10AFRICA
IMAGE 3.2,SSP2021-SSP2-SPA2-26-Renewables,0.3068693493036185,0.44099364113595496,R10AFRICA
IMAGE 3.3,NAVIGATE Demand-1.5°C-ele_u,0.3027353891209111,0.46922056825702363,R10AFRICA
IMAGE 3.3,NAVIGATE Demand-1.5°C-tec_u,0.28486022497421004,0.4521335908801484,R10AFRICA
IMAGE 3.3,NAVIGATE Demand-2.0°C-ele_u,0.29001002146868515,0.46583211507777006,R10AFRICA
IMAGE 3.3,NAVIGATE Demand-2.0°C-ref,0.27146628851112686,0.4543521359800596,R10AFRICA
IMAGE 3.3,NAVIGATE Demand-2.0°C-tec_u,0.2703555302975555,0.4505749151748508,R10AFRICA
MESSAGEix-GLOBIOM 2.0-M-R12-NGFS,NGFS Phase 5-Below 2°C,0.22085934496019638,0.32317586919333,R10AFRICA
MESSAGEix-GLOBIOM 2.0-M-R12-NGFS,NGFS Phase 5-Delayed Transition,0.20798357575451934,0.29615211343976183,R10AFRICA
MESSAGEix-GLOBIOM 2.0-M-R12-NGFS,NGFS Phase 5-Low Demand,0.12838562248061056,0.284097459500562,R10AFRICA
MESSAGEix-GLOBIOM 2.0-M-R12-NGFS,NGFS Phase 5-Nationally Determined Contributions (NDCs),0.2056145369509914,0.3078509506570752,R10AFRICA
MESSAGEix-GLOBIOM 2.0-M-R12-NGFS,NGFS Phase 5-Net-Zero 2050,0.25147224861685813,0.37922724823837023,R10AFRICA
POLES-JRC ENGAGE,ENGAGE-INDCi2030-1000,0.17739493146071408,0.24036658576241526,R10AFRICA
POLES-JRC ENGAGE,ENGAGE-INDCi2030-1000-COV,0.1809610396076795,0.2419469413940513,R10AFRICA
POLES-JRC ENGAGE,ENGAGE-INDCi2030-1000-COV-NDCp,0.2323515541351057,0.2382732856023704,R10AFRICA
POLES-JRC ENGAGE,ENGAGE-INDCi2030-1000-NDCp,0.15980763734443648,0.21545293389790032,R10AFRICA
POLES-JRC ENGAGE,ENGAGE-INDCi2030-1000f,0.17783810713314532,0.2019066679048195,R10AFRICA
POLES-JRC ENGAGE,ENGAGE-INDCi2030-1000f-COV,0.15728034701208385,0.1704865079218498,R10AFRICA
POLES-JRC ENGAGE,ENGAGE-INDCi2030-1000f-COV-NDCp,0.1618868817179657,0.1851432167189895,R10AFRICA
POLES-JRC ENGAGE,ENGAGE-INDCi2030-1000f-NDCp,0.14919906523219734,0.15729524579521736,R10AFRICA
POLES-JRC ENGAGE,ENGAGE-INDCi2030-1200,0.13273669158944837,0.16493473927591307,R10AFRICA
POLES-JRC ENGAGE,ENGAGE-INDCi2030-1200f,0.12273125408679021,0.1474836783046106,R10AFRICA
POLES-JRC ENGAGE,ENGAGE-INDCi2030-300f,0.28071222725383876,0.26832404608517096,R10AFRICA
POLES-JRC ENGAGE,ENGAGE-INDCi2030-400f,0.24559770020883875,0.262747764885743,R10AFRICA
POLES-JRC ENGAGE,ENGAGE-INDCi2030-500f,0.26510239281887854,0.25647632676905974,R10AFRICA
POLES-JRC ENGAGE,ENGAGE-INDCi2030-600f,0.24914482473830107,0.25286253532353703,R10AFRICA
POLES-JRC ENGAGE,ENGAGE-INDCi2030-600f-COV,0.2648945556079501,0.29335020478787177,R10AFRICA
POLES-JRC ENGAGE,ENGAGE-INDCi2030-600f-COV-NDCp,0.26874712146372204,0.30517586967120974,R10AFRICA
POLES-JRC ENGAGE,ENGAGE-INDCi2030-600f-NDCp,0.22018192315370827,0.23917186055759654,R10AFRICA
POLES-JRC ENGAGE,ENGAGE-INDCi2030-700f,0.21305609769449882,0.24055417602691231,R10AFRICA
POLES-JRC ENGAGE,ENGAGE-INDCi2030-800f,0.23901373844417448,0.23021333185473847,R10AFRICA
POLES-JRC ENGAGE,ENGAGE-INDCi2030-900,0.19621081720940578,0.2771865091860966,R10AFRICA
POLES-JRC ENGAGE,ENGAGE-INDCi2030-900f,0.19488844303564057,0.21666244382734023,R10AFRICA
POLES-JRC ENGAGE,ENGAGE-NPi2020-1000f,0.1334279932459534,0.145409556820546,R10AFRICA
POLES-JRC ENGAGE,ENGAGE-NPi2020-1000f-COV,0.1434997751841056,0.15684023770067976,R10AFRICA
POLES-JRC ENGAGE,ENGAGE-NPi2020-1200f,0.12006840486518072,0.1368657096109936,R10AFRICA
POLES-JRC ENGAGE,ENGAGE-NPi2020-900f,0.1409513302353292,0.1531670152226181,R10AFRICA
REMIND-MAgPIE 2.1-4.2,NGFS Phase 2-Delayed Transition,0.353140475201667,0.37336444670287944,R10AFRICA
REMIND-MAgPIE 3.2.0-4.8.0,RESCUE-End-of-Century-Budget-1150,0.4983978902325599,0.39625335322808997,R10AFRICA
REMIND-MAgPIE 3.2.0-4.8.0,RESCUE-End-of-Century-Budget-1150-with-OAE,0.5108468384078215,0.3975653074474396,R10AFRICA
REMIND-MAgPIE 3.2.0-4.8.0,RESCUE-End-of-Century-Budget-500,0.49430462465258984,0.42715289978590476,R10AFRICA
REMIND-MAgPIE 3.2.0-4.8.0,RESCUE-End-of-Century-Budget-500-with-OAE,0.5195054534383259,0.4277048132074928,R10AFRICA
REMIND-MAgPIE 3.2.0-4.8.0,RESCUE-Peak-Budget-1150,0.5228033939810746,0.4528523410604526,R10AFRICA
REMIND-MAgPIE 3.2.0-4.8.0,RESCUE-Peak-Budget-1150-with-OAE,0.5211039070145043,0.449571258706083,R10AFRICA
REMIND-MAgPIE 3.3-4.8,NGFS Phase 5-Below 2°C,0.5465091503763716,0.4940243315598827,R10AFRICA
REMIND-MAgPIE 3.3-4.8,NGFS Phase 5-Delayed Transition,0.5532553824121457,0.4852963769226049,R10AFRICA
REMIND-MAgPIE 3.3-4.8,NGFS Phase 5-Low Demand,0.3025006949191533,0.28532690715928566,R10AFRICA
REMIND-MAgPIE 3.3-4.8,NGFS Phase 5-Net-Zero 2050,0.6140881619679169,0.5893924235784095,R10AFRICA
WITCH 5.0,ENGAGE-INDCi2030-1000,0.06365632631292949,0.10495981912683756,R10AFRICA
WITCH 5.0,ENGAGE-INDCi2030-1000-NDCp,0.06665116863068539,0.10917184438172764,R10AFRICA
WITCH 5.0,ENGAGE-INDCi2030-1000f,0.06515402438349163,0.10482350328413119,R10AFRICA
WITCH 5.0,ENGAGE-INDCi2030-1000f-NDCp,0.06566956224139207,0.1073948472665322,R10AFRICA
WITCH 5.0,ENGAGE-INDCi2030-1200,0.06649954578405365,0.1098108896156133,R10AFRICA
WITCH 5.0,ENGAGE-INDCi2030-1200-NDCp,0.06690004227574464,0.11258025376303188,R10AFRICA
WITCH 5.0,ENGAGE-INDCi2030-1200f,0.06076732697180061,0.10770870649176872,R10AFRICA
WITCH 5.0,ENGAGE-INDCi2030-1200f-NDCp,0.06087176075604819,0.10935009396380109,R10AFRICA
WITCH 5.0,ENGAGE-INDCi2030-1400,0.06463149169556404,0.11256631988204745,R10AFRICA
WITCH 5.0,ENGAGE-INDCi2030-1400-NDCp,0.06545196566758867,0.11575779229733019,R10AFRICA
WITCH 5.0,ENGAGE-INDCi2030-1400f,0.06132083644277936,0.11170977700238299,R10AFRICA
WITCH 5.0,ENGAGE-INDCi2030-1400f-NDCp,0.0637540476629745,0.11618402722622932,R10AFRICA
WITCH 5.0,ENGAGE-INDCi2030-1600-NDCp,0.06893873169624772,0.1260876589773414,R10AFRICA
WITCH 5.0,ENGAGE-INDCi2030-500f,0.07510308449596938,0.10406180886315627,R10AFRICA
WITCH 5.0,ENGAGE-INDCi2030-600f,0.07107829944276645,0.09941535659361549,R10AFRICA
WITCH 5.0,ENGAGE-INDCi2030-600f-NDCp,0.06935399386776293,0.09917538078619775,R10AFRICA
WITCH 5.0,ENGAGE-INDCi2030-700f,0.06660333014786349,0.09609041871360552,R10AFRICA
WITCH 5.0,ENGAGE-INDCi2030-700f-NDCp,0.06736608153184387,0.09889451232533181,R10AFRICA
WITCH 5.0,ENGAGE-INDCi2030-800,0.06229269864764061,0.1044664062266818,R10AFRICA
WITCH 5.0,ENGAGE-INDCi2030-800-NDCp,0.06244361795602431,0.10468337768834048,R10AFRICA
WITCH 5.0,ENGAGE-INDCi2030-800f,0.06420930618214776,0.09925054455325857,R10AFRICA
WITCH 5.0,ENGAGE-INDCi2030-800f-NDCp,0.06413982393099996,0.10213027004997144,R10AFRICA
WITCH 5.0,ENGAGE-INDCi2030-900,0.060541253079917035,0.10206298969196444,R10AFRICA
WITCH 5.0,ENGAGE-INDCi2030-900-NDCp,0.056924806364452324,0.10147472844644632,R10AFRICA
WITCH 5.0,ENGAGE-INDCi2030-900f,0.06376095064364018,0.10240320690185926,R10AFRICA
WITCH 5.0,ENGAGE-INDCi2030-900f-NDCp,0.06571098876371062,0.10611998868102508,R10AFRICA
IMAGE 3.0,ENGAGE-INDCi2030-1000,0.04471806367163433,0.10304112166288097,R10CHINA+
IMAGE 3.0,ENGAGE-INDCi2030-1000f,0.05416165420080451,0.09411827901091406,R10CHINA+
IMAGE 3.0,ENGAGE-INDCi2030-1200,0.04223836732737631,0.10004280331839091,R10CHINA+
IMAGE 3.0,ENGAGE-INDCi2030-1200f,0.04494046870172513,0.09390285721667574,R10CHINA+
IMAGE 3.0,ENGAGE-INDCi2030-1400f,0.04507714255437078,0.09490254562842536,R10CHINA+
IMAGE 3.0,ENGAGE-INDCi2030-800f,0.05706808815192289,0.103764747273013,R10CHINA+
IMAGE 3.0,ENGAGE-NPi2020-1000,0.04140364115737571,0.09616823356191616,R10CHINA+
IMAGE 3.0,ENGAGE-NPi2020-1200,0.04012780391460438,0.09573755687696467,R10CHINA+
IMAGE 3.0,ENGAGE-NPi2020-1400,0.03904095695628581,0.09345887337161342,R10CHINA+
IMAGE 3.0,ENGAGE-NPi2020-1400f,0.03352221054071217,0.08182226252714128,R10CHINA+
IMAGE 3.2,SSP2021-SSP1-SPA1-19-Default,0.12896623964194817,0.21401440188248652,R10CHINA+
IMAGE 3.2,SSP2021-SSP1-SPA1-19-Lifestyle-Renewables,0.15024111613755614,0.2179599151848075,R10CHINA+
IMAGE 3.2,SSP2021-SSP1-SPA1-19-Renewables,0.12962350535232522,0.22322920043912273,R10CHINA+
IMAGE 3.2,SSP2021-SSP1-SPA1-26-Default,0.11123295996633564,0.1815434414757015,R10CHINA+
IMAGE 3.2,SSP2021-SSP1-SPA1-26-Lifestyle,0.0988185728983108,0.17483975162214896,R10CHINA+
IMAGE 3.2,SSP2021-SSP1-SPA1-26-Lifestyle-Renewables,0.1275141273832893,0.17831166518303315,R10CHINA+
IMAGE 3.2,SSP2021-SSP1-SPA1-26-Renewables,0.13552336063500606,0.22924174130371008,R10CHINA+
IMAGE 3.2,SSP2021-SSP2-SPA0-26-Default,0.1104072645434062,0.15653293303476468,R10CHINA+
IMAGE 3.2,SSP2021-SSP2-SPA2-19-Renewables,0.189615610208685,0.25855700571043544,R10CHINA+
IMAGE 3.2,SSP2021-SSP2-SPA2-26-Default,0.11294355599917293,0.16920948716993264,R10CHINA+
IMAGE 3.2,SSP2021-SSP2-SPA2-26-Lifestyle,0.09620902890987544,0.15199124753765653,R10CHINA+
IMAGE 3.2,SSP2021-SSP2-SPA2-26-Lifestyle-Renewables,0.1293023348156576,0.1764876554003623,R10CHINA+
IMAGE 3.2,SSP2021-SSP2-SPA2-26-Renewables,0.1546557068653351,0.2073942810906573,R10CHINA+
IMAGE 3.3,NAVIGATE Demand-1.5°C-ele_u,0.1676056197679604,0.28741807668976077,R10CHINA+
IMAGE 3.3,NAVIGATE Demand-1.5°C-tec_u,0.1384123357961735,0.25053102675794475,R10CHINA+
IMAGE 3.3,NAVIGATE Demand-2.0°C-ele_u,0.12619793908231228,0.17958092006336374,R10CHINA+
IMAGE 3.3,NAVIGATE Demand-2.0°C-ref,0.1095905009066451,0.1758847422228135,R10CHINA+
IMAGE 3.3,NAVIGATE Demand-2.0°C-tec_u,0.10562536862046937,0.16915366109966717,R10CHINA+
MESSAGEix-GLOBIOM 2.0-M-R12-NGFS,NGFS Phase 5-Below 2°C,0.0331783159560736,0.08759909699925932,R10CHINA+
MESSAGEix-GLOBIOM 2.0-M-R12-NGFS,NGFS Phase 5-Delayed Transition,0.02818648811385832,0.076730840118557,R10CHINA+
MESSAGEix-GLOBIOM 2.0-M-R12-NGFS,NGFS Phase 5-Low Demand,0.0012581140231807417,0.04918186441982927,R10CHINA+
MESSAGEix-GLOBIOM 2.0-M-R12-NGFS,NGFS Phase 5-Nationally Determined Contributions (NDCs),0.02543614136674394,0.07839977094032542,R10CHINA+
MESSAGEix-GLOBIOM 2.0-M-R12-NGFS,NGFS Phase 5-Net-Zero 2050,0.05145661495251546,0.11503395487303,R10CHINA+
POLES-JRC ENGAGE,ENGAGE-INDCi2030-1000,0.16415131543647565,0.18823305661571585,R10CHINA+
POLES-JRC ENGAGE,ENGAGE-INDCi2030-1000-COV,0.14807362442053848,0.17946510321910566,R10CHINA+
POLES-JRC ENGAGE,ENGAGE-INDCi2030-1000-COV-NDCp,0.14020218824503286,0.1838594577465348,R10CHINA+
POLES-JRC ENGAGE,ENGAGE-INDCi2030-1000-NDCp,0.149642748901963,0.19779325128804803,R10CHINA+
POLES-JRC ENGAGE,ENGAGE-INDCi2030-1000f,0.2302869595084556,0.19305066534474732,R10CHINA+
POLES-JRC ENGAGE,ENGAGE-INDCi2030-1000f-COV,0.1443533320579134,0.16782057186481816,R10CHINA+
POLES-JRC ENGAGE,ENGAGE-INDCi2030-1000f-COV-NDCp,0.13847735182893461,0.1603703882708956,R10CHINA+
POLES-JRC ENGAGE,ENGAGE-INDCi2030-1000f-NDCp,0.17879813426913896,0.18820730082735568,R10CHINA+
POLES-JRC ENGAGE,ENGAGE-INDCi2030-1200,0.13589550727226632,0.1815491549368681,R10CHINA+
POLES-JRC ENGAGE,ENGAGE-INDCi2030-1200f,0.13895789739662184,0.1687171665968068,R10CHINA+
POLES-JRC ENGAGE,ENGAGE-INDCi2030-300f,0.2425180208052452,0.19881511086924736,R10CHINA+
POLES-JRC ENGAGE,ENGAGE-INDCi2030-400f,0.2879696002980843,0.21178039977627666,R10CHINA+
POLES-JRC ENGAGE,ENGAGE-INDCi2030-500f,0.19182567346675522,0.19895441109016793,R10CHINA+
POLES-JRC ENGAGE,ENGAGE-INDCi2030-600f,0.23754229163367627,0.193105128181388,R10CHINA+
POLES-JRC ENGAGE,ENGAGE-INDCi2030-600f-COV,0.22122696588909002,0.17623021202714312,R10CHINA+
POLES-JRC ENGAGE,ENGAGE-INDCi2030-600f-COV-NDCp,0.22347720598960077,0.17509408834814363,R10CHINA+
POLES-JRC ENGAGE,ENGAGE-INDCi2030-600f-NDCp,0.21492858810510646,0.19774330637391263,R10CHINA+
POLES-JRC ENGAGE,ENGAGE-INDCi2030-700f,0.21530513858573688,0.19009097323433355,R10CHINA+
POLES-JRC ENGAGE,ENGAGE-INDCi2030-800f,0.22904743989023252,0.19157888305257276,R10CHINA+
POLES-JRC ENGAGE,ENGAGE-INDCi2030-900,0.16311774547401928,0.2018877928464882,R10CHINA+
POLES-JRC ENGAGE,ENGAGE-INDCi2030-900f,0.2020069141594339,0.19180150104429675,R10CHINA+
POLES-JRC ENGAGE,ENGAGE-NPi2020-1000f,0.1462683008008926,0.16903762150006396,R10CHINA+
POLES-JRC ENGAGE,ENGAGE-NPi2020-1000f-COV,0.13402950753053516,0.16069470420576204,R10CHINA+
POLES-JRC ENGAGE,ENGAGE-NPi2020-1200f,0.1290832072708171,0.1541864101996843,R10CHINA+
POLES-JRC ENGAGE,ENGAGE-NPi2020-900f,0.16107454991008174,0.1729443757260668,R10CHINA+
REMIND-MAgPIE 2.1-4.2,NGFS Phase 2-Delayed Transition,0.19528741238480793,0.24681692357669965,R10CHINA+
REMIND-MAgPIE 3.2.0-4.8.0,RESCUE-End-of-Century-Budget-1150,0.2334337305531263,0.2965021426866017,R10CHINA+
REMIND-MAgPIE 3.2.0-4.8.0,RESCUE-End-of-Century-Budget-1150-with-OAE,0.2434437559415988,0.29765484094516165,R10CHINA+
REMIND-MAgPIE 3.2.0-4.8.0,RESCUE-End-of-Century-Budget-500,0.227021794639188,0.3069060806059841,R10CHINA+
REMIND-MAgPIE 3.2.0-4.8.0,RESCUE-End-of-Century-Budget-500-with-OAE,0.24945465712902173,0.30951592314629983,R10CHINA+
REMIND-MAgPIE 3.2.0-4.8.0,RESCUE-Peak-Budget-1150,0.27379085763622346,0.3473437358312484,R10CHINA+
REMIND-MAgPIE 3.2.0-4.8.0,RESCUE-Peak-Budget-1150-with-OAE,0.2732662288238337,0.34645643368850776,R10CHINA+
REMIND-MAgPIE 3.3-4.8,NGFS Phase 5-Below 2°C,0.17354739781219736,0.2628586331529218,R10CHINA+
REMIND-MAgPIE 3.3-4.8,NGFS Phase 5-Delayed Transition,0.17139020313039574,0.25169013085794695,R10CHINA+
REMIND-MAgPIE 3.3-4.8,NGFS Phase 5-Low Demand,0.14157369415577792,0.21908484742003523,R10CHINA+
REMIND-MAgPIE 3.3-4.8,NGFS Phase 5-Net-Zero 2050,0.20950559179049477,0.32505285151383134,R10CHINA+
WITCH 5.0,ENGAGE-INDCi2030-1000,0.11554424052531315,0.10345294964854393,R10CHINA+
WITCH 5.0,ENGAGE-INDCi2030-1000-NDCp,0.11724093411555939,0.1058138130942715,R10CHINA+
WITCH 5.0,ENGAGE-INDCi2030-1000f,0.11473970280513841,0.11032818971540624,R10CHINA+
WITCH 5.0,ENGAGE-INDCi2030-1000f-NDCp,0.11151539661591454,0.10362548992966497,R10CHINA+
WITCH 5.0,ENGAGE-INDCi2030-1200,0.11614103320029848,0.10514767643297736,R10CHINA+
WITCH 5.0,ENGAGE-INDCi2030-1200-NDCp,0.11628713516780871,0.10428647379161364,R10CHINA+
WITCH 5.0,ENGAGE-INDCi2030-1200f,0.11296597489683834,0.10722510774994047,R10CHINA+
WITCH 5.0,ENGAGE-INDCi2030-1200f-NDCp,0.11254702709010714,0.10551898645477747,R10CHINA+
WITCH 5.0,ENGAGE-INDCi2030-1400,0.11915203877965398,0.11187754098250344,R10CHINA+
WITCH 5.0,ENGAGE-INDCi2030-1400-NDCp,0.11894049719764455,0.10951762398499788,R10CHINA+
WITCH 5.0,ENGAGE-INDCi2030-1400f,0.11735872219484607,0.11188813002613958,R10CHINA+
WITCH 5.0,ENGAGE-INDCi2030-1400f-NDCp,0.11772565096975907,0.10988382231839988,R10CHINA+
WITCH 5.0,ENGAGE-INDCi2030-1600-NDCp,0.12319961676537827,0.11190185711104365,R10CHINA+
WITCH 5.0,ENGAGE-INDCi2030-500f,0.11942138596736934,0.11404945931402805,R10CHINA+
WITCH 5.0,ENGAGE-INDCi2030-600f,0.1164597550959345,0.1138198988615247,R10CHINA+
WITCH 5.0,ENGAGE-INDCi2030-600f-NDCp,0.11749437718839627,0.11730493921780948,R10CHINA+
WITCH 5.0,ENGAGE-INDCi2030-700f,0.11459369947556312,0.10979499633249638,R10CHINA+
WITCH 5.0,ENGAGE-INDCi2030-700f-NDCp,0.116042815872593,0.11301741452311662,R10CHINA+
WITCH 5.0,ENGAGE-INDCi2030-800,0.11865386496718291,0.11406407653990383,R10CHINA+
WITCH 5.0,ENGAGE-INDCi2030-800-NDCp,0.11731499253451201,0.11148095945684662,R10CHINA+
WITCH 5.0,ENGAGE-INDCi2030-800f,0.11421546876056775,0.10682969185413783,R10CHINA+
WITCH 5.0,ENGAGE-INDCi2030-800f-NDCp,0.11495531699309891,0.10764363226977655,R10CHINA+
WITCH 5.0,ENGAGE-INDCi2030-900,0.11774688055965908,0.11034585022699364,R10CHINA+
WITCH 5.0,ENGAGE-INDCi2030-900-NDCp,0.11287073946235683,0.10818690367479956,R10CHINA+
WITCH 5.0,ENGAGE-INDCi2030-900f,0.11338243715304915,0.10649904055788323,R10CHINA+
WITCH 5.0,ENGAGE-INDCi2030-900f-NDCp,0.1134251001639039,0.10787083467700614,R10CHINA+
IMAGE 3.0,ENGAGE-INDCi2030-1000,0.06243367326297574,0.05356536505054538,R10MIDDLE_EAST
IMAGE 3.0,ENGAGE-INDCi2030-1000f,0.08309624628606523,0.06156768406328352,R10MIDDLE_EAST
IMAGE 3.0,ENGAGE-INDCi2030-1200,0.061919767278074196,0.06008240429748342,R10MIDDLE_EAST
IMAGE 3.0,ENGAGE-INDCi2030-1200f,0.0728423921385414,0.06022538660516774,R10MIDDLE_EAST
IMAGE 3.0,ENGAGE-INDCi2030-1400f,0.07920039086539105,0.06808461843122042,R10MIDDLE_EAST
IMAGE 3.0,ENGAGE-INDCi2030-800f,0.0719279890898329,0.051896828056566285,R10MIDDLE_EAST
IMAGE 3.0,ENGAGE-NPi2020-1000,0.0639158568197915,0.05282683319623405,R10MIDDLE_EAST
IMAGE 3.0,ENGAGE-NPi2020-1200,0.06385349580737985,0.062304395125520044,R10MIDDLE_EAST
IMAGE 3.0,ENGAGE-NPi2020-1400,0.07017792250953174,0.07400325046540239,R10MIDDLE_EAST
IMAGE 3.0,ENGAGE-NPi2020-1400f,0.07846332267623055,0.07485898181693615,R10MIDDLE_EAST
IMAGE 3.2,SSP2021-SSP1-SPA1-19-Default,0.16394084837301096,0.2609572521616076,R10MIDDLE_EAST
IMAGE 3.2,SSP2021-SSP1-SPA1-19-Lifestyle-Renewables,0.3985772130449944,0.2701165709498492,R10MIDDLE_EAST
IMAGE 3.2,SSP2021-SSP1-SPA1-19-Renewables,0.3320152379970073,0.30041645722981025,R10MIDDLE_EAST
IMAGE 3.2,SSP2021-SSP1-SPA1-26-Default,0.17300978366326208,0.26537592127180515,R10MIDDLE_EAST
IMAGE 3.2,SSP2021-SSP1-SPA1-26-Lifestyle,0.16116907768423502,0.24941581745528935,R10MIDDLE_EAST
IMAGE 3.2,SSP2021-SSP1-SPA1-26-Lifestyle-Renewables,0.4187020021712488,0.28072699511863225,R10MIDDLE_EAST
IMAGE 3.2,SSP2021-SSP1-SPA1-26-Renewables,0.3573487073408958,0.3161009873013129,R10MIDDLE_EAST
IMAGE 3.2,SSP2021-SSP2-SPA0-26-Default,0.1967006755215432,0.26094518224696084,R10MIDDLE_EAST
IMAGE 3.2,SSP2021-SSP2-SPA2-19-Renewables,0.3871726312332985,0.3156811364329953,R10MIDDLE_EAST
IMAGE 3.2,SSP2021-SSP2-SPA2-26-Default,0.21515947645327319,0.27908985293377286,R10MIDDLE_EAST
IMAGE 3.2,SSP2021-SSP2-SPA2-26-Lifestyle,0.18775944796622787,0.2542164235057397,R10MIDDLE_EAST
IMAGE 3.2,SSP2021-SSP2-SPA2-26-Lifestyle-Renewables,0.41522119581725514,0.27679195078602026,R10MIDDLE_EAST
IMAGE 3.2,SSP2021-SSP2-SPA2-26-Renewables,0.44572635924515747,0.29870253453372086,R10MIDDLE_EAST
IMAGE 3.3,NAVIGATE Demand-1.5°C-ele_u,0.21722697394429466,0.23657810459014939,R10MIDDLE_EAST
IMAGE 3.3,NAVIGATE Demand-1.5°C-tec_u,0.18669323869074725,0.23369448792575234,R10MIDDLE_EAST
IMAGE 3.3,NAVIGATE Demand-2.0°C-ele_u,0.1713298369704553,0.23647217242406018,R10MIDDLE_EAST
IMAGE 3.3,NAVIGATE Demand-2.0°C-ref,0.1794283009243909,0.2517524119260413,R10MIDDLE_EAST
IMAGE 3.3,NAVIGATE Demand-2.0°C-tec_u,0.1596185333950776,0.24086219131062378,R10MIDDLE_EAST
MESSAGEix-GLOBIOM 2.0-M-R12-NGFS,NGFS Phase 5-Below 2°C,0.03258993029787389,0.0895563312738053,R10MIDDLE_EAST
MESSAGEix-GLOBIOM 2.0-M-R12-NGFS,NGFS Phase 5-Delayed Transition,0.0402442119345107,0.10283590956464315,R10MIDDLE_EAST
MESSAGEix-GLOBIOM 2.0-M-R12-NGFS,NGFS Phase 5-Low Demand,0.0,0.05944557233278428,R10MIDDLE_EAST
MESSAGEix-GLOBIOM 2.0-M-R12-NGFS,NGFS Phase 5-Nationally Determined Contributions (NDCs),0.04308450034379347,0.09537099462909301,R10MIDDLE_EAST
MESSAGEix-GLOBIOM 2.0-M-R12-NGFS,NGFS Phase 5-Net-Zero 2050,0.03095203487873808,0.08567473707730418,R10MIDDLE_EAST
POLES-JRC ENGAGE,ENGAGE-INDCi2030-1000,0.06791507062568826,0.10303252605898282,R10MIDDLE_EAST
POLES-JRC ENGAGE,ENGAGE-INDCi2030-1000-COV,0.05845512006680294,0.07689837027135132,R10MIDDLE_EAST
POLES-JRC ENGAGE,ENGAGE-INDCi2030-1000-COV-NDCp,0.060402451614619414,0.0747963714167889,R10MIDDLE_EAST
POLES-JRC ENGAGE,ENGAGE-INDCi2030-1000-NDCp,0.07936410106757598,0.1064226997112666,R10MIDDLE_EAST
POLES-JRC ENGAGE,ENGAGE-INDCi2030-1000f,0.06401725813662752,0.06205312294542152,R10MIDDLE_EAST
POLES-JRC ENGAGE,ENGAGE-INDCi2030-1000f-COV,0.05004139254775332,0.06015251014614669,R10MIDDLE_EAST
POLES-JRC ENGAGE,ENGAGE-INDCi2030-1000f-COV-NDCp,0.054235214097066095,0.057391468735453,R10MIDDLE_EAST
POLES-JRC ENGAGE,ENGAGE-INDCi2030-1000f-NDCp,0.0678368968081369,0.07974261050716583,R10MIDDLE_EAST
POLES-JRC ENGAGE,ENGAGE-INDCi2030-1200,0.05154502062225298,0.051344349310266914,R10MIDDLE_EAST
POLES-JRC ENGAGE,ENGAGE-INDCi2030-1200f,0.040629469479850425,0.04736555381628326,R10MIDDLE_EAST
POLES-JRC ENGAGE,ENGAGE-INDCi2030-300f,0.10181783541371203,0.10753976071724103,R10MIDDLE_EAST
POLES-JRC ENGAGE,ENGAGE-INDCi2030-400f,0.11190550379953343,0.10355047107163261,R10MIDDLE_EAST
POLES-JRC ENGAGE,ENGAGE-INDCi2030-500f,0.10404885252214535,0.10685575163158131,R10MIDDLE_EAST
POLES-JRC ENGAGE,ENGAGE-INDCi2030-600f,0.09883718938659222,0.10516726776304791,R10MIDDLE_EAST
POLES-JRC ENGAGE,ENGAGE-INDCi2030-600f-COV,0.10191945747170637,0.11692856525026095,R10MIDDLE_EAST
POLES-JRC ENGAGE,ENGAGE-INDCi2030-600f-COV-NDCp,0.10673374958241752,0.1182272447666811,R10MIDDLE_EAST
POLES-JRC ENGAGE,ENGAGE-INDCi2030-600f-NDCp,0.10921320122835297,0.13041613371022703,R10MIDDLE_EAST
POLES-JRC ENGAGE,ENGAGE-INDCi2030-700f,0.0964941063730707,0.10471880840463092,R10MIDDLE_EAST
POLES-JRC ENGAGE,ENGAGE-INDCi2030-800f,0.08379323359142433,0.09570657592537318,R10MIDDLE_EAST
POLES-JRC ENGAGE,ENGAGE-INDCi2030-900,0.06625011720599758,0.09330834860177847,R10MIDDLE_EAST
POLES-JRC ENGAGE,ENGAGE-INDCi2030-900f,0.06126731055732024,0.061063607567971356,R10MIDDLE_EAST
POLES-JRC ENGAGE,ENGAGE-NPi2020-1000f,0.046915625905301496,0.0572802208512917,R10MIDDLE_EAST
POLES-JRC ENGAGE,ENGAGE-NPi2020-1000f-COV,0.04790043718801567,0.06497402601951133,R10MIDDLE_EAST
POLES-JRC ENGAGE,ENGAGE-NPi2020-1200f,0.036501250891025384,0.05150998619282849,R10MIDDLE_EAST
POLES-JRC ENGAGE,ENGAGE-NPi2020-900f,0.050954749336632445,0.05801085248984358,R10MIDDLE_EAST
REMIND-MAgPIE 2.1-4.2,NGFS Phase 2-Delayed Transition,0.14249229983750772,0.13448216394662765,R10MIDDLE_EAST
REMIND-MAgPIE 3.2.0-4.8.0,RESCUE-End-of-Century-Budget-1150,0.3260028973738006,0.15931836471899055,R10MIDDLE_EAST
REMIND-MAgPIE 3.2.0-4.8.0,RESCUE-End-of-Century-Budget-1150-with-OAE,0.31093347949997424,0.15990432762963677,R10MIDDLE_EAST
REMIND-MAgPIE 3.2.0-4.8.0,RESCUE-End-of-Century-Budget-500,0.3724520664815097,0.19045037126125566,R10MIDDLE_EAST
REMIND-MAgPIE 3.2.0-4.8.0,RESCUE-End-of-Century-Budget-500-with-OAE,0.37226595572510784,0.19792047909096439,R10MIDDLE_EAST
REMIND-MAgPIE 3.2.0-4.8.0,RESCUE-Peak-Budget-1150,0.26242908363050077,0.22599934081480566,R10MIDDLE_EAST
REMIND-MAgPIE 3.2.0-4.8.0,RESCUE-Peak-Budget-1150-with-OAE,0.26318621790259245,0.22708541620605038,R10MIDDLE_EAST
REMIND-MAgPIE 3.3-4.8,NGFS Phase 5-Below 2°C,0.16291074898359792,0.1797568742222455,R10MIDDLE_EAST
REMIND-MAgPIE 3.3-4.8,NGFS Phase 5-Delayed Transition,0.1677507575312536,0.18111369112477962,R10MIDDLE_EAST
REMIND-MAgPIE 3.3-4.8,NGFS Phase 5-Low Demand,0.09175926535220472,0.10957512783078831,R10MIDDLE_EAST
REMIND-MAgPIE 3.3-4.8,NGFS Phase 5-Net-Zero 2050,0.20417661015282493,0.24283607110807767,R10MIDDLE_EAST
WITCH 5.0,ENGAGE-INDCi2030-1000,0.14034242063052663,0.18809648682457472,R10MIDDLE_EAST
WITCH 5.0,ENGAGE-INDCi2030-1000-NDCp,0.14058650344232912,0.18682855201085602,R10MIDDLE_EAST
WITCH 5.0,ENGAGE-INDCi2030-1000f,0.1403413887441645,0.1902865271231751,R10MIDDLE_EAST
WITCH 5.0,ENGAGE-INDCi2030-1000f-NDCp,0.1401976971393096,0.18952426457063307,R10MIDDLE_EAST
WITCH 5.0,ENGAGE-INDCi2030-1200,0.15223741522988068,0.20073568937502784,R10MIDDLE_EAST
WITCH 5.0,ENGAGE-INDCi2030-1200-NDCp,0.1527834798389649,0.20028382353340576,R10MIDDLE_EAST
WITCH 5.0,ENGAGE-INDCi2030-1200f,0.14743281719711737,0.2031404691881917,R10MIDDLE_EAST
WITCH 5.0,ENGAGE-INDCi2030-1200f-NDCp,0.1473049074576095,0.2036408687155711,R10MIDDLE_EAST
WITCH 5.0,ENGAGE-INDCi2030-1400,0.15471115466115418,0.21185204993813683,R10MIDDLE_EAST
WITCH 5.0,ENGAGE-INDCi2030-1400-NDCp,0.1535866693936023,0.21069263034000837,R10MIDDLE_EAST
WITCH 5.0,ENGAGE-INDCi2030-1400f,0.1513451271042621,0.21244029147467414,R10MIDDLE_EAST
WITCH 5.0,ENGAGE-INDCi2030-1400f-NDCp,0.1519970114884361,0.21273589939910054,R10MIDDLE_EAST
WITCH 5.0,ENGAGE-INDCi2030-1600-NDCp,0.1622652021670482,0.22090944014235225,R10MIDDLE_EAST
WITCH 5.0,ENGAGE-INDCi2030-500f,0.1251185801006651,0.16138594236419895,R10MIDDLE_EAST
WITCH 5.0,ENGAGE-INDCi2030-600f,0.1270996809119226,0.167909630723807,R10MIDDLE_EAST
WITCH 5.0,ENGAGE-INDCi2030-600f-NDCp,0.12762637257421783,0.16840690395662442,R10MIDDLE_EAST
WITCH 5.0,ENGAGE-INDCi2030-700f,0.1314681427975079,0.1756510992919394,R10MIDDLE_EAST
WITCH 5.0,ENGAGE-INDCi2030-700f-NDCp,0.13139808084684965,0.17510549646428755,R10MIDDLE_EAST
WITCH 5.0,ENGAGE-INDCi2030-800,0.13454101916820566,0.1696014716211555,R10MIDDLE_EAST
WITCH 5.0,ENGAGE-INDCi2030-800-NDCp,0.13309081366799017,0.17062681815729341,R10MIDDLE_EAST
WITCH 5.0,ENGAGE-INDCi2030-800f,0.135187659218452,0.18300602445458083,R10MIDDLE_EAST
WITCH 5.0,ENGAGE-INDCi2030-800f-NDCp,0.13441850876507846,0.18033352610551506,R10MIDDLE_EAST
WITCH 5.0,ENGAGE-INDCi2030-900,0.14180641582813908,0.1853945718880529,R10MIDDLE_EAST
WITCH 5.0,ENGAGE-INDCi2030-900-NDCp,0.13284644658482195,0.1793021040569275,R10MIDDLE_EAST
WITCH 5.0,ENGAGE-INDCi2030-900f,0.13692309713446887,0.18577158870948793,R10MIDDLE_EAST
WITCH 5.0,ENGAGE-INDCi2030-900f-NDCp,0.1366150271501166,0.1843387403017786,R10MIDDLE_EAST
IMAGE 3.0,ENGAGE-INDCi2030-1000,0.10082012402634576,0.10986396154602723,R10EUROPE
IMAGE 3.0,ENGAGE-INDCi2030-1000f,0.1437245534147953,0.09335599538662813,R10EUROPE
IMAGE 3.0,ENGAGE-INDCi2030-1200,0.08622435276038194,0.08474391954324077,R10EUROPE
IMAGE 3.0,ENGAGE-INDCi2030-1200f,0.10770462383947713,0.09695795449489325,R10EUROPE
IMAGE 3.0,ENGAGE-INDCi2030-1400f,0.11320982079469288,0.09630408767230751,R10EUROPE
IMAGE 3.0,ENGAGE-INDCi2030-800f,0.14383196915615923,0.10677697619494295,R10EUROPE
IMAGE 3.0,ENGAGE-NPi2020-1000,0.08938990834504412,0.09699240988219242,R10EUROPE
IMAGE 3.0,ENGAGE-NPi2020-1200,0.08328217491436352,0.08103890961758319,R10EUROPE
IMAGE 3.0,ENGAGE-NPi2020-1400,0.09158566499820957,0.09792097181271638,R10EUROPE
IMAGE 3.0,ENGAGE-NPi2020-1400f,0.09865621696130883,0.09651469963589496,R10EUROPE
IMAGE 3.2,SSP2021-SSP1-SPA1-19-Default,0.12259275241322817,0.15692277814287858,R10EUROPE
IMAGE 3.2,SSP2021-SSP1-SPA1-19-Lifestyle-Renewables,0.13888114488175327,0.17434202924309455,R10EUROPE
IMAGE 3.2,SSP2021-SSP1-SPA1-19-Renewables,0.13575086061768082,0.19782315357301633,R10EUROPE
IMAGE 3.2,SSP2021-SSP1-SPA1-26-Default,0.09997336681663005,0.1365441927046539,R10EUROPE
IMAGE 3.2,SSP2021-SSP1-SPA1-26-Lifestyle,0.07672174268130813,0.11187427413664582,R10EUROPE
IMAGE 3.2,SSP2021-SSP1-SPA1-26-Lifestyle-Renewables,0.11068092573912504,0.1373893084352691,R10EUROPE
IMAGE 3.2,SSP2021-SSP1-SPA1-26-Renewables,0.11636639285755361,0.1649580541226205,R10EUROPE
IMAGE 3.2,SSP2021-SSP2-SPA0-26-Default,0.11343927699596323,0.11037817449410281,R10EUROPE
IMAGE 3.2,SSP2021-SSP2-SPA2-19-Renewables,0.19673823519513994,0.25841940649455325,R10EUROPE
IMAGE 3.2,SSP2021-SSP2-SPA2-26-Default,0.11300371989879736,0.1216516917586952,R10EUROPE
IMAGE 3.2,SSP2021-SSP2-SPA2-26-Lifestyle,0.07849227086482108,0.0920755784497907,R10EUROPE
IMAGE 3.2,SSP2021-SSP2-SPA2-26-Lifestyle-Renewables,0.11171608001538813,0.13494182377260416,R10EUROPE
IMAGE 3.2,SSP2021-SSP2-SPA2-26-Renewables,0.1435450200478136,0.1613559118383609,R10EUROPE
IMAGE 3.3,NAVIGATE Demand-1.5°C-ele_u,0.12983156750833716,0.164748180175381,R10EUROPE
IMAGE 3.3,NAVIGATE Demand-1.5°C-tec_u,0.09653695444683186,0.13406967475352705,R10EUROPE
IMAGE 3.3,NAVIGATE Demand-2.0°C-ele_u,0.11615050013908446,0.15776872179517298,R10EUROPE
IMAGE 3.3,NAVIGATE Demand-2.0°C-ref,0.09325212001078753,0.13064685336219764,R10EUROPE
IMAGE 3.3,NAVIGATE Demand-2.0°C-tec_u,0.0851661687620632,0.1216469139558222,R10EUROPE
MESSAGEix-GLOBIOM 2.0-M-R12-NGFS,NGFS Phase 5-Below 2°C,0.1341236993529808,0.18916059740982552,R10EUROPE
MESSAGEix-GLOBIOM 2.0-M-R12-NGFS,NGFS Phase 5-Delayed Transition,0.1397911130460121,0.19857993119959474,R10EUROPE
MESSAGEix-GLOBIOM 2.0-M-R12-NGFS,NGFS Phase 5-Low Demand,0.09915025816972918,0.16088270691698586,R10EUROPE
MESSAGEix-GLOBIOM 2.0-M-R12-NGFS,NGFS Phase 5-Nationally Determined Contributions (NDCs),0.11347567867847064,0.1690574544824821,R10EUROPE
MESSAGEix-GLOBIOM 2.0-M-R12-NGFS,NGFS Phase 5-Net-Zero 2050,0.18033024539752976,0.24997778306943352,R10EUROPE
POLES-JRC ENGAGE,ENGAGE-INDCi2030-1000,0.23327198242807656,0.319721568551554,R10EUROPE
POLES-JRC ENGAGE,ENGAGE-INDCi2030-1000-COV,0.2064029141619537,0.28704454783658884,R10EUROPE
POLES-JRC ENGAGE,ENGAGE-INDCi2030-1000-COV-NDCp,0.20240096899441418,0.2838016924694809,R10EUROPE
POLES-JRC ENGAGE,ENGAGE-INDCi2030-1000-NDCp,0.21495110418127922,0.2882052016407575,R10EUROPE
POLES-JRC ENGAGE,ENGAGE-INDCi2030-1000f,0.23891725144832782,0.25649240366299975,R10EUROPE
POLES-JRC ENGAGE,ENGAGE-INDCi2030-1000f-COV,0.2063817106871396,0.2366527273209918,R10EUROPE
POLES-JRC ENGAGE,ENGAGE-INDCi2030-1000f-COV-NDCp,0.19817334664024785,0.2348804278002408,R10EUROPE
POLES-JRC ENGAGE,ENGAGE-INDCi2030-1000f-NDCp,0.21963332133818594,0.24298080343019782,R10EUROPE
POLES-JRC ENGAGE,ENGAGE-INDCi2030-1200,0.18668450717829005,0.2430549782075521,R10EUROPE
POLES-JRC ENGAGE,ENGAGE-INDCi2030-1200f,0.1903444840348568,0.2222484072837791,R10EUROPE
POLES-JRC ENGAGE,ENGAGE-INDCi2030-300f,0.35090497571248624,0.34328198321577097,R10EUROPE
POLES-JRC ENGAGE,ENGAGE-INDCi2030-400f,0.34535772521915453,0.346409479123752,R10EUROPE
POLES-JRC ENGAGE,ENGAGE-INDCi2030-500f,0.3308894292798722,0.3412180768027974,R10EUROPE
POLES-JRC ENGAGE,ENGAGE-INDCi2030-600f,0.3214256482063254,0.34066527659618945,R10EUROPE
POLES-JRC ENGAGE,ENGAGE-INDCi2030-600f-COV,0.31492380919043517,0.3374417090048992,R10EUROPE
POLES-JRC ENGAGE,ENGAGE-INDCi2030-600f-COV-NDCp,0.3053603181581284,0.33218169420550503,R10EUROPE
POLES-JRC ENGAGE,ENGAGE-INDCi2030-600f-NDCp,0.2972243243713631,0.3101472973621417,R10EUROPE
POLES-JRC ENGAGE,ENGAGE-INDCi2030-700f,0.30895721586081853,0.32792536595692445,R10EUROPE
POLES-JRC ENGAGE,ENGAGE-INDCi2030-800f,0.2956154638358675,0.31344440195734385,R10EUROPE
POLES-JRC ENGAGE,ENGAGE-INDCi2030-900,0.2319033455935299,0.3381382778189026,R10EUROPE
POLES-JRC ENGAGE,ENGAGE-INDCi2030-900f,0.27267310006716283,0.28579117250561004,R10EUROPE
POLES-JRC ENGAGE,ENGAGE-NPi2020-1000f,0.1926070995424317,0.2128031545916014,R10EUROPE
POLES-JRC ENGAGE,ENGAGE-NPi2020-1000f-COV,0.1833258412665681,0.2095146719351992,R10EUROPE
POLES-JRC ENGAGE,ENGAGE-NPi2020-1200f,0.17335352159145462,0.2004327645192081,R10EUROPE
POLES-JRC ENGAGE,ENGAGE-NPi2020-900f,0.2175141589537693,0.22247998895512625,R10EUROPE
REMIND-MAgPIE 2.1-4.2,NGFS Phase 2-Delayed Transition,0.2478365851747777,0.31217851925975526,R10EUROPE
REMIND-MAgPIE 3.2.0-4.8.0,RESCUE-End-of-Century-Budget-1150,0.2012292598831262,0.2052183411760594,R10EUROPE
REMIND-MAgPIE 3.2.0-4.8.0,RESCUE-End-of-Century-Budget-1150-with-OAE,0.22946657690994657,0.2056699697368722,R10EUROPE
REMIND-MAgPIE 3.2.0-4.8.0,RESCUE-End-of-Century-Budget-500,0.19727469446017915,0.21554162431158133,R10EUROPE
REMIND-MAgPIE 3.2.0-4.8.0,RESCUE-End-of-Century-Budget-500-with-OAE,0.24233349760876377,0.21612570388597144,R10EUROPE
REMIND-MAgPIE 3.2.0-4.8.0,RESCUE-Peak-Budget-1150,0.2213852262810756,0.22927890740258727,R10EUROPE
REMIND-MAgPIE 3.2.0-4.8.0,RESCUE-Peak-Budget-1150-with-OAE,0.2208858109866793,0.22849623484585158,R10EUROPE
REMIND-MAgPIE 3.3-4.8,NGFS Phase 5-Below 2°C,0.23213219433838414,0.2562006196606455,R10EUROPE
REMIND-MAgPIE 3.3-4.8,NGFS Phase 5-Delayed Transition,0.25719025456808386,0.2945912890936048,R10EUROPE
REMIND-MAgPIE 3.3-4.8,NGFS Phase 5-Low Demand,0.18347733452208398,0.20453489935355645,R10EUROPE
REMIND-MAgPIE 3.3-4.8,NGFS Phase 5-Net-Zero 2050,0.2784955012578756,0.33822176541824944,R10EUROPE
WITCH 5.0,ENGAGE-INDCi2030-1000,0.16338746483142716,0.20536647064296534,R10EUROPE
WITCH 5.0,ENGAGE-INDCi2030-1000-NDCp,0.16616213204586008,0.20306479268607258,R10EUROPE
WITCH 5.0,ENGAGE-INDCi2030-1000f,0.1634769291155365,0.21294618103876436,R10EUROPE
WITCH 5.0,ENGAGE-INDCi2030-1000f-NDCp,0.16486853821852387,0.21304827177529836,R10EUROPE
WITCH 5.0,ENGAGE-INDCi2030-1200,0.17052584092571085,0.2108617070697105,R10EUROPE
WITCH 5.0,ENGAGE-INDCi2030-1200-NDCp,0.17156356394542427,0.21115861943366568,R10EUROPE
WITCH 5.0,ENGAGE-INDCi2030-1200f,0.17061733617167663,0.22285795209318915,R10EUROPE
WITCH 5.0,ENGAGE-INDCi2030-1200f-NDCp,0.17073330677000098,0.22327812965041172,R10EUROPE
WITCH 5.0,ENGAGE-INDCi2030-1400,0.17736034789747046,0.22759454176408872,R10EUROPE
WITCH 5.0,ENGAGE-INDCi2030-1400-NDCp,0.17757381819620469,0.22495938813388447,R10EUROPE
WITCH 5.0,ENGAGE-INDCi2030-1400f,0.17563506352374555,0.2305296786909229,R10EUROPE
WITCH 5.0,ENGAGE-INDCi2030-1400f-NDCp,0.17651178068336631,0.22959144213120794,R10EUROPE
WITCH 5.0,ENGAGE-INDCi2030-1600-NDCp,0.18355498076384363,0.23439376802882833,R10EUROPE
WITCH 5.0,ENGAGE-INDCi2030-500f,0.1697206460031038,0.21112014060576137,R10EUROPE
WITCH 5.0,ENGAGE-INDCi2030-600f,0.16534615404237202,0.20853760664648036,R10EUROPE
WITCH 5.0,ENGAGE-INDCi2030-600f-NDCp,0.16037957891895951,0.20104519282252067,R10EUROPE
WITCH 5.0,ENGAGE-INDCi2030-700f,0.15975779497233553,0.20386719624042893,R10EUROPE
WITCH 5.0,ENGAGE-INDCi2030-700f-NDCp,0.15826232123400635,0.20180732982752553,R10EUROPE
WITCH 5.0,ENGAGE-INDCi2030-800,0.16346618746443597,0.2058947125628141,R10EUROPE
WITCH 5.0,ENGAGE-INDCi2030-800-NDCp,0.16244284805118922,0.19976066946982782,R10EUROPE
WITCH 5.0,ENGAGE-INDCi2030-800f,0.1602447379567346,0.2066058290621914,R10EUROPE
WITCH 5.0,ENGAGE-INDCi2030-800f-NDCp,0.16009758410391497,0.2060244698512227,R10EUROPE
WITCH 5.0,ENGAGE-INDCi2030-900,0.16153396964928254,0.1984268985580686,R10EUROPE
WITCH 5.0,ENGAGE-INDCi2030-900-NDCp,0.15657873715543774,0.19632101391954102,R10EUROPE
WITCH 5.0,ENGAGE-INDCi2030-900f,0.16332565070715607,0.21067484931201877,R10EUROPE
WITCH 5.0,ENGAGE-INDCi2030-900f-NDCp,0.16214931547516429,0.21025349693292772,R10EUROPE
IMAGE 3.0,ENGAGE-INDCi2030-1000,0.20613478509788005,0.2694808910377527,R10REST_ASIA
IMAGE 3.0,ENGAGE-INDCi2030-1000f,0.25140828657533754,0.22397908606357808,R10REST_ASIA
IMAGE 3.0,ENGAGE-INDCi2030-1200,0.1765631381171689,0.22018650549285948,R10REST_ASIA
IMAGE 3.0,ENGAGE-INDCi2030-1200f,0.1911316168760506,0.21138810943738454,R10REST_ASIA
IMAGE 3.0,ENGAGE-INDCi2030-1400f,0.19235641531853745,0.19052384902006253,R10REST_ASIA
IMAGE 3.0,ENGAGE-INDCi2030-800f,0.27666679913001097,0.31082464753131817,R10REST_ASIA
IMAGE 3.0,ENGAGE-NPi2020-1000,0.19970758632619576,0.27013432247028335,R10REST_ASIA
IMAGE 3.0,ENGAGE-NPi2020-1200,0.16556870354930828,0.20004089149182358,R10REST_ASIA
IMAGE 3.0,ENGAGE-NPi2020-1400,0.16103521804395893,0.19541829319438717,R10REST_ASIA
IMAGE 3.0,ENGAGE-NPi2020-1400f,0.18692908078843642,0.22336950437897105,R10REST_ASIA
IMAGE 3.2,SSP2021-SSP1-SPA1-19-Default,0.26372272013963244,0.3795544399720007,R10REST_ASIA
IMAGE 3.2,SSP2021-SSP1-SPA1-19-Lifestyle-Renewables,0.40750288102532484,0.4676415123850406,R10REST_ASIA
IMAGE 3.2,SSP2021-SSP1-SPA1-19-Renewables,0.35606643740699534,0.4781435616258393,R10REST_ASIA
IMAGE 3.2,SSP2021-SSP1-SPA1-26-Default,0.2605120664845886,0.36615241147795097,R10REST_ASIA
IMAGE 3.2,SSP2021-SSP1-SPA1-26-Lifestyle,0.2308714014170867,0.3401086803604609,R10REST_ASIA
IMAGE 3.2,SSP2021-SSP1-SPA1-26-Lifestyle-Renewables,0.3388300048264998,0.39393732064333875,R10REST_ASIA
IMAGE 3.2,SSP2021-SSP1-SPA1-26-Renewables,0.32901362913661686,0.43630946367792045,R10REST_ASIA
IMAGE 3.2,SSP2021-SSP2-SPA0-26-Default,0.28403779120137135,0.3207162131024419,R10REST_ASIA
IMAGE 3.2,SSP2021-SSP2-SPA2-19-Renewables,0.5555286779814245,0.5534119671177222,R10REST_ASIA
IMAGE 3.2,SSP2021-SSP2-SPA2-26-Default,0.29080030957129976,0.3416271377216738,R10REST_ASIA
IMAGE 3.2,SSP2021-SSP2-SPA2-26-Lifestyle,0.2526245327366431,0.3190351441194144,R10REST_ASIA
IMAGE 3.2,SSP2021-SSP2-SPA2-26-Lifestyle-Renewables,0.3654117210487866,0.4166687434191094,R10REST_ASIA
IMAGE 3.2,SSP2021-SSP2-SPA2-26-Renewables,0.4384808165597916,0.4639647694971938,R10REST_ASIA
IMAGE 3.3,NAVIGATE Demand-1.5°C-ele_u,0.33890417485141766,0.452070650987691,R10REST_ASIA
IMAGE 3.3,NAVIGATE Demand-1.5°C-tec_u,0.30753169794468177,0.42402526815280545,R10REST_ASIA
IMAGE 3.3,NAVIGATE Demand-2.0°C-ele_u,0.2770095977995277,0.36683199992041193,R10REST_ASIA
IMAGE 3.3,NAVIGATE Demand-2.0°C-ref,0.2757216445843937,0.3604312989328217,R10REST_ASIA
IMAGE 3.3,NAVIGATE Demand-2.0°C-tec_u,0.24075813870863857,0.324915568006227,R10REST_ASIA
MESSAGEix-GLOBIOM 2.0-M-R12-NGFS,NGFS Phase 5-Below 2°C,0.06153381103120723,0.10022196255825355,R10REST_ASIA
MESSAGEix-GLOBIOM 2.0-M-R12-NGFS,NGFS Phase 5-Delayed Transition,0.0474769817168506,0.07461155610972674,R10REST_ASIA
MESSAGEix-GLOBIOM 2.0-M-R12-NGFS,NGFS Phase 5-Low Demand,0.02053751095150843,0.07339725343102409,R10REST_ASIA
MESSAGEix-GLOBIOM 2.0-M-R12-NGFS,NGFS Phase 5-Nationally Determined Contributions (NDCs),0.044628281654075834,0.08239545100863381,R10REST_ASIA
MESSAGEix-GLOBIOM 2.0-M-R12-NGFS,NGFS Phase 5-Net-Zero 2050,0.06787489051155579,0.1142193240827471,R10REST_ASIA
POLES-JRC ENGAGE,ENGAGE-INDCi2030-1000,0.2507422381366269,0.30559401816066706,R10REST_ASIA
POLES-JRC ENGAGE,ENGAGE-INDCi2030-1000-COV,0.2374648404087197,0.26636876746681043,R10REST_ASIA
POLES-JRC ENGAGE,ENGAGE-INDCi2030-1000-COV-NDCp,0.22953917469929824,0.2631155298156447,R10REST_ASIA
POLES-JRC ENGAGE,ENGAGE-INDCi2030-1000-NDCp,0.2537731527014569,0.2954849771074686,R10REST_ASIA
POLES-JRC ENGAGE,ENGAGE-INDCi2030-1000f,0.29734668787147656,0.25441982900445886,R10REST_ASIA
POLES-JRC ENGAGE,ENGAGE-INDCi2030-1000f-COV,0.22948124630842015,0.21100981482945766,R10REST_ASIA
POLES-JRC ENGAGE,ENGAGE-INDCi2030-1000f-COV-NDCp,0.20913158070393398,0.20161204438306535,R10REST_ASIA
POLES-JRC ENGAGE,ENGAGE-INDCi2030-1000f-NDCp,0.27444200188932577,0.22594146931879114,R10REST_ASIA
POLES-JRC ENGAGE,ENGAGE-INDCi2030-1200,0.1946852269800901,0.22488064782370415,R10REST_ASIA
POLES-JRC ENGAGE,ENGAGE-INDCi2030-1200f,0.19626280657162462,0.19028025367551543,R10REST_ASIA
POLES-JRC ENGAGE,ENGAGE-INDCi2030-300f,0.454272244390545,0.3377265021201494,R10REST_ASIA
POLES-JRC ENGAGE,ENGAGE-INDCi2030-400f,0.41612735694942565,0.332575677468344,R10REST_ASIA
POLES-JRC ENGAGE,ENGAGE-INDCi2030-500f,0.3813637844854688,0.32406757898721816,R10REST_ASIA
POLES-JRC ENGAGE,ENGAGE-INDCi2030-600f,0.3585548177644634,0.31374341132569367,R10REST_ASIA
POLES-JRC ENGAGE,ENGAGE-INDCi2030-600f-COV,0.3425060423613296,0.3096064419263287,R10REST_ASIA
POLES-JRC ENGAGE,ENGAGE-INDCi2030-600f-COV-NDCp,0.3371466957029803,0.31642777183181164,R10REST_ASIA
POLES-JRC ENGAGE,ENGAGE-INDCi2030-600f-NDCp,0.3947415903220492,0.3257977117576082,R10REST_ASIA
POLES-JRC ENGAGE,ENGAGE-INDCi2030-700f,0.3319286413672816,0.30225550663301676,R10REST_ASIA
POLES-JRC ENGAGE,ENGAGE-INDCi2030-800f,0.3396667631006443,0.2922002837823284,R10REST_ASIA
POLES-JRC ENGAGE,ENGAGE-INDCi2030-900,0.2789941011146109,0.344165923436656,R10REST_ASIA
POLES-JRC ENGAGE,ENGAGE-INDCi2030-900f,0.3219513637203596,0.26952784065756635,R10REST_ASIA
POLES-JRC ENGAGE,ENGAGE-NPi2020-1000f,0.20950842320341648,0.1990832027365566,R10REST_ASIA
POLES-JRC ENGAGE,ENGAGE-NPi2020-1000f-COV,0.19172078863470374,0.18654791646372273,R10REST_ASIA
POLES-JRC ENGAGE,ENGAGE-NPi2020-1200f,0.1865423178511189,0.1851985742700049,R10REST_ASIA
POLES-JRC ENGAGE,ENGAGE-NPi2020-900f,0.241605811023153,0.20997949884683179,R10REST_ASIA
REMIND-MAgPIE 2.1-4.2,NGFS Phase 2-Delayed Transition,0.4805767988401297,0.4836942143712616,R10REST_ASIA
REMIND-MAgPIE 3.2.0-4.8.0,RESCUE-End-of-Century-Budget-1150,0.6440629846415252,0.5644066278354712,R10REST_ASIA
REMIND-MAgPIE 3.2.0-4.8.0,RESCUE-End-of-Century-Budget-1150-with-OAE,0.6609555184995717,0.5665327891191199,R10REST_ASIA
REMIND-MAgPIE 3.2.0-4.8.0,RESCUE-End-of-Century-Budget-500,0.6496509541471998,0.6065116357953894,R10REST_ASIA
REMIND-MAgPIE 3.2.0-4.8.0,RESCUE-End-of-Century-Budget-500-with-OAE,0.6751875586506297,0.6050954099263388,R10REST_ASIA
REMIND-MAgPIE 3.2.0-4.8.0,RESCUE-Peak-Budget-1150,0.6951069640856967,0.6342584525957486,R10REST_ASIA
REMIND-MAgPIE 3.2.0-4.8.0,RESCUE-Peak-Budget-1150-with-OAE,0.6946667850051227,0.6327874578900234,R10REST_ASIA
REMIND-MAgPIE 3.3-4.8,NGFS Phase 5-Below 2°C,0.4436368523484117,0.5047109452747828,R10REST_ASIA
REMIND-MAgPIE 3.3-4.8,NGFS Phase 5-Delayed Transition,0.4438505804288291,0.4809097637939564,R10REST_ASIA
REMIND-MAgPIE 3.3-4.8,NGFS Phase 5-Low Demand,0.34186776675314207,0.3928278155915199,R10REST_ASIA
REMIND-MAgPIE 3.3-4.8,NGFS Phase 5-Net-Zero 2050,0.4935810098929514,0.5892836692022151,R10REST_ASIA
WITCH 5.0,ENGAGE-INDCi2030-1000,0.06996629999458583,0.08010202400631806,R10REST_ASIA
WITCH 5.0,ENGAGE-INDCi2030-1000-NDCp,0.07178437410166047,0.0794743042427652,R10REST_ASIA
WITCH 5.0,ENGAGE-INDCi2030-1000f,0.07446053050066846,0.08311279434271396,R10REST_ASIA
WITCH 5.0,ENGAGE-INDCi2030-1000f-NDCp,0.0739087275929809,0.08275467728838452,R10REST_ASIA
WITCH 5.0,ENGAGE-INDCi2030-1200,0.07380734340222851,0.08333450065881871,R10REST_ASIA
WITCH 5.0,ENGAGE-INDCi2030-1200-NDCp,0.07461268494630899,0.08404869793265947,R10REST_ASIA
WITCH 5.0,ENGAGE-INDCi2030-1200f,0.07661877280628607,0.08734347429320419,R10REST_ASIA
WITCH 5.0,ENGAGE-INDCi2030-1200f-NDCp,0.0770277829536343,0.08808308666297095,R10REST_ASIA
WITCH 5.0,ENGAGE-INDCi2030-1400,0.08095588340316875,0.09480133568592648,R10REST_ASIA
WITCH 5.0,ENGAGE-INDCi2030-1400-NDCp,0.08131086122217361,0.09567186436280621,R10REST_ASIA
WITCH 5.0,ENGAGE-INDCi2030-1400f,0.07964803535737082,0.09632313336014652,R10REST_ASIA
WITCH 5.0,ENGAGE-INDCi2030-1400f-NDCp,0.08101783827012972,0.09977197533385411,R10REST_ASIA
WITCH 5.0,ENGAGE-INDCi2030-1600-NDCp,0.08387618374137386,0.10518549164302654,R10REST_ASIA
WITCH 5.0,ENGAGE-INDCi2030-500f,0.09122798132696051,0.08668371818136776,R10REST_ASIA
WITCH 5.0,ENGAGE-INDCi2030-600f,0.08418833875924116,0.08214425501070291,R10REST_ASIA
WITCH 5.0,ENGAGE-INDCi2030-600f-NDCp,0.08109564685044307,0.07871305296711048,R10REST_ASIA
WITCH 5.0,ENGAGE-INDCi2030-700f,0.07915665097685397,0.07837732821128114,R10REST_ASIA
WITCH 5.0,ENGAGE-INDCi2030-700f-NDCp,0.07808825429702927,0.07814394143099487,R10REST_ASIA
WITCH 5.0,ENGAGE-INDCi2030-800,0.07002659868077735,0.08172054115622124,R10REST_ASIA
WITCH 5.0,ENGAGE-INDCi2030-800-NDCp,0.07012832556304074,0.0780375596884577,R10REST_ASIA
WITCH 5.0,ENGAGE-INDCi2030-800f,0.07747704801045918,0.07949192175786308,R10REST_ASIA
WITCH 5.0,ENGAGE-INDCi2030-800f-NDCp,0.07597492485392453,0.07933172636505204,R10REST_ASIA
WITCH 5.0,ENGAGE-INDCi2030-900,0.07064915416171735,0.07928505818549182,R10REST_ASIA
WITCH 5.0,ENGAGE-INDCi2030-900-NDCp,0.06619571462870434,0.07608613849707274,R10REST_ASIA
WITCH 5.0,ENGAGE-INDCi2030-900f,0.07544304661806205,0.08140184778619675,R10REST_ASIA
WITCH 5.0,ENGAGE-INDCi2030-900f-NDCp,0.07401635108924737,0.08131914889546082,R10REST_ASIA
IMAGE 3.0,ENGAGE-INDCi2030-1000,0.04052935112011881,0.02501143051161163,R10PAC_OECD
IMAGE 3.0,ENGAGE-INDCi2030-1000f,0.07172761654841524,0.010133946499393491,R10PAC_OECD
IMAGE 3.0,ENGAGE-INDCi2030-1200,0.03339512916954607,0.01230226069737788,R10PAC_OECD
IMAGE 3.0,ENGAGE-INDCi2030-1200f,0.04346305225247047,0.004018375138484572,R10PAC_OECD
IMAGE 3.0,ENGAGE-INDCi2030-1400f,0.03867885720560985,0.000858488751688171,R10PAC_OECD
IMAGE 3.0,ENGAGE-INDCi2030-800f,0.07047586099427658,0.026786863710974267,R10PAC_OECD
IMAGE 3.0,ENGAGE-NPi2020-1000,0.030343208925237265,0.013593913054240361,R10PAC_OECD
IMAGE 3.0,ENGAGE-NPi2020-1200,0.030830186245726688,0.008588657554203365,R10PAC_OECD
IMAGE 3.0,ENGAGE-NPi2020-1400,0.028503559436113917,0.0,R10PAC_OECD
IMAGE 3.0,ENGAGE-NPi2020-1400f,0.03337064374990823,0.0007886031035174803,R10PAC_OECD
IMAGE 3.2,SSP2021-SSP1-SPA1-19-Default,0.04034429498210204,0.053511368557998866,R10PAC_OECD
IMAGE 3.2,SSP2021-SSP1-SPA1-19-Lifestyle-Renewables,0.06422413721161095,0.07184974725292434,R10PAC_OECD
IMAGE 3.2,SSP2021-SSP1-SPA1-19-Renewables,0.05679222900129792,0.07456250057413251,R10PAC_OECD
IMAGE 3.2,SSP2021-SSP1-SPA1-26-Default,0.02800342122470859,0.04857093697098856,R10PAC_OECD
IMAGE 3.2,SSP2021-SSP1-SPA1-26-Lifestyle,0.01727107610487416,0.039860093974432756,R10PAC_OECD
IMAGE 3.2,SSP2021-SSP1-SPA1-26-Lifestyle-Renewables,0.053832999727174986,0.06331617536913092,R10PAC_OECD
IMAGE 3.2,SSP2021-SSP1-SPA1-26-Renewables,0.039652922821779464,0.06522467396843944,R10PAC_OECD
IMAGE 3.2,SSP2021-SSP2-SPA0-26-Default,0.056154258187025574,0.04925891860515235,R10PAC_OECD
IMAGE 3.2,SSP2021-SSP2-SPA2-19-Renewables,0.11159073686993627,0.12552025972350753,R10PAC_OECD
IMAGE 3.2,SSP2021-SSP2-SPA2-26-Default,0.05429441883790243,0.054862147496875374,R10PAC_OECD
IMAGE 3.2,SSP2021-SSP2-SPA2-26-Lifestyle,0.033517138741821356,0.040886806969430485,R10PAC_OECD
IMAGE 3.2,SSP2021-SSP2-SPA2-26-Lifestyle-Renewables,0.056062338817900674,0.059182251803392184,R10PAC_OECD
IMAGE 3.2,SSP2021-SSP2-SPA2-26-Renewables,0.09184598387844037,0.08183441734737286,R10PAC_OECD
IMAGE 3.3,NAVIGATE Demand-1.5°C-ele_u,0.0669980201587342,0.09086462016510873,R10PAC_OECD
IMAGE 3.3,NAVIGATE Demand-1.5°C-tec_u,0.044833112536929544,0.07490656300489772,R10PAC_OECD
IMAGE 3.3,NAVIGATE Demand-2.0°C-ele_u,0.05008326473448111,0.07571804869886647,R10PAC_OECD
IMAGE 3.3,NAVIGATE Demand-2.0°C-ref,0.03636746778338105,0.06805177819500625,R10PAC_OECD
IMAGE 3.3,NAVIGATE Demand-2.0°C-tec_u,0.027075643757940655,0.053271740975635924,R10PAC_OECD
MESSAGEix-GLOBIOM 2.0-M-R12-NGFS,NGFS Phase 5-Below 2°C,0.03471550797727924,0.06250538771793251,R10PAC_OECD
MESSAGEix-GLOBIOM 2.0-M-R12-NGFS,NGFS Phase 5-Delayed Transition,0.03692313674020801,0.0670994170450521,R10PAC_OECD
MESSAGEix-GLOBIOM 2.0-M-R12-NGFS,NGFS Phase 5-Low Demand,0.00769319537227905,0.043397741843634194,R10PAC_OECD
MESSAGEix-GLOBIOM 2.0-M-R12-NGFS,NGFS Phase 5-Nationally Determined Contributions (NDCs),0.02988979864864702,0.05877952072233199,R10PAC_OECD
MESSAGEix-GLOBIOM 2.0-M-R12-NGFS,NGFS Phase 5-Net-Zero 2050,0.051095605852931866,0.07997141030799755,R10PAC_OECD
POLES-JRC ENGAGE,ENGAGE-INDCi2030-1000,0.08049552803908123,0.11932834269539311,R10PAC_OECD
POLES-JRC ENGAGE,ENGAGE-INDCi2030-1000-COV,0.06984081929616333,0.10534920011613287,R10PAC_OECD
POLES-JRC ENGAGE,ENGAGE-INDCi2030-1000-COV-NDCp,0.07413432540904324,0.1081826486831039,R10PAC_OECD
POLES-JRC ENGAGE,ENGAGE-INDCi2030-1000-NDCp,0.09183759400644127,0.1303814062080101,R10PAC_OECD
POLES-JRC ENGAGE,ENGAGE-INDCi2030-1000f,0.09237685116239916,0.09373114720711943,R10PAC_OECD
POLES-JRC ENGAGE,ENGAGE-INDCi2030-1000f-COV,0.07177321665320437,0.07487370411696459,R10PAC_OECD
POLES-JRC ENGAGE,ENGAGE-INDCi2030-1000f-COV-NDCp,0.08102683060900678,0.08972946795835678,R10PAC_OECD
POLES-JRC ENGAGE,ENGAGE-INDCi2030-1000f-NDCp,0.09777676428570227,0.10708946085807845,R10PAC_OECD
POLES-JRC ENGAGE,ENGAGE-INDCi2030-1200,0.06230865702081228,0.08667021603045612,R10PAC_OECD
POLES-JRC ENGAGE,ENGAGE-INDCi2030-1200f,0.06327629514172844,0.07645904325079195,R10PAC_OECD
POLES-JRC ENGAGE,ENGAGE-INDCi2030-300f,0.1477207779040691,0.12508183976484905,R10PAC_OECD
POLES-JRC ENGAGE,ENGAGE-INDCi2030-400f,0.16151627804851698,0.13431061162832358,R10PAC_OECD
POLES-JRC ENGAGE,ENGAGE-INDCi2030-500f,0.14130908794047803,0.1367589547841433,R10PAC_OECD
POLES-JRC ENGAGE,ENGAGE-INDCi2030-600f,0.13941494687356137,0.13311581555824664,R10PAC_OECD
POLES-JRC ENGAGE,ENGAGE-INDCi2030-600f-COV,0.1325601036750905,0.12086592129078945,R10PAC_OECD
POLES-JRC ENGAGE,ENGAGE-INDCi2030-600f-COV-NDCp,0.13154034334635412,0.12018052448599868,R10PAC_OECD
POLES-JRC ENGAGE,ENGAGE-INDCi2030-600f-NDCp,0.1390172531915643,0.1331184204336596,R10PAC_OECD
POLES-JRC ENGAGE,ENGAGE-INDCi2030-700f,0.12035418925823996,0.1199167917711229,R10PAC_OECD
POLES-JRC ENGAGE,ENGAGE-INDCi2030-800f,0.12224935730446267,0.12198660515851457,R10PAC_OECD
POLES-JRC ENGAGE,ENGAGE-INDCi2030-900,0.07762572030517918,0.12348982172267911,R10PAC_OECD
POLES-JRC ENGAGE,ENGAGE-INDCi2030-900f,0.11019730478045389,0.1151892927857574,R10PAC_OECD
POLES-JRC ENGAGE,ENGAGE-NPi2020-1000f,0.0687937448828197,0.0732229679424109,R10PAC_OECD
POLES-JRC ENGAGE,ENGAGE-NPi2020-1000f-COV,0.06308466619979891,0.06766842207513983,R10PAC_OECD
POLES-JRC ENGAGE,ENGAGE-NPi2020-1200f,0.05025314409058708,0.057438142014530826,R10PAC_OECD
POLES-JRC ENGAGE,ENGAGE-NPi2020-900f,0.08350256285025923,0.0818798762336445,R10PAC_OECD
REMIND-MAgPIE 2.1-4.2,NGFS Phase 2-Delayed Transition,0.058816379870759036,0.08102105385195538,R10PAC_OECD
REMIND-MAgPIE 3.2.0-4.8.0,RESCUE-End-of-Century-Budget-1150,0.0448969412210616,0.008575898253904935,R10PAC_OECD
REMIND-MAgPIE 3.2.0-4.8.0,RESCUE-End-of-Century-Budget-1150-with-OAE,0.043726931694927855,0.008677560449758967,R10PAC_OECD
REMIND-MAgPIE 3.2.0-4.8.0,RESCUE-End-of-Century-Budget-500,0.05917458396942157,0.02085318196649535,R10PAC_OECD
REMIND-MAgPIE 3.2.0-4.8.0,RESCUE-End-of-Century-Budget-500-with-OAE,0.05322721295104172,0.019507345075995476,R10PAC_OECD
REMIND-MAgPIE 3.2.0-4.8.0,RESCUE-Peak-Budget-1150,0.02872748601683014,0.02428176956109579,R10PAC_OECD
REMIND-MAgPIE 3.2.0-4.8.0,RESCUE-Peak-Budget-1150-with-OAE,0.028841711650960666,0.024326497446087062,R10PAC_OECD
REMIND-MAgPIE 3.3-4.8,NGFS Phase 5-Below 2°C,0.0686942391702947,0.07778770728703584,R10PAC_OECD
REMIND-MAgPIE 3.3-4.8,NGFS Phase 5-Delayed Transition,0.08980382632618995,0.1114930586679305,R10PAC_OECD
REMIND-MAgPIE 3.3-4.8,NGFS Phase 5-Low Demand,0.04027793324074899,0.05272310812185124,R10PAC_OECD
REMIND-MAgPIE 3.3-4.8,NGFS Phase 5-Net-Zero 2050,0.10281480843342947,0.13536632026149414,R10PAC_OECD
WITCH 5.0,ENGAGE-INDCi2030-1000,0.0642653285697211,0.06416657282873918,R10PAC_OECD
WITCH 5.0,ENGAGE-INDCi2030-1000-NDCp,0.0688600440057853,0.059136707631492404,R10PAC_OECD
WITCH 5.0,ENGAGE-INDCi2030-1000f,0.06698850559335619,0.06488881608131926,R10PAC_OECD
WITCH 5.0,ENGAGE-INDCi2030-1000f-NDCp,0.06561048927629379,0.06320496026087541,R10PAC_OECD
WITCH 5.0,ENGAGE-INDCi2030-1200,0.0688046212968375,0.05783335725365527,R10PAC_OECD
WITCH 5.0,ENGAGE-INDCi2030-1200-NDCp,0.06785829035559593,0.055795404857744035,R10PAC_OECD
WITCH 5.0,ENGAGE-INDCi2030-1200f,0.06363477127377917,0.06304562072072116,R10PAC_OECD
WITCH 5.0,ENGAGE-INDCi2030-1200f-NDCp,0.06410604901159116,0.06458138497582955,R10PAC_OECD
WITCH 5.0,ENGAGE-INDCi2030-1400,0.06873461955159599,0.05839944566601431,R10PAC_OECD
WITCH 5.0,ENGAGE-INDCi2030-1400-NDCp,0.06850408152125637,0.06104254614387853,R10PAC_OECD
WITCH 5.0,ENGAGE-INDCi2030-1400f,0.06366021624788733,0.06574962356606993,R10PAC_OECD
WITCH 5.0,ENGAGE-INDCi2030-1400f-NDCp,0.06512414062676238,0.06930459131956307,R10PAC_OECD
WITCH 5.0,ENGAGE-INDCi2030-1600-NDCp,0.06995821007592476,0.06674006567451995,R10PAC_OECD
WITCH 5.0,ENGAGE-INDCi2030-500f,0.07094936179006925,0.06013594969312989,R10PAC_OECD
WITCH 5.0,ENGAGE-INDCi2030-600f,0.07021328854912913,0.062375757577360046,R10PAC_OECD
WITCH 5.0,ENGAGE-INDCi2030-600f-NDCp,0.07100123448688726,0.06459725674068165,R10PAC_OECD
WITCH 5.0,ENGAGE-INDCi2030-700f,0.06980904148530305,0.0634760291816884,R10PAC_OECD
WITCH 5.0,ENGAGE-INDCi2030-700f-NDCp,0.06942683208708322,0.06325839171844336,R10PAC_OECD
WITCH 5.0,ENGAGE-INDCi2030-800,0.06922304001388567,0.06519307557700113,R10PAC_OECD
WITCH 5.0,ENGAGE-INDCi2030-800-NDCp,0.0684843193897468,0.06553053001367516,R10PAC_OECD
WITCH 5.0,ENGAGE-INDCi2030-800f,0.06840938051322377,0.06357181878758524,R10PAC_OECD
WITCH 5.0,ENGAGE-INDCi2030-800f-NDCp,0.06815107137373116,0.0648222002893818,R10PAC_OECD
WITCH 5.0,ENGAGE-INDCi2030-900,0.06817427978237098,0.060078308844976544,R10PAC_OECD
WITCH 5.0,ENGAGE-INDCi2030-900-NDCp,0.06333160427095555,0.06298429727891214,R10PAC_OECD
WITCH 5.0,ENGAGE-INDCi2030-900f,0.06832058511204299,0.06574979229646755,R10PAC_OECD
WITCH 5.0,ENGAGE-INDCi2030-900f-NDCp,0.06833514821062749,0.06677899496173759,R10PAC_OECD
IMAGE 3.0,ENGAGE-INDCi2030-1000,0.15112673014871977,0.15538050792087668,R10REF_ECON
IMAGE 3.0,ENGAGE-INDCi2030-1000f,0.17675263813691292,0.15974805916835727,R10REF_ECON
IMAGE 3.0,ENGAGE-INDCi2030-1200,0.14094684123574336,0.15485591479800004,R10REF_ECON
IMAGE 3.0,ENGAGE-INDCi2030-1200f,0.1686809107254105,0.16896859689348828,R10REF_ECON
IMAGE 3.0,ENGAGE-INDCi2030-1400f,0.1849807239545241,0.1740151278352271,R10REF_ECON
IMAGE 3.0,ENGAGE-INDCi2030-800f,0.1727192461003519,0.15999415365017772,R10REF_ECON
IMAGE 3.0,ENGAGE-NPi2020-1000,0.1353522376042578,0.14691562963017576,R10REF_ECON
IMAGE 3.0,ENGAGE-NPi2020-1200,0.1393888122119899,0.15853919345149559,R10REF_ECON
IMAGE 3.0,ENGAGE-NPi2020-1400,0.15918004834181887,0.17515116308375292,R10REF_ECON
IMAGE 3.0,ENGAGE-NPi2020-1400f,0.17711386879428392,0.18342331055833902,R10REF_ECON
IMAGE 3.2,SSP2021-SSP1-SPA1-19-Default,0.2810860722542503,0.42369685834171683,R10REF_ECON
IMAGE 3.2,SSP2021-SSP1-SPA1-19-Lifestyle-Renewables,0.4022652208326086,0.49002085434816717,R10REF_ECON
IMAGE 3.2,SSP2021-SSP1-SPA1-19-Renewables,0.33777101983807556,0.47151071545929385,R10REF_ECON
IMAGE 3.2,SSP2021-SSP1-SPA1-26-Default,0.2824290859413265,0.40313435749186755,R10REF_ECON
IMAGE 3.2,SSP2021-SSP1-SPA1-26-Lifestyle,0.2643015229938381,0.38920829367209164,R10REF_ECON
IMAGE 3.2,SSP2021-SSP1-SPA1-26-Lifestyle-Renewables,0.3687938923109944,0.4661710085690205,R10REF_ECON
IMAGE 3.2,SSP2021-SSP1-SPA1-26-Renewables,0.3250370083223616,0.42637380514203926,R10REF_ECON
IMAGE 3.2,SSP2021-SSP2-SPA0-26-Default,0.3200886418126127,0.3967017105759577,R10REF_ECON
IMAGE 3.2,SSP2021-SSP2-SPA2-19-Renewables,0.5200150726019218,0.6066073436579086,R10REF_ECON
IMAGE 3.2,SSP2021-SSP2-SPA2-26-Default,0.3381433255893205,0.43532977503360715,R10REF_ECON
IMAGE 3.2,SSP2021-SSP2-SPA2-26-Lifestyle,0.3077563322693806,0.40825963538947835,R10REF_ECON
IMAGE 3.2,SSP2021-SSP2-SPA2-26-Lifestyle-Renewables,0.39371963893000733,0.47913106671980843,R10REF_ECON
IMAGE 3.2,SSP2021-SSP2-SPA2-26-Renewables,0.4637172899429039,0.5207222043036711,R10REF_ECON
IMAGE 3.3,NAVIGATE Demand-1.5°C-ele_u,0.22660016688060555,0.37199988888798663,R10REF_ECON
IMAGE 3.3,NAVIGATE Demand-1.5°C-tec_u,0.19338130272926304,0.3371290973299371,R10REF_ECON
IMAGE 3.3,NAVIGATE Demand-2.0°C-ele_u,0.22966975492394778,0.3788326426606284,R10REF_ECON
IMAGE 3.3,NAVIGATE Demand-2.0°C-ref,0.21788977615460775,0.3540553920703538,R10REF_ECON
IMAGE 3.3,NAVIGATE Demand-2.0°C-tec_u,0.1978301614783745,0.3307348093499966,R10REF_ECON
MESSAGEix-GLOBIOM 2.0-M-R12-NGFS,NGFS Phase 5-Below 2°C,0.12542997634847874,0.24020959338112927,R10REF_ECON
MESSAGEix-GLOBIOM 2.0-M-R12-NGFS,NGFS Phase 5-Delayed Transition,0.1282135751574001,0.24779624262946462,R10REF_ECON
MESSAGEix-GLOBIOM 2.0-M-R12-NGFS,NGFS Phase 5-Low Demand,0.08369147398684512,0.2077667272813992,R10REF_ECON
MESSAGEix-GLOBIOM 2.0-M-R12-NGFS,NGFS Phase 5-Nationally Determined Contributions (NDCs),0.14338573868469698,0.24799670897630902,R10REF_ECON
MESSAGEix-GLOBIOM 2.0-M-R12-NGFS,NGFS Phase 5-Net-Zero 2050,0.15181722352362198,0.28235739991456194,R10REF_ECON
POLES-JRC ENGAGE,ENGAGE-INDCi2030-1000,0.13108981020600044,0.1538776973932073,R10REF_ECON
POLES-JRC ENGAGE,ENGAGE-INDCi2030-1000-COV,0.13275325515653222,0.15454219566845276,R10REF_ECON
POLES-JRC ENGAGE,ENGAGE-INDCi2030-1000-COV-NDCp,0.128797099906408,0.15543252168430485,R10REF_ECON
POLES-JRC ENGAGE,ENGAGE-INDCi2030-1000-NDCp,0.1388811729277198,0.17004655575090355,R10REF_ECON
POLES-JRC ENGAGE,ENGAGE-INDCi2030-1000f,0.15114153550053797,0.13883138439563372,R10REF_ECON
POLES-JRC ENGAGE,ENGAGE-INDCi2030-1000f-COV,0.13129802936725532,0.1389331559986829,R10REF_ECON
POLES-JRC ENGAGE,ENGAGE-INDCi2030-1000f-COV-NDCp,0.12756345579396206,0.13374976036625066,R10REF_ECON
POLES-JRC ENGAGE,ENGAGE-INDCi2030-1000f-NDCp,0.1487028453761499,0.14802856651411905,R10REF_ECON
POLES-JRC ENGAGE,ENGAGE-INDCi2030-1200,0.1171677237731862,0.13443146315040574,R10REF_ECON
POLES-JRC ENGAGE,ENGAGE-INDCi2030-1200f,0.11272322342205959,0.11469740842650289,R10REF_ECON
POLES-JRC ENGAGE,ENGAGE-INDCi2030-300f,0.23953276756953476,0.1838993275813778,R10REF_ECON
POLES-JRC ENGAGE,ENGAGE-INDCi2030-400f,0.23814291112427058,0.18176679472029805,R10REF_ECON
POLES-JRC ENGAGE,ENGAGE-INDCi2030-500f,0.22196552434057407,0.18305616553389414,R10REF_ECON
POLES-JRC ENGAGE,ENGAGE-INDCi2030-600f,0.2059978797630251,0.1652411117805543,R10REF_ECON
POLES-JRC ENGAGE,ENGAGE-INDCi2030-600f-COV,0.2077973427542315,0.17212219620982222,R10REF_ECON
POLES-JRC ENGAGE,ENGAGE-INDCi2030-600f-COV-NDCp,0.20708653811111505,0.16536856168932906,R10REF_ECON
POLES-JRC ENGAGE,ENGAGE-INDCi2030-600f-NDCp,0.20405693199229058,0.17602455001453685,R10REF_ECON
POLES-JRC ENGAGE,ENGAGE-INDCi2030-700f,0.1944318087712576,0.1585301652543363,R10REF_ECON
POLES-JRC ENGAGE,ENGAGE-INDCi2030-800f,0.18996361928322844,0.1602200800926718,R10REF_ECON
POLES-JRC ENGAGE,ENGAGE-INDCi2030-900,0.15879055710601334,0.18128932724107374,R10REF_ECON
POLES-JRC ENGAGE,ENGAGE-INDCi2030-900f,0.18051524396898497,0.14740485177935989,R10REF_ECON
POLES-JRC ENGAGE,ENGAGE-NPi2020-1000f,0.12689966636190536,0.12815591068548604,R10REF_ECON
POLES-JRC ENGAGE,ENGAGE-NPi2020-1000f-COV,0.13208471057200288,0.13291465776936498,R10REF_ECON
POLES-JRC ENGAGE,ENGAGE-NPi2020-1200f,0.11508321988384501,0.12240157188065427,R10REF_ECON
POLES-JRC ENGAGE,ENGAGE-NPi2020-900f,0.13946183557756614,0.13368136978453893,R10REF_ECON
REMIND-MAgPIE 2.1-4.2,NGFS Phase 2-Delayed Transition,0.1929599930794776,0.23342263954513495,R10REF_ECON
REMIND-MAgPIE 3.2.0-4.8.0,RESCUE-End-of-Century-Budget-1150,0.4972990602427992,0.20502689998889836,R10REF_ECON
REMIND-MAgPIE 3.2.0-4.8.0,RESCUE-End-of-Century-Budget-1150-with-OAE,0.4644656480675225,0.20710582326348123,R10REF_ECON
REMIND-MAgPIE 3.2.0-4.8.0,RESCUE-End-of-Century-Budget-500,0.785435654471213,0.2523961133507884,R10REF_ECON
REMIND-MAgPIE 3.2.0-4.8.0,RESCUE-End-of-Century-Budget-500-with-OAE,0.7609817393096447,0.24258559765968038,R10REF_ECON
REMIND-MAgPIE 3.2.0-4.8.0,RESCUE-Peak-Budget-1150,0.2919267629885451,0.2527524408300445,R10REF_ECON
REMIND-MAgPIE 3.2.0-4.8.0,RESCUE-Peak-Budget-1150-with-OAE,0.2923396681290884,0.2530028711917763,R10REF_ECON
REMIND-MAgPIE 3.3-4.8,NGFS Phase 5-Below 2°C,0.22180658991305968,0.23750305712116968,R10REF_ECON
REMIND-MAgPIE 3.3-4.8,NGFS Phase 5-Delayed Transition,0.23424546655693057,0.24927632195853375,R10REF_ECON
REMIND-MAgPIE 3.3-4.8,NGFS Phase 5-Low Demand,0.1148983735154797,0.14600198315993707,R10REF_ECON
REMIND-MAgPIE 3.3-4.8,NGFS Phase 5-Net-Zero 2050,0.2793977130501282,0.33952205915308653,R10REF_ECON
WITCH 5.0,ENGAGE-INDCi2030-1000,0.14926789669776414,0.14428525846773732,R10REF_ECON
WITCH 5.0,ENGAGE-INDCi2030-1000-NDCp,0.15243549008495652,0.1450193694277332,R10REF_ECON
WITCH 5.0,ENGAGE-INDCi2030-1000f,0.14751115499324374,0.14263341299540205,R10REF_ECON
WITCH 5.0,ENGAGE-INDCi2030-1000f-NDCp,0.14822939320139822,0.1410721577173087,R10REF_ECON
WITCH 5.0,ENGAGE-INDCi2030-1200,0.15986992014183896,0.14848540670929664,R10REF_ECON
WITCH 5.0,ENGAGE-INDCi2030-1200-NDCp,0.1608006821512958,0.14976487083823595,R10REF_ECON
WITCH 5.0,ENGAGE-INDCi2030-1200f,0.1531516409950612,0.1469373355314708,R10REF_ECON
WITCH 5.0,ENGAGE-INDCi2030-1200f-NDCp,0.15326510853420053,0.1475981471561153,R10REF_ECON
WITCH 5.0,ENGAGE-INDCi2030-1400,0.16138707218988135,0.15226684940795798,R10REF_ECON
WITCH 5.0,ENGAGE-INDCi2030-1400-NDCp,0.16171753652232346,0.15295227471408915,R10REF_ECON
WITCH 5.0,ENGAGE-INDCi2030-1400f,0.15711120352691693,0.15170017058359178,R10REF_ECON
WITCH 5.0,ENGAGE-INDCi2030-1400f-NDCp,0.15769014519257685,0.15240783976985717,R10REF_ECON
WITCH 5.0,ENGAGE-INDCi2030-1600-NDCp,0.1674279125997939,0.15300711450016755,R10REF_ECON
WITCH 5.0,ENGAGE-INDCi2030-500f,0.14233045068861536,0.13580771028355562,R10REF_ECON
WITCH 5.0,ENGAGE-INDCi2030-600f,0.13941769823592748,0.13458487945094708,R10REF_ECON
WITCH 5.0,ENGAGE-INDCi2030-600f-NDCp,0.14145271144684995,0.1407692237641392,R10REF_ECON
WITCH 5.0,ENGAGE-INDCi2030-700f,0.1433107610708869,0.1421559547088531,R10REF_ECON
WITCH 5.0,ENGAGE-INDCi2030-700f-NDCp,0.14414777684595997,0.14288290162310383,R10REF_ECON
WITCH 5.0,ENGAGE-INDCi2030-800,0.14667550891354414,0.1354586322591288,R10REF_ECON
WITCH 5.0,ENGAGE-INDCi2030-800-NDCp,0.1471951332920274,0.1358590200432925,R10REF_ECON
WITCH 5.0,ENGAGE-INDCi2030-800f,0.14466437230365783,0.1426557208772075,R10REF_ECON
WITCH 5.0,ENGAGE-INDCi2030-800f-NDCp,0.1446909432607395,0.1430411422766977,R10REF_ECON
WITCH 5.0,ENGAGE-INDCi2030-900,0.15194610509969037,0.1473071289645206,R10REF_ECON
WITCH 5.0,ENGAGE-INDCi2030-900-NDCp,0.14719047418420422,0.14328854192744347,R10REF_ECON
WITCH 5.0,ENGAGE-INDCi2030-900f,0.14548247531812128,0.1413954920594696,R10REF_ECON
WITCH 5.0,ENGAGE-INDCi2030-900f-NDCp,0.14566655458388073,0.14249703292090737,R10REF_ECON
IMAGE 3.0,ENGAGE-INDCi2030-1000,0.14143873892896155,0.12228137327960081,R10NORTH_AM
IMAGE 3.0,ENGAGE-INDCi2030-1000f,0.17906907374019104,0.12305859525251435,R10NORTH_AM
IMAGE 3.0,ENGAGE-INDCi2030-1200,0.14034357295659505,0.11121030521964168,R10NORTH_AM
IMAGE 3.0,ENGAGE-INDCi2030-1200f,0.1644116537569615,0.12183015508185573,R10NORTH_AM
IMAGE 3.0,ENGAGE-INDCi2030-1400f,0.16790651522306502,0.1222681987432664,R10NORTH_AM
IMAGE 3.0,ENGAGE-INDCi2030-800f,0.1812113855616141,0.13603136871184152,R10NORTH_AM
IMAGE 3.0,ENGAGE-NPi2020-1000,0.13068412894281223,0.09917365640144606,R10NORTH_AM
IMAGE 3.0,ENGAGE-NPi2020-1200,0.13220470966367912,0.08852865052924043,R10NORTH_AM
IMAGE 3.0,ENGAGE-NPi2020-1400,0.14198999636082776,0.09782844888621112,R10NORTH_AM
IMAGE 3.0,ENGAGE-NPi2020-1400f,0.15300006787298487,0.09975164622815338,R10NORTH_AM
IMAGE 3.2,SSP2021-SSP1-SPA1-19-Default,0.19245941421398252,0.24686364700239863,R10NORTH_AM
IMAGE 3.2,SSP2021-SSP1-SPA1-19-Lifestyle-Renewables,0.2486636434151801,0.28185935125660566,R10NORTH_AM
IMAGE 3.2,SSP2021-SSP1-SPA1-19-Renewables,0.2353670103246477,0.301642648536071,R10NORTH_AM
IMAGE 3.2,SSP2021-SSP1-SPA1-26-Default,0.16351777337890758,0.2263014609661866,R10NORTH_AM
IMAGE 3.2,SSP2021-SSP1-SPA1-26-Lifestyle,0.13805389486032926,0.2039377997258281,R10NORTH_AM
IMAGE 3.2,SSP2021-SSP1-SPA1-26-Lifestyle-Renewables,0.2073717044179218,0.230025237056683,R10NORTH_AM
IMAGE 3.2,SSP2021-SSP1-SPA1-26-Renewables,0.20693058105596168,0.2633353183930192,R10NORTH_AM
IMAGE 3.2,SSP2021-SSP2-SPA0-26-Default,0.20413037299556952,0.20104904315594266,R10NORTH_AM
IMAGE 3.2,SSP2021-SSP2-SPA2-19-Renewables,0.32707814099101595,0.38865766249169775,R10NORTH_AM
IMAGE 3.2,SSP2021-SSP2-SPA2-26-Default,0.19174901759062854,0.2026381816904323,R10NORTH_AM
IMAGE 3.2,SSP2021-SSP2-SPA2-26-Lifestyle,0.14871916457903864,0.16961356449625686,R10NORTH_AM
IMAGE 3.2,SSP2021-SSP2-SPA2-26-Lifestyle-Renewables,0.20968583711406114,0.24694473869949088,R10NORTH_AM
IMAGE 3.2,SSP2021-SSP2-SPA2-26-Renewables,0.2704209558699779,0.29170457562587787,R10NORTH_AM
IMAGE 3.3,NAVIGATE Demand-1.5°C-ele_u,0.1631273864171402,0.21779645645438483,R10NORTH_AM
IMAGE 3.3,NAVIGATE Demand-1.5°C-tec_u,0.14479462712237193,0.20194670832374964,R10NORTH_AM
IMAGE 3.3,NAVIGATE Demand-2.0°C-ele_u,0.14734874286660224,0.20301886712053357,R10NORTH_AM
IMAGE 3.3,NAVIGATE Demand-2.0°C-ref,0.1440995905654457,0.19438674363341707,R10NORTH_AM
IMAGE 3.3,NAVIGATE Demand-2.0°C-tec_u,0.12704334015644841,0.17782491132840347,R10NORTH_AM
MESSAGEix-GLOBIOM 2.0-M-R12-NGFS,NGFS Phase 5-Below 2°C,0.15620182104252656,0.23863288286598566,R10NORTH_AM
MESSAGEix-GLOBIOM 2.0-M-R12-NGFS,NGFS Phase 5-Delayed Transition,0.14925833788463747,0.22698051563700788,R10NORTH_AM
MESSAGEix-GLOBIOM 2.0-M-R12-NGFS,NGFS Phase 5-Low Demand,0.11195355463867078,0.20049005886168839,R10NORTH_AM
MESSAGEix-GLOBIOM 2.0-M-R12-NGFS,NGFS Phase 5-Nationally Determined Contributions (NDCs),0.1465757327297194,0.2262001464590943,R10NORTH_AM
MESSAGEix-GLOBIOM 2.0-M-R12-NGFS,NGFS Phase 5-Net-Zero 2050,0.18078518985139316,0.2632715226614886,R10NORTH_AM
POLES-JRC ENGAGE,ENGAGE-INDCi2030-1000,0.0829176532857166,0.1386810839292969,R10NORTH_AM
POLES-JRC ENGAGE,ENGAGE-INDCi2030-1000-COV,0.08095160323022182,0.12961971105538744,R10NORTH_AM
POLES-JRC ENGAGE,ENGAGE-INDCi2030-1000-COV-NDCp,0.07902208372541442,0.12880603151833436,R10NORTH_AM
POLES-JRC ENGAGE,ENGAGE-INDCi2030-1000-NDCp,0.0855635344434416,0.1408704908108869,R10NORTH_AM
POLES-JRC ENGAGE,ENGAGE-INDCi2030-1000f,0.11043962338324781,0.11647976878984022,R10NORTH_AM
POLES-JRC ENGAGE,ENGAGE-INDCi2030-1000f-COV,0.08468295151255589,0.10333871579868907,R10NORTH_AM
POLES-JRC ENGAGE,ENGAGE-INDCi2030-1000f-COV-NDCp,0.06591310705291624,0.07994217341253881,R10NORTH_AM
POLES-JRC ENGAGE,ENGAGE-INDCi2030-1000f-NDCp,0.09275748855831618,0.11158834537578764,R10NORTH_AM
POLES-JRC ENGAGE,ENGAGE-INDCi2030-1200,0.06657300554567241,0.10483231568017955,R10NORTH_AM
POLES-JRC ENGAGE,ENGAGE-INDCi2030-1200f,0.0596343304889849,0.07442553824267083,R10NORTH_AM
POLES-JRC ENGAGE,ENGAGE-INDCi2030-300f,0.1573333523689945,0.12083293711130351,R10NORTH_AM
POLES-JRC ENGAGE,ENGAGE-INDCi2030-400f,0.13974945118597906,0.12135243870801354,R10NORTH_AM
POLES-JRC ENGAGE,ENGAGE-INDCi2030-500f,0.14339500829875293,0.1333902780834552,R10NORTH_AM
POLES-JRC ENGAGE,ENGAGE-INDCi2030-600f,0.13161367102039206,0.13848694276209464,R10NORTH_AM
POLES-JRC ENGAGE,ENGAGE-INDCi2030-600f-COV,0.13711038618805196,0.14443846520496975,R10NORTH_AM
POLES-JRC ENGAGE,ENGAGE-INDCi2030-600f-COV-NDCp,0.13278831316560685,0.14630186673456708,R10NORTH_AM
POLES-JRC ENGAGE,ENGAGE-INDCi2030-600f-NDCp,0.14654192459307477,0.15084352386784683,R10NORTH_AM
POLES-JRC ENGAGE,ENGAGE-INDCi2030-700f,0.13056631115707365,0.14343569407750117,R10NORTH_AM
POLES-JRC ENGAGE,ENGAGE-INDCi2030-800f,0.12640002243535078,0.14250084501467322,R10NORTH_AM
POLES-JRC ENGAGE,ENGAGE-INDCi2030-900,0.07023245741396254,0.1215769749316489,R10NORTH_AM
POLES-JRC ENGAGE,ENGAGE-INDCi2030-900f,0.11313251117861803,0.12760070584066288,R10NORTH_AM
POLES-JRC ENGAGE,ENGAGE-NPi2020-1000f,0.062219424501729174,0.07023563008986115,R10NORTH_AM
POLES-JRC ENGAGE,ENGAGE-NPi2020-1000f-COV,0.05878154375919943,0.069996352722906,R10NORTH_AM
POLES-JRC ENGAGE,ENGAGE-NPi2020-1200f,0.04809544412215183,0.06114801313244561,R10NORTH_AM
POLES-JRC ENGAGE,ENGAGE-NPi2020-900f,0.0773577190248074,0.08017001544628091,R10NORTH_AM
REMIND-MAgPIE 2.1-4.2,NGFS Phase 2-Delayed Transition,0.22321460778407748,0.2769142130157954,R10NORTH_AM
REMIND-MAgPIE 3.2.0-4.8.0,RESCUE-End-of-Century-Budget-1150,0.1899722716021679,0.14014723316706948,R10NORTH_AM
REMIND-MAgPIE 3.2.0-4.8.0,RESCUE-End-of-Century-Budget-1150-with-OAE,0.1822779397444063,0.14179922572698264,R10NORTH_AM
REMIND-MAgPIE 3.2.0-4.8.0,RESCUE-End-of-Century-Budget-500,0.19397913827690072,0.150531457899357,R10NORTH_AM
REMIND-MAgPIE 3.2.0-4.8.0,RESCUE-End-of-Century-Budget-500-with-OAE,0.1826782185648247,0.1519898785446343,R10NORTH_AM
REMIND-MAgPIE 3.2.0-4.8.0,RESCUE-Peak-Budget-1150,0.18961254236323502,0.17272736612045161,R10NORTH_AM
REMIND-MAgPIE 3.2.0-4.8.0,RESCUE-Peak-Budget-1150-with-OAE,0.189491850018643,0.1723959197184084,R10NORTH_AM
REMIND-MAgPIE 3.3-4.8,NGFS Phase 5-Below 2°C,0.14227735810753517,0.1506424543359571,R10NORTH_AM
REMIND-MAgPIE 3.3-4.8,NGFS Phase 5-Delayed Transition,0.16472731061723137,0.18515423484826862,R10NORTH_AM
REMIND-MAgPIE 3.3-4.8,NGFS Phase 5-Low Demand,0.09896299151006187,0.11685318995725305,R10NORTH_AM
REMIND-MAgPIE 3.3-4.8,NGFS Phase 5-Net-Zero 2050,0.1766778549746664,0.21224063033266288,R10NORTH_AM
WITCH 5.0,ENGAGE-INDCi2030-1000,0.1954869861846042,0.1985196041498259,R10NORTH_AM
WITCH 5.0,ENGAGE-INDCi2030-1000-NDCp,0.207377477343007,0.21049822246813618,R10NORTH_AM
WITCH 5.0,ENGAGE-INDCi2030-1000f,0.20623765908411107,0.20271471612697148,R10NORTH_AM
WITCH 5.0,ENGAGE-INDCi2030-1000f-NDCp,0.21327644941969015,0.21476958212277375,R10NORTH_AM
WITCH 5.0,ENGAGE-INDCi2030-1200,0.2116726132785342,0.20526809886388045,R10NORTH_AM
WITCH 5.0,ENGAGE-INDCi2030-1200-NDCp,0.21338670289418912,0.21476238914728332,R10NORTH_AM
WITCH 5.0,ENGAGE-INDCi2030-1200f,0.20986088593643537,0.20733580547175415,R10NORTH_AM
WITCH 5.0,ENGAGE-INDCi2030-1200f-NDCp,0.21086952073558698,0.21124092958535948,R10NORTH_AM
WITCH 5.0,ENGAGE-INDCi2030-1400,0.2079143990826879,0.21050905401493855,R10NORTH_AM
WITCH 5.0,ENGAGE-INDCi2030-1400-NDCp,0.20668216412613657,0.21117532523286217,R10NORTH_AM
WITCH 5.0,ENGAGE-INDCi2030-1400f,0.20722677821184668,0.21061386446411004,R10NORTH_AM
WITCH 5.0,ENGAGE-INDCi2030-1400f-NDCp,0.20658775108650732,0.21218712898062939,R10NORTH_AM
WITCH 5.0,ENGAGE-INDCi2030-1600-NDCp,0.213787518812778,0.22001846882959145,R10NORTH_AM
WITCH 5.0,ENGAGE-INDCi2030-500f,0.19805677972357036,0.1902396286658977,R10NORTH_AM
WITCH 5.0,ENGAGE-INDCi2030-600f,0.195978548070375,0.18876920974082648,R10NORTH_AM
WITCH 5.0,ENGAGE-INDCi2030-600f-NDCp,0.20249107904214306,0.1989050750335127,R10NORTH_AM
WITCH 5.0,ENGAGE-INDCi2030-700f,0.19941915685483472,0.19211935236288702,R10NORTH_AM
WITCH 5.0,ENGAGE-INDCi2030-700f-NDCp,0.20473947657617556,0.20289929148013597,R10NORTH_AM
WITCH 5.0,ENGAGE-INDCi2030-800,0.19664274186901257,0.189787339147316,R10NORTH_AM
WITCH 5.0,ENGAGE-INDCi2030-800-NDCp,0.2038250831464319,0.19743491764699572,R10NORTH_AM
WITCH 5.0,ENGAGE-INDCi2030-800f,0.20360546775528712,0.19804120607839137,R10NORTH_AM
WITCH 5.0,ENGAGE-INDCi2030-800f-NDCp,0.20526952156229428,0.20596487848959724,R10NORTH_AM
WITCH 5.0,ENGAGE-INDCi2030-900,0.20324682146468695,0.19584750524306488,R10NORTH_AM
WITCH 5.0,ENGAGE-INDCi2030-900-NDCp,0.1990913261741095,0.2032555397040149,R10NORTH_AM
WITCH 5.0,ENGAGE-INDCi2030-900f,0.2045659979288704,0.20028925997916858,R10NORTH_AM
WITCH 5.0,ENGAGE-INDCi2030-900f-NDCp,0.21028846852360134,0.21209693220685313,R10NORTH_AM
