model,scenario,investment_score,investment_score_2050
IMAGE 3.0,ENGAGE-INDCi2030-1000,0.19017101357293864,0.07868153253902371
IMAGE 3.0,ENGAGE-INDCi2030-1000f,0.27140081287040396,0.026100890366486926
IMAGE 3.0,ENGAGE-INDCi2030-1200,0.16277631601945006,0.02254434062936692
IMAGE 3.0,ENGAGE-INDCi2030-1200f,0.19391753019327512,0.0236757681208646
IMAGE 3.0,ENGAGE-INDCi2030-1400f,0.20735876670918407,0.026556383693832987
IMAGE 3.0,ENGAGE-INDCi2030-800f,0.27488192331433403,0.09923486390686792
IMAGE 3.0,ENGAGE-NPi2020-1000,0.16558401177943777,0.03038397411574783
IMAGE 3.0,ENGAGE-NPi2020-1200,0.15573590054174435,0.0
IMAGE 3.0,ENGAGE-NPi2020-1400,0.16700486517921043,0.025299596308147307
IMAGE 3.0,ENGAGE-NPi2020-1400f,0.18360131661888948,0.021894707479916942
IMAGE 3.2,SSP2021-SSP1-SPA1-19-Default,0.3207147621789531,0.5311559044512663
IMAGE 3.2,SSP2021-SSP1-SPA1-19-Lifestyle-Renewables,0.5384589693485269,0.6168304431038804
IMAGE 3.2,SSP2021-SSP1-SPA1-19-Renewables,0.4662845992966006,0.7158507897932441
IMAGE 3.2,SSP2021-SSP1-SPA1-26-Default,0.2824240792090879,0.4404214997132525
IMAGE 3.2,SSP2021-SSP1-SPA1-26-Lifestyle,0.22662283750726767,0.3718240574335134
IMAGE 3.2,SSP2021-SSP1-SPA1-26-Lifestyle-Renewables,0.462356895273552,0.47985121539565173
IMAGE 3.2,SSP2021-SSP1-SPA1-26-Renewables,0.420927060579196,0.6431843975938191
IMAGE 3.2,SSP2021-SSP2-SPA0-26-Default,0.3867539871431733,0.3733495313677386
IMAGE 3.2,SSP2021-SSP2-SPA2-19-Renewables,0.7309698964213439,0.9320838563663053
IMAGE 3.2,SSP2021-SSP2-SPA2-26-Default,0.3661526442374901,0.41848966388031744
IMAGE 3.2,SSP2021-SSP2-SPA2-26-Lifestyle,0.28228188852675956,0.3271518843883155
IMAGE 3.2,SSP2021-SSP2-SPA2-26-Lifestyle-Renewables,0.48377670226518094,0.5190306771343051
IMAGE 3.2,SSP2021-SSP2-SPA2-26-Renewables,0.607406624115426,0.6585787500231002
IMAGE 3.3,NAVIGATE Demand-1.5°C-ele_u,0.42787137220464294,0.6366515213495683
IMAGE 3.3,NAVIGATE Demand-1.5°C-tec_u,0.3495715382317655,0.5520979659355915
IMAGE 3.3,NAVIGATE Demand-2.0°C-ele_u,0.333970489846761,0.43517241129886974
IMAGE 3.3,NAVIGATE Demand-2.0°C-ref,0.3036521286337694,0.40632811480115105
IMAGE 3.3,NAVIGATE Demand-2.0°C-tec_u,0.26162732737697897,0.34657518447674684
MESSAGEix-GLOBIOM 2.0-M-R12-NGFS,NGFS Phase 5-Below 2°C,0.15157847447437536,0.236402492844284
MESSAGEix-GLOBIOM 2.0-M-R12-NGFS,NGFS Phase 5-Delayed Transition,0.14697634327138265,0.22230467951243474
MESSAGEix-GLOBIOM 2.0-M-R12-NGFS,NGFS Phase 5-Low Demand,0.0,0.069053224353529
MESSAGEix-GLOBIOM 2.0-M-R12-NGFS,NGFS Phase 5-Nationally Determined Contributions (NDCs),0.13763204816449473,0.2017851539071355
MESSAGEix-GLOBIOM 2.0-M-R12-NGFS,NGFS Phase 5-Net-Zero 2050,0.20758660284141833,0.3506157599791208
POLES-JRC ENGAGE,ENGAGE-INDCi2030-1000,0.38494517411536044,0.45216479364159945
POLES-JRC ENGAGE,ENGAGE-INDCi2030-1000-COV,0.3285801457661972,0.34416071692231004
POLES-JRC ENGAGE,ENGAGE-INDCi2030-1000-COV-NDCp,0.3359439307890872,0.34350018878310895
POLES-JRC ENGAGE,ENGAGE-INDCi2030-1000-NDCp,0.36799001667759995,0.4368177130396298
POLES-JRC ENGAGE,ENGAGE-INDCi2030-1000f,0.44600540034558245,0.3120621371522096
POLES-JRC ENGAGE,ENGAGE-INDCi2030-1000f-COV,0.31341889394883127,0.19680256235025645
POLES-JRC ENGAGE,ENGAGE-INDCi2030-1000f-COV-NDCp,0.29714080005422433,0.1750187610308155
POLES-JRC ENGAGE,ENGAGE-INDCi2030-1000f-NDCp,0.3922758765905801,0.27251883563411133
POLES-JRC ENGAGE,ENGAGE-INDCi2030-1200,0.27354983575160374,0.24033305668853677
POLES-JRC ENGAGE,ENGAGE-INDCi2030-1200f,0.26549677860028054,0.1608038949378698
POLES-JRC ENGAGE,ENGAGE-INDCi2030-300f,0.6957500712741228,0.5039297480505591
POLES-JRC ENGAGE,ENGAGE-INDCi2030-400f,0.679678470206331,0.508055357565519
POLES-JRC ENGAGE,ENGAGE-INDCi2030-500f,0.6022975625056214,0.493654139320293
POLES-JRC ENGAGE,ENGAGE-INDCi2030-600f,0.6049540525984913,0.4830188375937231
POLES-JRC ENGAGE,ENGAGE-INDCi2030-600f-COV,0.5731385758928793,0.45778598337476595
POLES-JRC ENGAGE,ENGAGE-INDCi2030-600f-COV-NDCp,0.5754328963042726,0.4620618047706436
POLES-JRC ENGAGE,ENGAGE-INDCi2030-600f-NDCp,0.5843649260009759,0.5027036183141275
POLES-JRC ENGAGE,ENGAGE-INDCi2030-700f,0.5613088544182174,0.4652662226640848
POLES-JRC ENGAGE,ENGAGE-INDCi2030-800f,0.5419362614187461,0.4456177476368041
POLES-JRC ENGAGE,ENGAGE-INDCi2030-900,0.4131347353180792,0.49996426723551113
POLES-JRC ENGAGE,ENGAGE-INDCi2030-900f,0.5144647140819965,0.3644208197527387
POLES-JRC ENGAGE,ENGAGE-NPi2020-1000f,0.29676539669523966,0.1776861330391007
POLES-JRC ENGAGE,ENGAGE-NPi2020-1000f-COV,0.2724313058331475,0.14758985823847764
POLES-JRC ENGAGE,ENGAGE-NPi2020-1200f,0.24215923029246533,0.12109748595889133
POLES-JRC ENGAGE,ENGAGE-NPi2020-900f,0.34842143664706937,0.21006148051262408
REMIND-MAgPIE 2.1-4.2,NGFS Phase 2-Delayed Transition,0.6105590711370271,0.6273253295512621
REMIND-MAgPIE 3.2.0-4.8.0,RESCUE-End-of-Century-Budget-1150,0.883204511100858,0.5927410075488992
REMIND-MAgPIE 3.2.0-4.8.0,RESCUE-End-of-Century-Budget-1150-with-OAE,0.8961081462608074,0.5985078744496576
REMIND-MAgPIE 3.2.0-4.8.0,RESCUE-End-of-Century-Budget-500,0.9696915187304207,0.6747917084444924
REMIND-MAgPIE 3.2.0-4.8.0,RESCUE-End-of-Century-Budget-500-with-OAE,1.0,0.6783029240823912
REMIND-MAgPIE 3.2.0-4.8.0,RESCUE-Peak-Budget-1150,0.8484909923243058,0.7649813070625069
REMIND-MAgPIE 3.2.0-4.8.0,RESCUE-Peak-Budget-1150-with-OAE,0.8481542428331081,0.7629992894616048
REMIND-MAgPIE 3.3-4.8,NGFS Phase 5-Below 2°C,0.6619664643576032,0.6953326354933189
REMIND-MAgPIE 3.3-4.8,NGFS Phase 5-Delayed Transition,0.6999081401771586,0.723846586182269
REMIND-MAgPIE 3.3-4.8,NGFS Phase 5-Low Demand,0.4083355538048424,0.38843474571011805
REMIND-MAgPIE 3.3-4.8,NGFS Phase 5-Net-Zero 2050,0.7998657317462717,1.0
WITCH 5.0,ENGAGE-INDCi2030-1000,0.2648228378243151,0.19550177600106272
WITCH 5.0,ENGAGE-INDCi2030-1000-NDCp,0.27680000154435386,0.20309640605555998
WITCH 5.0,ENGAGE-INDCi2030-1000f,0.27235246191990375,0.2097609419296483
WITCH 5.0,ENGAGE-INDCi2030-1000f-NDCp,0.2772709943056825,0.2091203775012071
WITCH 5.0,ENGAGE-INDCi2030-1200,0.2879935554004077,0.21713633648049258
WITCH 5.0,ENGAGE-INDCi2030-1200-NDCp,0.2911303415283545,0.2216453152030449
WITCH 5.0,ENGAGE-INDCi2030-1200f,0.277971156938112,0.22623356445254225
WITCH 5.0,ENGAGE-INDCi2030-1200f-NDCp,0.28175762264078885,0.2280472760057011
WITCH 5.0,ENGAGE-INDCi2030-1400,0.2941811874607151,0.24660160238897524
WITCH 5.0,ENGAGE-INDCi2030-1400-NDCp,0.295490480912775,0.24312176934473492
WITCH 5.0,ENGAGE-INDCi2030-1400f,0.2864022078040351,0.2492159118006711
WITCH 5.0,ENGAGE-INDCi2030-1400f-NDCp,0.2914723942987886,0.25034659059539943
WITCH 5.0,ENGAGE-INDCi2030-1600-NDCp,0.3108723377105896,0.2680130496267787
WITCH 5.0,ENGAGE-INDCi2030-500f,0.2681623624444699,0.17584244942179117
WITCH 5.0,ENGAGE-INDCi2030-600f,0.26272424087783275,0.17496497391432247
WITCH 5.0,ENGAGE-INDCi2030-600f-NDCp,0.2698570734640782,0.1869446846984795
WITCH 5.0,ENGAGE-INDCi2030-700f,0.2634776833346444,0.18042214098052725
WITCH 5.0,ENGAGE-INDCi2030-700f-NDCp,0.27094017923789393,0.19146501473099578
WITCH 5.0,ENGAGE-INDCi2030-800,0.2627551706744852,0.180922513580167
WITCH 5.0,ENGAGE-INDCi2030-800-NDCp,0.265154642132638,0.18049820128606275
WITCH 5.0,ENGAGE-INDCi2030-800f,0.26612480468963334,0.19112741498308686
WITCH 5.0,ENGAGE-INDCi2030-800f-NDCp,0.270776400593987,0.19716781400111427
WITCH 5.0,ENGAGE-INDCi2030-900,0.27156368724147023,0.19458681016704238
WITCH 5.0,ENGAGE-INDCi2030-900-NDCp,0.25570961576473594,0.18747541888553404
WITCH 5.0,ENGAGE-INDCi2030-900f,0.2677413432532211,0.199330339464996
WITCH 5.0,ENGAGE-INDCi2030-900f-NDCp,0.2744284727359664,0.20923825340031807
