model,scenario,investment_score,investment_score_2050,Region
IMAGE 3.2,SSP1_SPA1_19I_D,0.20705815029321933,0.24959907387818808,R10LATIN_AM
IMAGE 3.2,SSP1_SPA1_19I_D_LB,0.2151987857862556,0.2822572923863589,R10LATIN_AM
IMAGE 3.2,SSP1_SPA1_19I_LI,0.18043128006180817,0.2287400307543318,R10LATIN_AM
IMAGE 3.2,SSP1_SPA1_19I_LIRE,0.274379772745161,0.2736205158242986,R10LATIN_AM
IMAGE 3.2,SSP1_SPA1_19I_LIRE_LB,0.2874584681743951,0.30102371411005335,R10LATIN_AM
IMAGE 3.2,SSP1_SPA1_19I_RE,0.25752792276397507,0.2894976518413141,R10LATIN_AM
IMAGE 3.2,SSP1_SPA1_19I_RE_LB,0.2761835068730407,0.3453095695595364,R10LATIN_AM
IMAGE 3.2,SSP2_SPA1_19I_D_LB,0.22518195295104781,0.257047205735422,R10LATIN_AM
IMAGE 3.2,SSP2_SPA1_19I_LIRE_LB,0.2901213753541336,0.30076766812891387,R10LATIN_AM
IMAGE 3.2,SSP2_SPA1_19I_RE_LB,0.3273433066375637,0.33195635237225685,R10LATIN_AM
IMAGE 3.2,SSP2_SPA2_19I_D,0.25287593284428905,0.2734684279452097,R10LATIN_AM
IMAGE 3.2,SSP2_SPA2_19I_LI,0.23749634507631948,0.2608491740572734,R10LATIN_AM
IMAGE 3.2,SSP2_SPA2_19I_LIRE,0.359883183449376,0.3417062376481305,R10LATIN_AM
IMAGE 3.2,SSP2_SPA2_19I_RE,0.3410378577204522,0.33822536786971263,R10LATIN_AM
MESSAGEix-GLOBIOM_1.1,EN_INDCi2030_600f_COV,0.17881815031068135,0.1461341293012993,R10LATIN_AM
MESSAGEix-GLOBIOM_1.1,EN_INDCi2030_600f_COV_NDCp,0.17520565649955033,0.13406812312269864,R10LATIN_AM
MESSAGEix-GLOBIOM_1.1,EN_INDCi2030_700f,0.15984832960524498,0.1366857760691408,R10LATIN_AM
MESSAGEix-GLOBIOM_1.1,EN_INDCi2030_700f_COV,0.1728547852800501,0.13627988668654525,R10LATIN_AM
MESSAGEix-GLOBIOM_1.1,EN_INDCi2030_700f_COV_NDCp,0.16743221777371298,0.12713816351568238,R10LATIN_AM
MESSAGEix-GLOBIOM_1.1,EN_INDCi2030_700f_NDCp,0.15880999663971487,0.13483138109836568,R10LATIN_AM
MESSAGEix-GLOBIOM_1.1,EN_NPi2020_200f,0.15952561969214712,0.1334199308922344,R10LATIN_AM
MESSAGEix-GLOBIOM_1.1,EN_NPi2020_300f,0.1573887565343991,0.1292035166389233,R10LATIN_AM
MESSAGEix-GLOBIOM_1.1,EN_NPi2020_400f,0.157621189469707,0.13054010599877192,R10LATIN_AM
MESSAGEix-GLOBIOM_1.1,EN_NPi2020_450,0.1869091438474316,0.192649451244784,R10LATIN_AM
MESSAGEix-GLOBIOM_1.1,EN_NPi2020_450f,0.1568939650526753,0.12841038572647936,R10LATIN_AM
MESSAGEix-GLOBIOM_1.1,EN_NPi2020_500,0.16753209452634385,0.16078864682913058,R10LATIN_AM
MESSAGEix-GLOBIOM_1.1,EN_NPi2020_500f,0.1553488793578513,0.12585713862955672,R10LATIN_AM
MESSAGEix-GLOBIOM_1.1,EN_NPi2020_600,0.1502997137771903,0.1347179921978591,R10LATIN_AM
MESSAGEix-GLOBIOM_1.1,EN_NPi2020_600_COV,0.16202047929483743,0.13272910918102454,R10LATIN_AM
MESSAGEix-GLOBIOM_1.1,EN_NPi2020_600_DR10p,0.16287663907330271,0.15657231625781518,R10LATIN_AM
MESSAGEix-GLOBIOM_1.1,EN_NPi2020_600_DR1p,0.1580695411101726,0.1374401492515168,R10LATIN_AM
MESSAGEix-GLOBIOM_1.1,EN_NPi2020_600_DR2p,0.15853623331236605,0.1441969271105221,R10LATIN_AM
MESSAGEix-GLOBIOM_1.1,EN_NPi2020_600_DR3p,0.15381090767192446,0.13343028211759916,R10LATIN_AM
MESSAGEix-GLOBIOM_1.1,EN_NPi2020_600_DR4p,0.1539062192105111,0.13911679303789914,R10LATIN_AM
MESSAGEix-GLOBIOM_1.1,EN_NPi2020_600f,0.15346827726394544,0.11912806396876532,R10LATIN_AM
MESSAGEix-GLOBIOM_1.1,EN_NPi2020_600f_COV,0.1692026148881742,0.11572634632546398,R10LATIN_AM
MESSAGEix-GLOBIOM_1.1,EN_NPi2020_600f_DR10p,0.16499599840289558,0.1320381034964954,R10LATIN_AM
MESSAGEix-GLOBIOM_1.1,EN_NPi2020_600f_DR1p,0.15429231523126227,0.12179128264587875,R10LATIN_AM
MESSAGEix-GLOBIOM_1.1,EN_NPi2020_600f_DR2p,0.1618208894640049,0.12468378126428942,R10LATIN_AM
MESSAGEix-GLOBIOM_1.1,EN_NPi2020_600f_DR3p,0.16152228968759738,0.12177632197400562,R10LATIN_AM
MESSAGEix-GLOBIOM_1.1,EN_NPi2020_600f_DR4p,0.15970788549469725,0.1266717162465334,R10LATIN_AM
MESSAGEix-GLOBIOM_1.1,EN_NPi2020_700,0.1424254215368573,0.12125911898625476,R10LATIN_AM
MESSAGEix-GLOBIOM_1.1,EN_NPi2020_700_COV,0.15998986735637746,0.1286786335436904,R10LATIN_AM
MESSAGEix-GLOBIOM_1.1,EN_NPi2020_700f,0.149703535574741,0.1153511117096324,R10LATIN_AM
MESSAGEix-GLOBIOM_1.1,EN_NPi2020_700f_COV,0.1650009216600865,0.1089343906665908,R10LATIN_AM
MESSAGEix-GLOBIOM_1.1,NGFS2_Divergent Net Zero Policies,0.17066106979332415,0.15909773891432463,R10LATIN_AM
MESSAGEix-GLOBIOM_1.1,NGFS2_Net-Zero 2050,0.1516355131931244,0.12609171137855857,R10LATIN_AM
REMIND-MAgPIE 1.7-3.0,CD-LINKS_INDC2030i_1000,0.37905546376222243,0.29357197341577795,R10LATIN_AM
REMIND-MAgPIE 1.7-3.0,CD-LINKS_INDC2030i_400,0.4139160794396591,0.3194140723215035,R10LATIN_AM
REMIND-MAgPIE 1.7-3.0,CD-LINKS_NPi2020_1000,0.386062771668943,0.30828182625423933,R10LATIN_AM
REMIND-MAgPIE 1.7-3.0,CD-LINKS_NPi2020_400,0.4177415225392678,0.3412694449335917,R10LATIN_AM
REMIND-MAgPIE 1.7-3.0,CO_2Deg2020,0.3546634050756828,0.27044712955202577,R10LATIN_AM
REMIND-MAgPIE 1.7-3.0,CO_2Deg2030,0.36585167749991726,0.2842806743300068,R10LATIN_AM
REMIND-MAgPIE 1.7-3.0,CO_Bridge,0.3419006044752504,0.25784523728729997,R10LATIN_AM
REMIND-MAgPIE 1.7-3.0,PEP_1p5C_full_NDC,0.40718327574973345,0.31862421081599224,R10LATIN_AM
REMIND-MAgPIE 1.7-3.0,PEP_1p5C_full_eff,0.39967699272256935,0.3181340949708392,R10LATIN_AM
REMIND-MAgPIE 1.7-3.0,PEP_1p5C_full_goodpractice,0.3827141916650383,0.3125947126111446,R10LATIN_AM
REMIND-MAgPIE 1.7-3.0,PEP_1p5C_full_netzero,0.37669390149190074,0.3098981791786696,R10LATIN_AM
REMIND-MAgPIE 1.7-3.0,PEP_1p5C_red_eff,0.4972026009317605,0.3774785630539169,R10LATIN_AM
REMIND-MAgPIE 1.7-3.0,PEP_2C_full_NDC,0.36585167749991726,0.2842806743300068,R10LATIN_AM
REMIND-MAgPIE 1.7-3.0,PEP_2C_full_eff,0.3546634050756828,0.27044712955202577,R10LATIN_AM
REMIND-MAgPIE 1.7-3.0,PEP_2C_full_goodpractice,0.3426637712330676,0.270498039516578,R10LATIN_AM
REMIND-MAgPIE 1.7-3.0,PEP_2C_full_netzero,0.3387370553220968,0.2691065139831981,R10LATIN_AM
REMIND-MAgPIE 1.7-3.0,PEP_2C_red_NDC,0.4360493735077857,0.31947825962428666,R10LATIN_AM
REMIND-MAgPIE 1.7-3.0,PEP_2C_red_eff,0.3916535870691689,0.31536570162725475,R10LATIN_AM
REMIND-MAgPIE 1.7-3.0,PEP_2C_red_goodpractice,0.3955006407273341,0.3142972733246899,R10LATIN_AM
REMIND-MAgPIE 1.7-3.0,PEP_2C_red_netzero,0.3841046201281932,0.31219750518426775,R10LATIN_AM
REMIND-MAgPIE 2.1-4.2,CEMICS_SSP1-1p5C-fullCDR,0.1641416731913453,0.205579470628637,R10LATIN_AM
REMIND-MAgPIE 2.1-4.2,CEMICS_SSP1-1p5C-minCDR,0.17760082893744114,0.23166248299047362,R10LATIN_AM
REMIND-MAgPIE 2.1-4.2,CEMICS_SSP2-1p5C-fullCDR,0.3325746218902891,0.30249926504513186,R10LATIN_AM
REMIND-MAgPIE 2.1-4.2,CEMICS_SSP2-1p5C-minCDR,0.3669708847551596,0.32586691066452433,R10LATIN_AM
REMIND-MAgPIE 2.1-4.2,EN_INDCi2030_300f,0.5035014137810636,0.27621053666296475,R10LATIN_AM
REMIND-MAgPIE 2.1-4.2,EN_INDCi2030_400f,0.463274981008059,0.26454621209534646,R10LATIN_AM
REMIND-MAgPIE 2.1-4.2,EN_INDCi2030_500f,0.44618510968847414,0.2566474677354325,R10LATIN_AM
REMIND-MAgPIE 2.1-4.2,EN_INDCi2030_600_COV,0.3689243337183394,0.37070816266011636,R10LATIN_AM
REMIND-MAgPIE 2.1-4.2,EN_INDCi2030_600_COV_NDCp,0.37772532427503014,0.3862011188080268,R10LATIN_AM
REMIND-MAgPIE 2.1-4.2,EN_INDCi2030_600f,0.41758215990835307,0.25306423577051523,R10LATIN_AM
REMIND-MAgPIE 2.1-4.2,EN_INDCi2030_600f_COV,0.37660303541846846,0.29127701816960133,R10LATIN_AM
REMIND-MAgPIE 2.1-4.2,EN_INDCi2030_600f_COV_NDCp,0.37296502189558856,0.28764117682942564,R10LATIN_AM
REMIND-MAgPIE 2.1-4.2,EN_INDCi2030_600f_NDCp,0.4163311708027649,0.25218017108482643,R10LATIN_AM
REMIND-MAgPIE 2.1-4.2,EN_NPi2020_200f,0.4977533591179272,0.3209618435264284,R10LATIN_AM
REMIND-MAgPIE 2.1-4.2,EN_NPi2020_300f,0.47624012416331135,0.30984183646674335,R10LATIN_AM
REMIND-MAgPIE 2.1-4.2,EN_NPi2020_400,0.38424315143764703,0.40664104025922876,R10LATIN_AM
REMIND-MAgPIE 2.1-4.2,EN_NPi2020_400f,0.45353937052140375,0.30940956756031496,R10LATIN_AM
REMIND-MAgPIE 2.1-4.2,EN_NPi2020_500,0.3539772409930077,0.3526930601818562,R10LATIN_AM
REMIND-MAgPIE 2.1-4.2,EN_NPi2020_500f,0.4351346958889952,0.3064655068201376,R10LATIN_AM
REMIND-MAgPIE 2.1-4.2,EN_NPi2020_600,0.336353288318843,0.32100785122481335,R10LATIN_AM
REMIND-MAgPIE 2.1-4.2,EN_NPi2020_600_COV,0.33751169871407827,0.31998663918257064,R10LATIN_AM
REMIND-MAgPIE 2.1-4.2,EN_NPi2020_600f,0.40154590913548766,0.29443049005053734,R10LATIN_AM
REMIND-MAgPIE 2.1-4.2,EN_NPi2020_600f_COV,0.3571106656261067,0.3057095669245339,R10LATIN_AM
REMIND-MAgPIE 2.1-4.2,SusDev_SDP-PkBudg1000,0.11984231945264631,0.15348581892962468,R10LATIN_AM
REMIND-MAgPIE 2.1-4.2,SusDev_SSP1-PkBudg900,0.18941963164815068,0.24708396754504475,R10LATIN_AM
REMIND-MAgPIE 2.1-4.2,SusDev_SSP2-PkBudg900,0.36296327881850277,0.3551603050567583,R10LATIN_AM
REMIND-MAgPIE 2.1-4.3,DeepElec_SSP2_ HighRE_Budg900,0.23164207530702324,0.2480339313203604,R10LATIN_AM
REMIND-MAgPIE 2.1-4.3,DeepElec_SSP2_def_Budg1100,0.2116593710602353,0.21385683762587188,R10LATIN_AM
REMIND-MAgPIE 2.1-4.3,DeepElec_SSP2_def_Budg900,0.253492460173545,0.2824651336088913,R10LATIN_AM
WITCH 5.0,EN_INDCi2030_500f,0.12545288032574414,0.13065515586886123,R10LATIN_AM
WITCH 5.0,EN_NPi2020_400f,0.12804563060317298,0.11007027547073,R10LATIN_AM
WITCH 5.0,EN_NPi2020_450,0.11006853843337516,0.08290613806335548,R10LATIN_AM
WITCH 5.0,EN_NPi2020_450f,0.131362925187403,0.11501296165122488,R10LATIN_AM
WITCH 5.0,EN_NPi2020_500,0.11646956559284649,0.08876265983005356,R10LATIN_AM
WITCH 5.0,EN_NPi2020_500f,0.13575933226361098,0.12203145495575185,R10LATIN_AM
IMAGE 3.2,SSP1_SPA1_19I_D,0.1871599194360491,0.2752797918708061,R10INDIA+
IMAGE 3.2,SSP1_SPA1_19I_D_LB,0.21249567248408288,0.32344608298447913,R10INDIA+
IMAGE 3.2,SSP1_SPA1_19I_LI,0.16146526682329312,0.2416292482088534,R10INDIA+
IMAGE 3.2,SSP1_SPA1_19I_LIRE,0.20134977999793768,0.24467537444561885,R10INDIA+
IMAGE 3.2,SSP1_SPA1_19I_LIRE_LB,0.2417763869434093,0.32623115393713353,R10INDIA+
IMAGE 3.2,SSP1_SPA1_19I_RE,0.22390339205396984,0.33021763511480595,R10INDIA+
IMAGE 3.2,SSP1_SPA1_19I_RE_LB,0.248704125869367,0.3659434594916736,R10INDIA+
IMAGE 3.2,SSP2_SPA1_19I_D_LB,0.2065431284668946,0.24947825715315924,R10INDIA+
IMAGE 3.2,SSP2_SPA1_19I_LIRE_LB,0.23390585341791081,0.3101333936138571,R10INDIA+
IMAGE 3.2,SSP2_SPA1_19I_RE_LB,0.2573293911934383,0.3244467917738629,R10INDIA+
IMAGE 3.2,SSP2_SPA2_19I_D,0.21379931188207746,0.24621969586379022,R10INDIA+
IMAGE 3.2,SSP2_SPA2_19I_LI,0.1851440419148441,0.2307741121502191,R10INDIA+
IMAGE 3.2,SSP2_SPA2_19I_LIRE,0.25027968018048113,0.2993845358241145,R10INDIA+
IMAGE 3.2,SSP2_SPA2_19I_RE,0.265990714530796,0.33971706192214907,R10INDIA+
MESSAGEix-GLOBIOM_1.1,EN_INDCi2030_600f_COV,0.16019886075684328,0.17252448868764877,R10INDIA+
MESSAGEix-GLOBIOM_1.1,EN_INDCi2030_600f_COV_NDCp,0.16199537346266799,0.17552929705668951,R10INDIA+
MESSAGEix-GLOBIOM_1.1,EN_INDCi2030_700f,0.14889228805584145,0.1605217484290477,R10INDIA+
MESSAGEix-GLOBIOM_1.1,EN_INDCi2030_700f_COV,0.1612530775668713,0.1674057446760908,R10INDIA+
MESSAGEix-GLOBIOM_1.1,EN_INDCi2030_700f_COV_NDCp,0.15995414042799297,0.16504731958846897,R10INDIA+
MESSAGEix-GLOBIOM_1.1,EN_INDCi2030_700f_NDCp,0.15000006080445755,0.16220689216724785,R10INDIA+
MESSAGEix-GLOBIOM_1.1,EN_NPi2020_200f,0.19278099515475175,0.22745945391088007,R10INDIA+
MESSAGEix-GLOBIOM_1.1,EN_NPi2020_300f,0.1889842368260759,0.21743360744279816,R10INDIA+
MESSAGEix-GLOBIOM_1.1,EN_NPi2020_400f,0.16945743137699232,0.1872930786489763,R10INDIA+
MESSAGEix-GLOBIOM_1.1,EN_NPi2020_450,0.1975853586682837,0.2620066165560571,R10INDIA+
MESSAGEix-GLOBIOM_1.1,EN_NPi2020_450f,0.16695062699544863,0.18375133574331995,R10INDIA+
MESSAGEix-GLOBIOM_1.1,EN_NPi2020_500,0.18644636753530633,0.24653255086460682,R10INDIA+
MESSAGEix-GLOBIOM_1.1,EN_NPi2020_500f,0.1612699794229996,0.17523007027731624,R10INDIA+
MESSAGEix-GLOBIOM_1.1,EN_NPi2020_600,0.17614538177546119,0.22539044900599128,R10INDIA+
MESSAGEix-GLOBIOM_1.1,EN_NPi2020_600_COV,0.18445994713031602,0.22816478254019948,R10INDIA+
MESSAGEix-GLOBIOM_1.1,EN_NPi2020_600_DR10p,0.1666129335128393,0.21672258915167478,R10INDIA+
MESSAGEix-GLOBIOM_1.1,EN_NPi2020_600_DR1p,0.20339858445370418,0.2551043235052364,R10INDIA+
MESSAGEix-GLOBIOM_1.1,EN_NPi2020_600_DR2p,0.19853650392710717,0.2548281834793534,R10INDIA+
MESSAGEix-GLOBIOM_1.1,EN_NPi2020_600_DR3p,0.18947392773199992,0.2438727299708726,R10INDIA+
MESSAGEix-GLOBIOM_1.1,EN_NPi2020_600_DR4p,0.1822255783258516,0.23311874380913708,R10INDIA+
MESSAGEix-GLOBIOM_1.1,EN_NPi2020_600f,0.15726472588391785,0.16720386488408281,R10INDIA+
MESSAGEix-GLOBIOM_1.1,EN_NPi2020_600f_COV,0.17055195733834508,0.17383318210818097,R10INDIA+
MESSAGEix-GLOBIOM_1.1,EN_NPi2020_600f_DR10p,0.11464501028641223,0.13309077508615771,R10INDIA+
MESSAGEix-GLOBIOM_1.1,EN_NPi2020_600f_DR1p,0.194166685886857,0.2313994286578802,R10INDIA+
MESSAGEix-GLOBIOM_1.1,EN_NPi2020_600f_DR2p,0.18240502450718118,0.2102465949274302,R10INDIA+
MESSAGEix-GLOBIOM_1.1,EN_NPi2020_600f_DR3p,0.1742551707552183,0.19682735769648899,R10INDIA+
MESSAGEix-GLOBIOM_1.1,EN_NPi2020_600f_DR4p,0.16287181034589146,0.17532680413151627,R10INDIA+
MESSAGEix-GLOBIOM_1.1,EN_NPi2020_700,0.16381998785243237,0.19793997425680754,R10INDIA+
MESSAGEix-GLOBIOM_1.1,EN_NPi2020_700_COV,0.17092306692409323,0.19744195280485777,R10INDIA+
MESSAGEix-GLOBIOM_1.1,EN_NPi2020_700f,0.14872266356165126,0.15538239800584944,R10INDIA+
MESSAGEix-GLOBIOM_1.1,EN_NPi2020_700f_COV,0.1653659771918036,0.16470430269617273,R10INDIA+
MESSAGEix-GLOBIOM_1.1,NGFS2_Divergent Net Zero Policies,0.1550138817803398,0.20179784165650877,R10INDIA+
MESSAGEix-GLOBIOM_1.1,NGFS2_Net-Zero 2050,0.15753055859388465,0.19806914626178163,R10INDIA+
REMIND-MAgPIE 1.7-3.0,CD-LINKS_INDC2030i_1000,0.7224870765785861,0.6531242203848951,R10INDIA+
REMIND-MAgPIE 1.7-3.0,CD-LINKS_INDC2030i_400,0.7880799830210844,0.7130748245709985,R10INDIA+
REMIND-MAgPIE 1.7-3.0,CD-LINKS_NPi2020_1000,0.7203431359134299,0.6763657739290341,R10INDIA+
REMIND-MAgPIE 1.7-3.0,CD-LINKS_NPi2020_400,0.7948969559482085,0.7596790103219722,R10INDIA+
REMIND-MAgPIE 1.7-3.0,CO_2Deg2020,0.6804944701071578,0.6188459808633935,R10INDIA+
REMIND-MAgPIE 1.7-3.0,CO_2Deg2030,0.7066243579438793,0.6315142456984408,R10INDIA+
REMIND-MAgPIE 1.7-3.0,CO_Bridge,0.6936437549033947,0.6056820814930268,R10INDIA+
REMIND-MAgPIE 1.7-3.0,PEP_1p5C_full_NDC,0.7859980469002636,0.7052117127718686,R10INDIA+
REMIND-MAgPIE 1.7-3.0,PEP_1p5C_full_eff,0.7816631543167575,0.7370745028332474,R10INDIA+
REMIND-MAgPIE 1.7-3.0,PEP_1p5C_full_goodpractice,0.7622130614005735,0.677049082710055,R10INDIA+
REMIND-MAgPIE 1.7-3.0,PEP_1p5C_full_netzero,0.7570879847588301,0.680887708634926,R10INDIA+
REMIND-MAgPIE 1.7-3.0,PEP_1p5C_red_eff,1.0,1.0,R10INDIA+
REMIND-MAgPIE 1.7-3.0,PEP_2C_full_NDC,0.7066243579438793,0.6315142456984408,R10INDIA+
REMIND-MAgPIE 1.7-3.0,PEP_2C_full_eff,0.6804944701071578,0.6188459808633935,R10INDIA+
REMIND-MAgPIE 1.7-3.0,PEP_2C_full_goodpractice,0.6834052503553855,0.5964879329103254,R10INDIA+
REMIND-MAgPIE 1.7-3.0,PEP_2C_full_netzero,0.684096900459577,0.6082634294882412,R10INDIA+
REMIND-MAgPIE 1.7-3.0,PEP_2C_red_NDC,0.8548129950021528,0.7801237536361778,R10INDIA+
REMIND-MAgPIE 1.7-3.0,PEP_2C_red_eff,0.7740449783871666,0.7293981039517629,R10INDIA+
REMIND-MAgPIE 1.7-3.0,PEP_2C_red_goodpractice,0.8118037989042978,0.7330916243398955,R10INDIA+
REMIND-MAgPIE 1.7-3.0,PEP_2C_red_netzero,0.7890621067719367,0.7128926974291735,R10INDIA+
REMIND-MAgPIE 2.1-4.2,CEMICS_SSP1-1p5C-fullCDR,0.358968054410496,0.44190980190327445,R10INDIA+
REMIND-MAgPIE 2.1-4.2,CEMICS_SSP1-1p5C-minCDR,0.43198202261304186,0.5281645121010642,R10INDIA+
REMIND-MAgPIE 2.1-4.2,CEMICS_SSP2-1p5C-fullCDR,0.6163304718051505,0.5948205395457183,R10INDIA+
REMIND-MAgPIE 2.1-4.2,CEMICS_SSP2-1p5C-minCDR,0.7597942728150477,0.750270052552592,R10INDIA+
REMIND-MAgPIE 2.1-4.2,EN_INDCi2030_300f,0.6686136974162052,0.6207287256070586,R10INDIA+
REMIND-MAgPIE 2.1-4.2,EN_INDCi2030_400f,0.6609014392600925,0.614548009236258,R10INDIA+
REMIND-MAgPIE 2.1-4.2,EN_INDCi2030_500f,0.6534843839450957,0.6022765095462049,R10INDIA+
REMIND-MAgPIE 2.1-4.2,EN_INDCi2030_600_COV,0.7319693585518591,0.7785616393390529,R10INDIA+
REMIND-MAgPIE 2.1-4.2,EN_INDCi2030_600_COV_NDCp,0.7239861646006024,0.7687252335460877,R10INDIA+
REMIND-MAgPIE 2.1-4.2,EN_INDCi2030_600f,0.6430764849043512,0.5838150554696895,R10INDIA+
REMIND-MAgPIE 2.1-4.2,EN_INDCi2030_600f_COV,0.6370179748333024,0.5699300590156531,R10INDIA+
REMIND-MAgPIE 2.1-4.2,EN_INDCi2030_600f_COV_NDCp,0.635750599689811,0.5676770083566507,R10INDIA+
REMIND-MAgPIE 2.1-4.2,EN_INDCi2030_600f_NDCp,0.6421498412678558,0.5812380182333217,R10INDIA+
REMIND-MAgPIE 2.1-4.2,EN_NPi2020_200f,0.7263064263633705,0.7338016544633925,R10INDIA+
REMIND-MAgPIE 2.1-4.2,EN_NPi2020_300f,0.7155166026462771,0.7159717163511076,R10INDIA+
REMIND-MAgPIE 2.1-4.2,EN_NPi2020_400,0.8649069698079349,0.9849450677217955,R10INDIA+
REMIND-MAgPIE 2.1-4.2,EN_NPi2020_400f,0.6997446801762695,0.6857474831125299,R10INDIA+
REMIND-MAgPIE 2.1-4.2,EN_NPi2020_500,0.7840655732979063,0.8575602446910917,R10INDIA+
REMIND-MAgPIE 2.1-4.2,EN_NPi2020_500f,0.6930315341019657,0.6700716368869651,R10INDIA+
REMIND-MAgPIE 2.1-4.2,EN_NPi2020_600,0.722716655379577,0.7392593420896723,R10INDIA+
REMIND-MAgPIE 2.1-4.2,EN_NPi2020_600_COV,0.6678883002999103,0.6806697477277213,R10INDIA+
REMIND-MAgPIE 2.1-4.2,EN_NPi2020_600f,0.6822410726746848,0.6520262673964498,R10INDIA+
REMIND-MAgPIE 2.1-4.2,EN_NPi2020_600f_COV,0.6689248411487771,0.6334491237541378,R10INDIA+
REMIND-MAgPIE 2.1-4.2,SusDev_SDP-PkBudg1000,0.36503535298824086,0.4844046038076545,R10INDIA+
REMIND-MAgPIE 2.1-4.2,SusDev_SSP1-PkBudg900,0.442153060060105,0.5493963084030261,R10INDIA+
REMIND-MAgPIE 2.1-4.2,SusDev_SSP2-PkBudg900,0.6950456190462448,0.686178734093956,R10INDIA+
REMIND-MAgPIE 2.1-4.3,DeepElec_SSP2_ HighRE_Budg900,0.5350148110020135,0.5906142952730234,R10INDIA+
REMIND-MAgPIE 2.1-4.3,DeepElec_SSP2_def_Budg1100,0.499475678710312,0.500659652206549,R10INDIA+
REMIND-MAgPIE 2.1-4.3,DeepElec_SSP2_def_Budg900,0.5400608347179702,0.5568844374167432,R10INDIA+
WITCH 5.0,EN_INDCi2030_500f,0.13668117112540135,0.12835863127522104,R10INDIA+
WITCH 5.0,EN_NPi2020_400f,0.13479074835375593,0.13095023234378467,R10INDIA+
WITCH 5.0,EN_NPi2020_450,0.14133303015995663,0.15481716174321747,R10INDIA+
WITCH 5.0,EN_NPi2020_450f,0.13181474661614773,0.12725973872198051,R10INDIA+
WITCH 5.0,EN_NPi2020_500,0.13903559950857916,0.14586855734504553,R10INDIA+
WITCH 5.0,EN_NPi2020_500f,0.1306513086411192,0.12541049155117273,R10INDIA+
IMAGE 3.2,SSP1_SPA1_19I_D,0.12760170881041058,0.19151948803197613,R10AFRICA
IMAGE 3.2,SSP1_SPA1_19I_D_LB,0.13437035898473762,0.20769609738082534,R10AFRICA
IMAGE 3.2,SSP1_SPA1_19I_LI,0.11652131618064107,0.18041656669930212,R10AFRICA
IMAGE 3.2,SSP1_SPA1_19I_LIRE,0.18566418586147257,0.22644160152087103,R10AFRICA
IMAGE 3.2,SSP1_SPA1_19I_LIRE_LB,0.19404566891407288,0.244436517646378,R10AFRICA
IMAGE 3.2,SSP1_SPA1_19I_RE,0.16632904947891805,0.2336254353956624,R10AFRICA
IMAGE 3.2,SSP1_SPA1_19I_RE_LB,0.1777324636777116,0.277078624196435,R10AFRICA
IMAGE 3.2,SSP2_SPA1_19I_D_LB,0.15460581382494834,0.20714151751215987,R10AFRICA
IMAGE 3.2,SSP2_SPA1_19I_LIRE_LB,0.19957990885548593,0.2496149408421742,R10AFRICA
IMAGE 3.2,SSP2_SPA1_19I_RE_LB,0.22438632199031944,0.2724172710072464,R10AFRICA
IMAGE 3.2,SSP2_SPA2_19I_D,0.17114210498015406,0.22587877664823913,R10AFRICA
IMAGE 3.2,SSP2_SPA2_19I_LI,0.15120252504176432,0.2083934892348423,R10AFRICA
IMAGE 3.2,SSP2_SPA2_19I_LIRE,0.22884755348566332,0.2761698629078231,R10AFRICA
IMAGE 3.2,SSP2_SPA2_19I_RE,0.24254896520768382,0.29793995336093393,R10AFRICA
MESSAGEix-GLOBIOM_1.1,EN_INDCi2030_600f_COV,0.18040235156868578,0.19206037128780115,R10AFRICA
MESSAGEix-GLOBIOM_1.1,EN_INDCi2030_600f_COV_NDCp,0.1818606502727737,0.19452325078111915,R10AFRICA
MESSAGEix-GLOBIOM_1.1,EN_INDCi2030_700f,0.1623795895746821,0.1739738960119763,R10AFRICA
MESSAGEix-GLOBIOM_1.1,EN_INDCi2030_700f_COV,0.17914160617765015,0.18666591897329401,R10AFRICA
MESSAGEix-GLOBIOM_1.1,EN_INDCi2030_700f_COV_NDCp,0.1792583628036392,0.1876006862327849,R10AFRICA
MESSAGEix-GLOBIOM_1.1,EN_INDCi2030_700f_NDCp,0.1616461655515844,0.17258620000121092,R10AFRICA
MESSAGEix-GLOBIOM_1.1,EN_NPi2020_200f,0.20329260090132578,0.2149022957094704,R10AFRICA
MESSAGEix-GLOBIOM_1.1,EN_NPi2020_300f,0.20239277563222094,0.21164703152248074,R10AFRICA
MESSAGEix-GLOBIOM_1.1,EN_NPi2020_400f,0.19795500454575846,0.2030227515798458,R10AFRICA
MESSAGEix-GLOBIOM_1.1,EN_NPi2020_450,0.21693858364301882,0.27204631535565704,R10AFRICA
MESSAGEix-GLOBIOM_1.1,EN_NPi2020_450f,0.19012989420748114,0.19065004139364636,R10AFRICA
MESSAGEix-GLOBIOM_1.1,EN_NPi2020_500,0.19964916895393134,0.24116920050178425,R10AFRICA
MESSAGEix-GLOBIOM_1.1,EN_NPi2020_500f,0.19105419165125345,0.19190496093128406,R10AFRICA
MESSAGEix-GLOBIOM_1.1,EN_NPi2020_600,0.18592431270516052,0.20633270054176006,R10AFRICA
MESSAGEix-GLOBIOM_1.1,EN_NPi2020_600_COV,0.19538068587802437,0.21396275605732132,R10AFRICA
MESSAGEix-GLOBIOM_1.1,EN_NPi2020_600_DR10p,0.15790313620338664,0.17270604285851637,R10AFRICA
MESSAGEix-GLOBIOM_1.1,EN_NPi2020_600_DR1p,0.21041372162257832,0.24336745901081094,R10AFRICA
MESSAGEix-GLOBIOM_1.1,EN_NPi2020_600_DR2p,0.19991181200246877,0.2247776242736638,R10AFRICA
MESSAGEix-GLOBIOM_1.1,EN_NPi2020_600_DR3p,0.20077814363575883,0.2258559244693486,R10AFRICA
MESSAGEix-GLOBIOM_1.1,EN_NPi2020_600_DR4p,0.19083087837219606,0.21321259443011994,R10AFRICA
MESSAGEix-GLOBIOM_1.1,EN_NPi2020_600f,0.1909511804581708,0.1927979239259732,R10AFRICA
MESSAGEix-GLOBIOM_1.1,EN_NPi2020_600f_COV,0.18693601557669307,0.18035290151410138,R10AFRICA
MESSAGEix-GLOBIOM_1.1,EN_NPi2020_600f_DR10p,0.16500348381636754,0.16314623562856068,R10AFRICA
MESSAGEix-GLOBIOM_1.1,EN_NPi2020_600f_DR1p,0.20656682386116265,0.2228541860761095,R10AFRICA
MESSAGEix-GLOBIOM_1.1,EN_NPi2020_600f_DR2p,0.19805917520176056,0.2042877733166406,R10AFRICA
MESSAGEix-GLOBIOM_1.1,EN_NPi2020_600f_DR3p,0.19239179358990377,0.19501225711132097,R10AFRICA
MESSAGEix-GLOBIOM_1.1,EN_NPi2020_600f_DR4p,0.19177940178627081,0.19326663952950215,R10AFRICA
MESSAGEix-GLOBIOM_1.1,EN_NPi2020_700,0.1743327659600313,0.18828172645645702,R10AFRICA
MESSAGEix-GLOBIOM_1.1,EN_NPi2020_700_COV,0.18434228525296592,0.19606857313370935,R10AFRICA
MESSAGEix-GLOBIOM_1.1,EN_NPi2020_700f,0.1888086750966013,0.19280887371460903,R10AFRICA
MESSAGEix-GLOBIOM_1.1,EN_NPi2020_700f_COV,0.18798087392440885,0.1818265660891647,R10AFRICA
MESSAGEix-GLOBIOM_1.1,NGFS2_Divergent Net Zero Policies,0.19107678573670542,0.222061726702468,R10AFRICA
MESSAGEix-GLOBIOM_1.1,NGFS2_Net-Zero 2050,0.1737903679464073,0.19061610109756008,R10AFRICA
REMIND-MAgPIE 1.7-3.0,CD-LINKS_INDC2030i_1000,0.48690799761378695,0.45933442789337425,R10AFRICA
REMIND-MAgPIE 1.7-3.0,CD-LINKS_INDC2030i_400,0.5595686963133776,0.5383089531763218,R10AFRICA
REMIND-MAgPIE 1.7-3.0,CD-LINKS_NPi2020_1000,0.4798552927638123,0.4616247331005552,R10AFRICA
REMIND-MAgPIE 1.7-3.0,CD-LINKS_NPi2020_400,0.5182917051638695,0.5093373421446417,R10AFRICA
REMIND-MAgPIE 1.7-3.0,CO_2Deg2020,0.45541669505449955,0.4382416447065483,R10AFRICA
REMIND-MAgPIE 1.7-3.0,CO_2Deg2030,0.4591412461834962,0.42794679813951736,R10AFRICA
REMIND-MAgPIE 1.7-3.0,CO_Bridge,0.44259939580739793,0.41217222806528364,R10AFRICA
REMIND-MAgPIE 1.7-3.0,PEP_1p5C_full_NDC,0.5518622435481522,0.5265182736607678,R10AFRICA
REMIND-MAgPIE 1.7-3.0,PEP_1p5C_full_eff,0.49968187141272746,0.4866105373611454,R10AFRICA
REMIND-MAgPIE 1.7-3.0,PEP_1p5C_full_goodpractice,0.530340787208583,0.5059844196097245,R10AFRICA
REMIND-MAgPIE 1.7-3.0,PEP_1p5C_full_netzero,0.5149602469701144,0.49157222092008984,R10AFRICA
REMIND-MAgPIE 1.7-3.0,PEP_1p5C_red_eff,0.6620370620228976,0.6370413508678217,R10AFRICA
REMIND-MAgPIE 1.7-3.0,PEP_2C_full_NDC,0.4591412461834962,0.42794679813951736,R10AFRICA
REMIND-MAgPIE 1.7-3.0,PEP_2C_full_eff,0.45541669505449955,0.4382416447065483,R10AFRICA
REMIND-MAgPIE 1.7-3.0,PEP_2C_full_goodpractice,0.4465041624346942,0.41321664957426124,R10AFRICA
REMIND-MAgPIE 1.7-3.0,PEP_2C_full_netzero,0.4308053192746548,0.4022200922283533,R10AFRICA
REMIND-MAgPIE 1.7-3.0,PEP_2C_red_NDC,0.5648399316909124,0.5184060623188627,R10AFRICA
REMIND-MAgPIE 1.7-3.0,PEP_2C_red_eff,0.49303444992261536,0.46644902544170297,R10AFRICA
REMIND-MAgPIE 1.7-3.0,PEP_2C_red_goodpractice,0.5344080120663431,0.4992891228663613,R10AFRICA
REMIND-MAgPIE 1.7-3.0,PEP_2C_red_netzero,0.5178275134147184,0.4863503449462767,R10AFRICA
REMIND-MAgPIE 2.1-4.2,CEMICS_SSP1-1p5C-fullCDR,0.19655888724632448,0.25009939064547637,R10AFRICA
REMIND-MAgPIE 2.1-4.2,CEMICS_SSP1-1p5C-minCDR,0.21070153066913205,0.2647874136857314,R10AFRICA
REMIND-MAgPIE 2.1-4.2,CEMICS_SSP2-1p5C-fullCDR,0.3713128125352771,0.34469298932280906,R10AFRICA
REMIND-MAgPIE 2.1-4.2,CEMICS_SSP2-1p5C-minCDR,0.42188354870448186,0.378300961007943,R10AFRICA
REMIND-MAgPIE 2.1-4.2,EN_INDCi2030_300f,0.4388837905509302,0.38871112740907177,R10AFRICA
REMIND-MAgPIE 2.1-4.2,EN_INDCi2030_400f,0.43290083372814975,0.38120694773019304,R10AFRICA
REMIND-MAgPIE 2.1-4.2,EN_INDCi2030_500f,0.415343075791206,0.36269095616262786,R10AFRICA
REMIND-MAgPIE 2.1-4.2,EN_INDCi2030_600_COV,0.4453619054351283,0.4573480892362997,R10AFRICA
REMIND-MAgPIE 2.1-4.2,EN_INDCi2030_600_COV_NDCp,0.44842765614641106,0.4576606728594717,R10AFRICA
REMIND-MAgPIE 2.1-4.2,EN_INDCi2030_600f,0.3905391599732367,0.341990901704089,R10AFRICA
REMIND-MAgPIE 2.1-4.2,EN_INDCi2030_600f_COV,0.3973573293094011,0.3494669926239558,R10AFRICA
REMIND-MAgPIE 2.1-4.2,EN_INDCi2030_600f_COV_NDCp,0.3963968823389368,0.34767532597536926,R10AFRICA
REMIND-MAgPIE 2.1-4.2,EN_INDCi2030_600f_NDCp,0.38894528826758856,0.33995353987466986,R10AFRICA
REMIND-MAgPIE 2.1-4.2,EN_NPi2020_200f,0.44139532539233306,0.3978434041525306,R10AFRICA
REMIND-MAgPIE 2.1-4.2,EN_NPi2020_300f,0.43134927444841376,0.38561288927719845,R10AFRICA
REMIND-MAgPIE 2.1-4.2,EN_NPi2020_400,0.45572024246277804,0.5032025172558564,R10AFRICA
REMIND-MAgPIE 2.1-4.2,EN_NPi2020_400f,0.4079472565364388,0.3609288432910094,R10AFRICA
REMIND-MAgPIE 2.1-4.2,EN_NPi2020_500,0.4172317168845984,0.4340887900797073,R10AFRICA
REMIND-MAgPIE 2.1-4.2,EN_NPi2020_500f,0.39087803478754307,0.347822806495297,R10AFRICA
REMIND-MAgPIE 2.1-4.2,EN_NPi2020_600,0.39341823336311693,0.38815504035682835,R10AFRICA
REMIND-MAgPIE 2.1-4.2,EN_NPi2020_600_COV,0.40170026528456104,0.37583152015162474,R10AFRICA
REMIND-MAgPIE 2.1-4.2,EN_NPi2020_600f,0.3760385173057051,0.3363001396340483,R10AFRICA
REMIND-MAgPIE 2.1-4.2,EN_NPi2020_600f_COV,0.3904436481258858,0.3430529852270469,R10AFRICA
REMIND-MAgPIE 2.1-4.2,SusDev_SDP-PkBudg1000,0.22818162001532416,0.3121765275031358,R10AFRICA
REMIND-MAgPIE 2.1-4.2,SusDev_SSP1-PkBudg900,0.2103523498432507,0.275003435642736,R10AFRICA
REMIND-MAgPIE 2.1-4.2,SusDev_SSP2-PkBudg900,0.38582600153331287,0.37444855602917176,R10AFRICA
REMIND-MAgPIE 2.1-4.3,DeepElec_SSP2_ HighRE_Budg900,0.22595475620823793,0.24393529003325354,R10AFRICA
REMIND-MAgPIE 2.1-4.3,DeepElec_SSP2_def_Budg1100,0.19549597301749755,0.1945830311162757,R10AFRICA
REMIND-MAgPIE 2.1-4.3,DeepElec_SSP2_def_Budg900,0.22474241649306945,0.23524282795947485,R10AFRICA
WITCH 5.0,EN_INDCi2030_500f,0.05212395724717954,0.04943592585394642,R10AFRICA
WITCH 5.0,EN_NPi2020_400f,0.02582998672648344,0.009222823264223065,R10AFRICA
WITCH 5.0,EN_NPi2020_450,0.024033577604627578,0.020458695718320586,R10AFRICA
WITCH 5.0,EN_NPi2020_450f,0.02423329095499495,0.009593774280481058,R10AFRICA
WITCH 5.0,EN_NPi2020_500,0.024262171048307208,0.017725920387475922,R10AFRICA
WITCH 5.0,EN_NPi2020_500f,0.02488207330996772,0.010699934503490802,R10AFRICA
IMAGE 3.2,SSP1_SPA1_19I_D,0.08793594048138649,0.11580172564692177,R10CHINA+
IMAGE 3.2,SSP1_SPA1_19I_D_LB,0.10502059724789442,0.1546839795931501,R10CHINA+
IMAGE 3.2,SSP1_SPA1_19I_LI,0.08722606829498736,0.12242796225684553,R10CHINA+
IMAGE 3.2,SSP1_SPA1_19I_LIRE,0.10208096258983267,0.11818318058774632,R10CHINA+
IMAGE 3.2,SSP1_SPA1_19I_LIRE_LB,0.11173569479742917,0.13467239185239938,R10CHINA+
IMAGE 3.2,SSP1_SPA1_19I_RE,0.08837293657893497,0.12136364519196424,R10CHINA+
IMAGE 3.2,SSP1_SPA1_19I_RE_LB,0.14190593998804893,0.1749448386144539,R10CHINA+
IMAGE 3.2,SSP2_SPA1_19I_D_LB,0.09398970092963213,0.10525388572957718,R10CHINA+
IMAGE 3.2,SSP2_SPA1_19I_LIRE_LB,0.11440347054064916,0.13208152181553498,R10CHINA+
IMAGE 3.2,SSP2_SPA1_19I_RE_LB,0.12736657727124145,0.14063026809217147,R10CHINA+
IMAGE 3.2,SSP2_SPA2_19I_D,0.10120589148521664,0.11500536401297927,R10CHINA+
IMAGE 3.2,SSP2_SPA2_19I_LI,0.0890211584624169,0.11786986878398394,R10CHINA+
IMAGE 3.2,SSP2_SPA2_19I_LIRE,0.13559489471844244,0.1506634834392001,R10CHINA+
IMAGE 3.2,SSP2_SPA2_19I_RE,0.12825987315883075,0.14268699907911608,R10CHINA+
MESSAGEix-GLOBIOM_1.1,EN_INDCi2030_600f_COV,0.049364965361851344,0.04722182379997768,R10CHINA+
MESSAGEix-GLOBIOM_1.1,EN_INDCi2030_600f_COV_NDCp,0.047349771281476036,0.044272085942583854,R10CHINA+
MESSAGEix-GLOBIOM_1.1,EN_INDCi2030_700f,0.043365824393593884,0.044466004619869486,R10CHINA+
MESSAGEix-GLOBIOM_1.1,EN_INDCi2030_700f_COV,0.04734035401017398,0.04205301662590373,R10CHINA+
MESSAGEix-GLOBIOM_1.1,EN_INDCi2030_700f_COV_NDCp,0.045856954987856836,0.03869166558735053,R10CHINA+
MESSAGEix-GLOBIOM_1.1,EN_INDCi2030_700f_NDCp,0.04242371370652791,0.043261186685289874,R10CHINA+
MESSAGEix-GLOBIOM_1.1,EN_NPi2020_200f,0.04819072286695646,0.05183670616646806,R10CHINA+
MESSAGEix-GLOBIOM_1.1,EN_NPi2020_300f,0.04685469705866332,0.04876232149732023,R10CHINA+
MESSAGEix-GLOBIOM_1.1,EN_NPi2020_400f,0.044538533543266146,0.04415099629368696,R10CHINA+
MESSAGEix-GLOBIOM_1.1,EN_NPi2020_450,0.05519970562068476,0.062040805155700644,R10CHINA+
MESSAGEix-GLOBIOM_1.1,EN_NPi2020_450f,0.04287571091216859,0.0409230185829867,R10CHINA+
MESSAGEix-GLOBIOM_1.1,EN_NPi2020_500,0.053728547804874946,0.06096318288638256,R10CHINA+
MESSAGEix-GLOBIOM_1.1,EN_NPi2020_500f,0.03825483936001025,0.03416521647826756,R10CHINA+
MESSAGEix-GLOBIOM_1.1,EN_NPi2020_600,0.04847258208797461,0.053781225466422736,R10CHINA+
MESSAGEix-GLOBIOM_1.1,EN_NPi2020_600_COV,0.04654013228890727,0.04668794592044058,R10CHINA+
MESSAGEix-GLOBIOM_1.1,EN_NPi2020_600_DR10p,0.044767654013050474,0.04614361202985795,R10CHINA+
MESSAGEix-GLOBIOM_1.1,EN_NPi2020_600_DR1p,0.05866494631417849,0.06613252053946259,R10CHINA+
MESSAGEix-GLOBIOM_1.1,EN_NPi2020_600_DR2p,0.05713082072035593,0.06477775251648514,R10CHINA+
MESSAGEix-GLOBIOM_1.1,EN_NPi2020_600_DR3p,0.05472578990549353,0.061774672012253715,R10CHINA+
MESSAGEix-GLOBIOM_1.1,EN_NPi2020_600_DR4p,0.05145776581202258,0.05659889519970935,R10CHINA+
MESSAGEix-GLOBIOM_1.1,EN_NPi2020_600f,0.03860418304232031,0.03493098063951484,R10CHINA+
MESSAGEix-GLOBIOM_1.1,EN_NPi2020_600f_COV,0.04398697083899751,0.036078340762311145,R10CHINA+
MESSAGEix-GLOBIOM_1.1,EN_NPi2020_600f_DR10p,0.0347691678957593,0.027047935634678673,R10CHINA+
MESSAGEix-GLOBIOM_1.1,EN_NPi2020_600f_DR1p,0.055883655801309925,0.059811691755311744,R10CHINA+
MESSAGEix-GLOBIOM_1.1,EN_NPi2020_600f_DR2p,0.049405205209408845,0.047723760112734284,R10CHINA+
MESSAGEix-GLOBIOM_1.1,EN_NPi2020_600f_DR3p,0.04834549025094344,0.04598500684457947,R10CHINA+
MESSAGEix-GLOBIOM_1.1,EN_NPi2020_600f_DR4p,0.03937204358581924,0.03452866686452603,R10CHINA+
MESSAGEix-GLOBIOM_1.1,EN_NPi2020_700,0.04382598498817829,0.046887089323774965,R10CHINA+
MESSAGEix-GLOBIOM_1.1,EN_NPi2020_700_COV,0.04473077830189461,0.0417566516738408,R10CHINA+
MESSAGEix-GLOBIOM_1.1,EN_NPi2020_700f,0.03871684450698536,0.035883872227310966,R10CHINA+
MESSAGEix-GLOBIOM_1.1,EN_NPi2020_700f_COV,0.04368063515222961,0.034650766851055906,R10CHINA+
MESSAGEix-GLOBIOM_1.1,NGFS2_Divergent Net Zero Policies,0.03505200293339708,0.04070824150922769,R10CHINA+
MESSAGEix-GLOBIOM_1.1,NGFS2_Net-Zero 2050,0.0334228479767005,0.0327774642684202,R10CHINA+
REMIND-MAgPIE 1.7-3.0,CD-LINKS_INDC2030i_1000,0.30220642530825476,0.2703543973448319,R10CHINA+
REMIND-MAgPIE 1.7-3.0,CD-LINKS_INDC2030i_400,0.32646290517152443,0.3000922800264973,R10CHINA+
REMIND-MAgPIE 1.7-3.0,CD-LINKS_NPi2020_1000,0.31519532288591445,0.2971033537486936,R10CHINA+
REMIND-MAgPIE 1.7-3.0,CD-LINKS_NPi2020_400,0.34543670382676334,0.3405353819039523,R10CHINA+
REMIND-MAgPIE 1.7-3.0,CO_2Deg2020,0.2975601649834992,0.26299591370185,R10CHINA+
REMIND-MAgPIE 1.7-3.0,CO_2Deg2030,0.28338225341697787,0.23362335902371714,R10CHINA+
REMIND-MAgPIE 1.7-3.0,CO_Bridge,0.27037357902473125,0.2310782577862626,R10CHINA+
REMIND-MAgPIE 1.7-3.0,PEP_1p5C_full_NDC,0.288493581427464,0.22587268875597866,R10CHINA+
REMIND-MAgPIE 1.7-3.0,PEP_1p5C_full_eff,0.3006122812903407,0.2636675220580345,R10CHINA+
REMIND-MAgPIE 1.7-3.0,PEP_1p5C_full_goodpractice,0.2835368162474626,0.229408194321748,R10CHINA+
REMIND-MAgPIE 1.7-3.0,PEP_1p5C_full_netzero,0.28760441148069305,0.24389059550166292,R10CHINA+
REMIND-MAgPIE 1.7-3.0,PEP_1p5C_red_eff,0.28327438034720603,0.18511253964390248,R10CHINA+
REMIND-MAgPIE 1.7-3.0,PEP_2C_full_NDC,0.28338225341697787,0.23362335902371714,R10CHINA+
REMIND-MAgPIE 1.7-3.0,PEP_2C_full_eff,0.2975601649834992,0.26299591370185,R10CHINA+
REMIND-MAgPIE 1.7-3.0,PEP_2C_full_goodpractice,0.2773015617540616,0.2313702925138417,R10CHINA+
REMIND-MAgPIE 1.7-3.0,PEP_2C_full_netzero,0.2813881006848926,0.2459213754414473,R10CHINA+
REMIND-MAgPIE 1.7-3.0,PEP_2C_red_NDC,0.2780770638775456,0.19212887146918883,R10CHINA+
REMIND-MAgPIE 1.7-3.0,PEP_2C_red_eff,0.29690614501617624,0.24747515028385275,R10CHINA+
REMIND-MAgPIE 1.7-3.0,PEP_2C_red_goodpractice,0.27652352381145845,0.2065630153003754,R10CHINA+
REMIND-MAgPIE 1.7-3.0,PEP_2C_red_netzero,0.2829599042739021,0.22504826305634815,R10CHINA+
REMIND-MAgPIE 2.1-4.2,CEMICS_SSP1-1p5C-fullCDR,0.10840037842232161,0.150672006117841,R10CHINA+
REMIND-MAgPIE 2.1-4.2,CEMICS_SSP1-1p5C-minCDR,0.12296911274370775,0.17544504063351313,R10CHINA+
REMIND-MAgPIE 2.1-4.2,CEMICS_SSP2-1p5C-fullCDR,0.20206412956839895,0.21575850901948024,R10CHINA+
REMIND-MAgPIE 2.1-4.2,CEMICS_SSP2-1p5C-minCDR,0.2347860867290318,0.2560175195142867,R10CHINA+
REMIND-MAgPIE 2.1-4.2,EN_INDCi2030_300f,0.1871317143435023,0.13941084154872446,R10CHINA+
REMIND-MAgPIE 2.1-4.2,EN_INDCi2030_400f,0.18516777334373474,0.14080190737662046,R10CHINA+
REMIND-MAgPIE 2.1-4.2,EN_INDCi2030_500f,0.182855944077332,0.1415125730625244,R10CHINA+
REMIND-MAgPIE 2.1-4.2,EN_INDCi2030_600_COV,0.18089594032049933,0.18087497027621435,R10CHINA+
REMIND-MAgPIE 2.1-4.2,EN_INDCi2030_600_COV_NDCp,0.17615958789462816,0.17497104185538345,R10CHINA+
REMIND-MAgPIE 2.1-4.2,EN_INDCi2030_600f,0.17837165025703727,0.13999431797208436,R10CHINA+
REMIND-MAgPIE 2.1-4.2,EN_INDCi2030_600f_COV,0.16153908217685248,0.13054395514304928,R10CHINA+
REMIND-MAgPIE 2.1-4.2,EN_INDCi2030_600f_COV_NDCp,0.1609133888830706,0.12975221698218728,R10CHINA+
REMIND-MAgPIE 2.1-4.2,EN_INDCi2030_600f_NDCp,0.17847305011999998,0.14005141686400907,R10CHINA+
REMIND-MAgPIE 2.1-4.2,EN_NPi2020_200f,0.20905044188133182,0.1842267822768588,R10CHINA+
REMIND-MAgPIE 2.1-4.2,EN_NPi2020_300f,0.20516325785046235,0.18223213656353687,R10CHINA+
REMIND-MAgPIE 2.1-4.2,EN_NPi2020_400,0.19396142244520406,0.2107635526342521,R10CHINA+
REMIND-MAgPIE 2.1-4.2,EN_NPi2020_400f,0.20024088601634785,0.18151110468581633,R10CHINA+
REMIND-MAgPIE 2.1-4.2,EN_NPi2020_500,0.1845792728193734,0.18870127833521377,R10CHINA+
REMIND-MAgPIE 2.1-4.2,EN_NPi2020_500f,0.19940869298603422,0.18034376095409502,R10CHINA+
REMIND-MAgPIE 2.1-4.2,EN_NPi2020_600,0.1825262698989731,0.1850586824071648,R10CHINA+
REMIND-MAgPIE 2.1-4.2,EN_NPi2020_600_COV,0.1783060616064804,0.17598678214041819,R10CHINA+
REMIND-MAgPIE 2.1-4.2,EN_NPi2020_600f,0.19623527152893952,0.17695264078937747,R10CHINA+
REMIND-MAgPIE 2.1-4.2,EN_NPi2020_600f_COV,0.18014849421870832,0.16827569512683857,R10CHINA+
REMIND-MAgPIE 2.1-4.2,SusDev_SDP-PkBudg1000,0.07293018237088615,0.10819685981856071,R10CHINA+
REMIND-MAgPIE 2.1-4.2,SusDev_SSP1-PkBudg900,0.09896493363443853,0.12821697516670208,R10CHINA+
REMIND-MAgPIE 2.1-4.2,SusDev_SSP2-PkBudg900,0.18513881058362178,0.18067096397384896,R10CHINA+
REMIND-MAgPIE 2.1-4.3,DeepElec_SSP2_ HighRE_Budg900,0.13563079936264077,0.14483262430143853,R10CHINA+
REMIND-MAgPIE 2.1-4.3,DeepElec_SSP2_def_Budg1100,0.15315947086113527,0.16637195066630273,R10CHINA+
REMIND-MAgPIE 2.1-4.3,DeepElec_SSP2_def_Budg900,0.1530386160402988,0.16721916943257692,R10CHINA+
WITCH 5.0,EN_INDCi2030_500f,0.08158985587418921,0.05546432765897021,R10CHINA+
WITCH 5.0,EN_NPi2020_400f,0.07629029669448814,0.04942830802567994,R10CHINA+
WITCH 5.0,EN_NPi2020_450,0.07662554125187353,0.05382311096404899,R10CHINA+
WITCH 5.0,EN_NPi2020_450f,0.0762607292990131,0.050157430437049615,R10CHINA+
WITCH 5.0,EN_NPi2020_500,0.08013832529086296,0.05306479901060549,R10CHINA+
WITCH 5.0,EN_NPi2020_500f,0.0757025651639125,0.049725192502707675,R10CHINA+
IMAGE 3.2,SSP1_SPA1_19I_D,0.1111895003240144,0.14413575322904584,R10MIDDLE_EAST
IMAGE 3.2,SSP1_SPA1_19I_D_LB,0.1225821898943827,0.1596735211489965,R10MIDDLE_EAST
IMAGE 3.2,SSP1_SPA1_19I_LI,0.11231509119237697,0.13597740374058115,R10MIDDLE_EAST
IMAGE 3.2,SSP1_SPA1_19I_LIRE,0.26719212465961567,0.14966418598582149,R10MIDDLE_EAST
IMAGE 3.2,SSP1_SPA1_19I_LIRE_LB,0.2685612291986527,0.17507290729068822,R10MIDDLE_EAST
IMAGE 3.2,SSP1_SPA1_19I_RE,0.22293708003785304,0.1679527604649363,R10MIDDLE_EAST
IMAGE 3.2,SSP1_SPA1_19I_RE_LB,0.23778122748023617,0.19399321562962474,R10MIDDLE_EAST
IMAGE 3.2,SSP2_SPA1_19I_D_LB,0.1440472947211649,0.14298826322561375,R10MIDDLE_EAST
IMAGE 3.2,SSP2_SPA1_19I_LIRE_LB,0.26100799734841124,0.1713010996889693,R10MIDDLE_EAST
IMAGE 3.2,SSP2_SPA1_19I_RE_LB,0.2782280206337257,0.18390146192357565,R10MIDDLE_EAST
IMAGE 3.2,SSP2_SPA2_19I_D,0.1305700634357535,0.14316499938700014,R10MIDDLE_EAST
IMAGE 3.2,SSP2_SPA2_19I_LI,0.12056149617231866,0.13569803058811292,R10MIDDLE_EAST
IMAGE 3.2,SSP2_SPA2_19I_LIRE,0.27382624809208966,0.17663279144032665,R10MIDDLE_EAST
IMAGE 3.2,SSP2_SPA2_19I_RE,0.2596095630453415,0.17716630073791972,R10MIDDLE_EAST
MESSAGEix-GLOBIOM_1.1,EN_INDCi2030_600f_COV,0.07224548818917255,0.07490669333150339,R10MIDDLE_EAST
MESSAGEix-GLOBIOM_1.1,EN_INDCi2030_600f_COV_NDCp,0.07128133572646224,0.07184617345478445,R10MIDDLE_EAST
MESSAGEix-GLOBIOM_1.1,EN_INDCi2030_700f,0.055019261040898076,0.04967413595481215,R10MIDDLE_EAST
MESSAGEix-GLOBIOM_1.1,EN_INDCi2030_700f_COV,0.07825904672826199,0.07715872986744651,R10MIDDLE_EAST
MESSAGEix-GLOBIOM_1.1,EN_INDCi2030_700f_COV_NDCp,0.07624252523545144,0.0730557673887098,R10MIDDLE_EAST
MESSAGEix-GLOBIOM_1.1,EN_INDCi2030_700f_NDCp,0.05450150161555024,0.0482752428057228,R10MIDDLE_EAST
MESSAGEix-GLOBIOM_1.1,EN_NPi2020_200f,0.05767780957956814,0.0559750298085016,R10MIDDLE_EAST
MESSAGEix-GLOBIOM_1.1,EN_NPi2020_300f,0.060579618716262294,0.0595771733901626,R10MIDDLE_EAST
MESSAGEix-GLOBIOM_1.1,EN_NPi2020_400f,0.05737466872315479,0.052033159441968416,R10MIDDLE_EAST
MESSAGEix-GLOBIOM_1.1,EN_NPi2020_450,0.06354442606179338,0.06317846024350347,R10MIDDLE_EAST
MESSAGEix-GLOBIOM_1.1,EN_NPi2020_450f,0.05753743194764793,0.05205488277980133,R10MIDDLE_EAST
MESSAGEix-GLOBIOM_1.1,EN_NPi2020_500,0.06214148151414109,0.06021675718033525,R10MIDDLE_EAST
MESSAGEix-GLOBIOM_1.1,EN_NPi2020_500f,0.056750281017741225,0.053782976280324614,R10MIDDLE_EAST
MESSAGEix-GLOBIOM_1.1,EN_NPi2020_600,0.06019807068886218,0.05521718001417855,R10MIDDLE_EAST
MESSAGEix-GLOBIOM_1.1,EN_NPi2020_600_COV,0.08323817644550446,0.08088188600713893,R10MIDDLE_EAST
MESSAGEix-GLOBIOM_1.1,EN_NPi2020_600_DR10p,0.06344673879284378,0.05892186313902536,R10MIDDLE_EAST
MESSAGEix-GLOBIOM_1.1,EN_NPi2020_600_DR1p,0.06422828338703256,0.06059249543069179,R10MIDDLE_EAST
MESSAGEix-GLOBIOM_1.1,EN_NPi2020_600_DR2p,0.06055076191254172,0.058872132645177905,R10MIDDLE_EAST
MESSAGEix-GLOBIOM_1.1,EN_NPi2020_600_DR3p,0.059422095946702606,0.0562225678494224,R10MIDDLE_EAST
MESSAGEix-GLOBIOM_1.1,EN_NPi2020_600_DR4p,0.06188588676525253,0.059661732117633134,R10MIDDLE_EAST
MESSAGEix-GLOBIOM_1.1,EN_NPi2020_600f,0.05739006441615631,0.053535381842340135,R10MIDDLE_EAST
MESSAGEix-GLOBIOM_1.1,EN_NPi2020_600f_COV,0.08082165418706473,0.07653106912323622,R10MIDDLE_EAST
MESSAGEix-GLOBIOM_1.1,EN_NPi2020_600f_DR10p,0.06541566216512106,0.06183476421201166,R10MIDDLE_EAST
MESSAGEix-GLOBIOM_1.1,EN_NPi2020_600f_DR1p,0.06319553966722698,0.054129619513446796,R10MIDDLE_EAST
MESSAGEix-GLOBIOM_1.1,EN_NPi2020_600f_DR2p,0.0634536132467605,0.052817793066881544,R10MIDDLE_EAST
MESSAGEix-GLOBIOM_1.1,EN_NPi2020_600f_DR3p,0.062455864808759656,0.051648253566839865,R10MIDDLE_EAST
MESSAGEix-GLOBIOM_1.1,EN_NPi2020_600f_DR4p,0.058519970312649536,0.05128536432448029,R10MIDDLE_EAST
MESSAGEix-GLOBIOM_1.1,EN_NPi2020_700,0.05970100211142657,0.055136201441290424,R10MIDDLE_EAST
MESSAGEix-GLOBIOM_1.1,EN_NPi2020_700_COV,0.0774317692381629,0.07278015896904927,R10MIDDLE_EAST
MESSAGEix-GLOBIOM_1.1,EN_NPi2020_700f,0.056255393896583634,0.05035809109660011,R10MIDDLE_EAST
MESSAGEix-GLOBIOM_1.1,EN_NPi2020_700f_COV,0.08129660386671848,0.07762131500634054,R10MIDDLE_EAST
MESSAGEix-GLOBIOM_1.1,NGFS2_Divergent Net Zero Policies,0.06611432992304773,0.06470236586203851,R10MIDDLE_EAST
MESSAGEix-GLOBIOM_1.1,NGFS2_Net-Zero 2050,0.0668434475217123,0.06234922907256409,R10MIDDLE_EAST
REMIND-MAgPIE 1.7-3.0,CD-LINKS_INDC2030i_1000,0.09490912445437764,0.05201939405710525,R10MIDDLE_EAST
REMIND-MAgPIE 1.7-3.0,CD-LINKS_INDC2030i_400,0.12009394441436622,0.08197684576578868,R10MIDDLE_EAST
REMIND-MAgPIE 1.7-3.0,CD-LINKS_NPi2020_1000,0.09654256812997222,0.06187108607805364,R10MIDDLE_EAST
REMIND-MAgPIE 1.7-3.0,CD-LINKS_NPi2020_400,0.11255961395630902,0.0757760382524193,R10MIDDLE_EAST
REMIND-MAgPIE 1.7-3.0,CO_2Deg2020,0.08773693938005515,0.05451034097521414,R10MIDDLE_EAST
REMIND-MAgPIE 1.7-3.0,CO_2Deg2030,0.09288251058218551,0.052350232823255446,R10MIDDLE_EAST
REMIND-MAgPIE 1.7-3.0,CO_Bridge,0.08615043556476831,0.05215268537508664,R10MIDDLE_EAST
REMIND-MAgPIE 1.7-3.0,PEP_1p5C_full_NDC,0.11770813871463008,0.08257886662157177,R10MIDDLE_EAST
REMIND-MAgPIE 1.7-3.0,PEP_1p5C_full_eff,0.1071513409757278,0.0669472399915813,R10MIDDLE_EAST
REMIND-MAgPIE 1.7-3.0,PEP_1p5C_full_goodpractice,0.11634342468952327,0.08094477588569206,R10MIDDLE_EAST
REMIND-MAgPIE 1.7-3.0,PEP_1p5C_full_netzero,0.1134691276928904,0.07610200550577935,R10MIDDLE_EAST
REMIND-MAgPIE 1.7-3.0,PEP_1p5C_red_eff,0.1477703834616603,0.11052545138637425,R10MIDDLE_EAST
REMIND-MAgPIE 1.7-3.0,PEP_2C_full_NDC,0.09288251058218551,0.05235023282325542,R10MIDDLE_EAST
REMIND-MAgPIE 1.7-3.0,PEP_2C_full_eff,0.08773693938005515,0.05451034097521414,R10MIDDLE_EAST
REMIND-MAgPIE 1.7-3.0,PEP_2C_full_goodpractice,0.08968796341885668,0.0508219238525908,R10MIDDLE_EAST
REMIND-MAgPIE 1.7-3.0,PEP_2C_full_netzero,0.08457519174645728,0.048740375862980204,R10MIDDLE_EAST
REMIND-MAgPIE 1.7-3.0,PEP_2C_red_NDC,0.1241719530673445,0.0867515896293694,R10MIDDLE_EAST
REMIND-MAgPIE 1.7-3.0,PEP_2C_red_eff,0.09751739279638985,0.06161640241675482,R10MIDDLE_EAST
REMIND-MAgPIE 1.7-3.0,PEP_2C_red_goodpractice,0.11683914509761033,0.08468505158213711,R10MIDDLE_EAST
REMIND-MAgPIE 1.7-3.0,PEP_2C_red_netzero,0.11153148032678417,0.07931980080012371,R10MIDDLE_EAST
REMIND-MAgPIE 2.1-4.2,CEMICS_SSP1-1p5C-fullCDR,0.04546715681970403,0.057379635040248865,R10MIDDLE_EAST
REMIND-MAgPIE 2.1-4.2,CEMICS_SSP1-1p5C-minCDR,0.059272280173403726,0.07408206552482688,R10MIDDLE_EAST
REMIND-MAgPIE 2.1-4.2,CEMICS_SSP2-1p5C-fullCDR,0.12567656300859947,0.12117558764164657,R10MIDDLE_EAST
REMIND-MAgPIE 2.1-4.2,CEMICS_SSP2-1p5C-minCDR,0.15188185646558622,0.134255338788671,R10MIDDLE_EAST
REMIND-MAgPIE 2.1-4.2,EN_INDCi2030_300f,0.17008546746258593,0.09999081068238719,R10MIDDLE_EAST
REMIND-MAgPIE 2.1-4.2,EN_INDCi2030_400f,0.1584987597699008,0.0947709911407858,R10MIDDLE_EAST
REMIND-MAgPIE 2.1-4.2,EN_INDCi2030_500f,0.14767136280462811,0.0863985817367621,R10MIDDLE_EAST
REMIND-MAgPIE 2.1-4.2,EN_INDCi2030_600_COV,0.17549683410357148,0.20705226007437408,R10MIDDLE_EAST
REMIND-MAgPIE 2.1-4.2,EN_INDCi2030_600_COV_NDCp,0.16774408942406493,0.19345637652549566,R10MIDDLE_EAST
REMIND-MAgPIE 2.1-4.2,EN_INDCi2030_600f,0.1441749779897553,0.08191130166031207,R10MIDDLE_EAST
REMIND-MAgPIE 2.1-4.2,EN_INDCi2030_600f_COV,0.1354628680668842,0.08536824380871381,R10MIDDLE_EAST
REMIND-MAgPIE 2.1-4.2,EN_INDCi2030_600f_COV_NDCp,0.13440881044602962,0.0851203523836473,R10MIDDLE_EAST
REMIND-MAgPIE 2.1-4.2,EN_INDCi2030_600f_NDCp,0.14408172738008,0.0818859573845553,R10MIDDLE_EAST
REMIND-MAgPIE 2.1-4.2,EN_NPi2020_200f,0.18593592800630704,0.13790659701927352,R10MIDDLE_EAST
REMIND-MAgPIE 2.1-4.2,EN_NPi2020_300f,0.17234220829883903,0.12554682705589754,R10MIDDLE_EAST
REMIND-MAgPIE 2.1-4.2,EN_NPi2020_400,0.17381257462053648,0.183501373218203,R10MIDDLE_EAST
REMIND-MAgPIE 2.1-4.2,EN_NPi2020_400f,0.16225829435831549,0.1101963191289834,R10MIDDLE_EAST
REMIND-MAgPIE 2.1-4.2,EN_NPi2020_500,0.16101037697991488,0.15962520898134394,R10MIDDLE_EAST
REMIND-MAgPIE 2.1-4.2,EN_NPi2020_500f,0.15275606526177543,0.10190495925228191,R10MIDDLE_EAST
REMIND-MAgPIE 2.1-4.2,EN_NPi2020_600,0.1520575709690865,0.14061871295042033,R10MIDDLE_EAST
REMIND-MAgPIE 2.1-4.2,EN_NPi2020_600_COV,0.13272289643012755,0.12578954661137787,R10MIDDLE_EAST
REMIND-MAgPIE 2.1-4.2,EN_NPi2020_600f,0.1398208954107383,0.08909588857086362,R10MIDDLE_EAST
REMIND-MAgPIE 2.1-4.2,EN_NPi2020_600f_COV,0.11885197319246414,0.08734905510931278,R10MIDDLE_EAST
REMIND-MAgPIE 2.1-4.2,SusDev_SDP-PkBudg1000,0.0274186397570801,0.03351100901599307,R10MIDDLE_EAST
REMIND-MAgPIE 2.1-4.2,SusDev_SSP1-PkBudg900,0.06463893685215256,0.0838333999409471,R10MIDDLE_EAST
REMIND-MAgPIE 2.1-4.2,SusDev_SSP2-PkBudg900,0.13731454843847196,0.1301646722453975,R10MIDDLE_EAST
REMIND-MAgPIE 2.1-4.3,DeepElec_SSP2_ HighRE_Budg900,0.1163687207602371,0.11543040515907159,R10MIDDLE_EAST
REMIND-MAgPIE 2.1-4.3,DeepElec_SSP2_def_Budg1100,0.07144202597478042,0.05762448022710095,R10MIDDLE_EAST
REMIND-MAgPIE 2.1-4.3,DeepElec_SSP2_def_Budg900,0.0995033038689566,0.0929870519557426,R10MIDDLE_EAST
WITCH 5.0,EN_INDCi2030_500f,0.08537774799136388,0.08403594630609859,R10MIDDLE_EAST
WITCH 5.0,EN_NPi2020_400f,0.08162740314738898,0.07760091513832103,R10MIDDLE_EAST
WITCH 5.0,EN_NPi2020_450,0.07272576666152582,0.06005204918450966,R10MIDDLE_EAST
WITCH 5.0,EN_NPi2020_450f,0.08304180214691476,0.0804437426441128,R10MIDDLE_EAST
WITCH 5.0,EN_NPi2020_500,0.084744739442403,0.07325494299198208,R10MIDDLE_EAST
WITCH 5.0,EN_NPi2020_500f,0.08511451039402403,0.08434122741526763,R10MIDDLE_EAST
IMAGE 3.2,SSP1_SPA1_19I_D,0.0836984015336631,0.08134204473432534,R10EUROPE
IMAGE 3.2,SSP1_SPA1_19I_D_LB,0.09228755389179703,0.10930820439364479,R10EUROPE
IMAGE 3.2,SSP1_SPA1_19I_LI,0.06946116483032899,0.07111061723435552,R10EUROPE
IMAGE 3.2,SSP1_SPA1_19I_LIRE,0.0945280611853137,0.09185605353862211,R10EUROPE
IMAGE 3.2,SSP1_SPA1_19I_LIRE_LB,0.11307422667587137,0.12273305473913687,R10EUROPE
IMAGE 3.2,SSP1_SPA1_19I_RE,0.09244682982633654,0.10602892162113825,R10EUROPE
IMAGE 3.2,SSP1_SPA1_19I_RE_LB,0.11737283222690113,0.14869664301514032,R10EUROPE
IMAGE 3.2,SSP2_SPA1_19I_D_LB,0.0841365562500504,0.08453201798703262,R10EUROPE
IMAGE 3.2,SSP2_SPA1_19I_LIRE_LB,0.11091016219761785,0.11887162008325218,R10EUROPE
IMAGE 3.2,SSP2_SPA1_19I_RE_LB,0.12651752755496248,0.13279313806789828,R10EUROPE
IMAGE 3.2,SSP2_SPA2_19I_D,0.08731011742771638,0.0785784130366716,R10EUROPE
IMAGE 3.2,SSP2_SPA2_19I_LI,0.07102266855765241,0.07500087777745368,R10EUROPE
IMAGE 3.2,SSP2_SPA2_19I_LIRE,0.1320098142361139,0.13056351972149208,R10EUROPE
IMAGE 3.2,SSP2_SPA2_19I_RE,0.1329954911505204,0.14260394617638647,R10EUROPE
MESSAGEix-GLOBIOM_1.1,EN_INDCi2030_600f_COV,0.15918655550629157,0.12969678107188332,R10EUROPE
MESSAGEix-GLOBIOM_1.1,EN_INDCi2030_600f_COV_NDCp,0.16839940915809273,0.14105945459466027,R10EUROPE
MESSAGEix-GLOBIOM_1.1,EN_INDCi2030_700f,0.1466121248086303,0.11827050493094048,R10EUROPE
MESSAGEix-GLOBIOM_1.1,EN_INDCi2030_700f_COV,0.1577212368978174,0.11878169217139459,R10EUROPE
MESSAGEix-GLOBIOM_1.1,EN_INDCi2030_700f_COV_NDCp,0.1662036520871117,0.12660691225743553,R10EUROPE
MESSAGEix-GLOBIOM_1.1,EN_INDCi2030_700f_NDCp,0.152404370171449,0.1237464402669749,R10EUROPE
MESSAGEix-GLOBIOM_1.1,EN_NPi2020_200f,0.15881265280806717,0.14246992843352496,R10EUROPE
MESSAGEix-GLOBIOM_1.1,EN_NPi2020_300f,0.14608218751034202,0.11499635535667585,R10EUROPE
MESSAGEix-GLOBIOM_1.1,EN_NPi2020_400f,0.14387669554818755,0.11121933641598734,R10EUROPE
MESSAGEix-GLOBIOM_1.1,EN_NPi2020_450,0.16667508496456054,0.15895248863332545,R10EUROPE
MESSAGEix-GLOBIOM_1.1,EN_NPi2020_450f,0.14728542026451355,0.1191147343871313,R10EUROPE
MESSAGEix-GLOBIOM_1.1,EN_NPi2020_500,0.16170016833790296,0.15599431266260094,R10EUROPE
MESSAGEix-GLOBIOM_1.1,EN_NPi2020_500f,0.14932658773910945,0.1190308887802326,R10EUROPE
MESSAGEix-GLOBIOM_1.1,EN_NPi2020_600,0.1572755353367915,0.14226298782221636,R10EUROPE
MESSAGEix-GLOBIOM_1.1,EN_NPi2020_600_COV,0.16587367199917927,0.13644600783608654,R10EUROPE
MESSAGEix-GLOBIOM_1.1,EN_NPi2020_600_DR10p,0.1459106558380432,0.13030249653239975,R10EUROPE
MESSAGEix-GLOBIOM_1.1,EN_NPi2020_600_DR1p,0.16562906299832972,0.1552738964608156,R10EUROPE
MESSAGEix-GLOBIOM_1.1,EN_NPi2020_600_DR2p,0.1624258420601323,0.15104610131265644,R10EUROPE
MESSAGEix-GLOBIOM_1.1,EN_NPi2020_600_DR3p,0.1533414365285011,0.13696911537606127,R10EUROPE
MESSAGEix-GLOBIOM_1.1,EN_NPi2020_600_DR4p,0.1533099614902481,0.13459514193512606,R10EUROPE
MESSAGEix-GLOBIOM_1.1,EN_NPi2020_600f,0.15073760339544012,0.12092288472369235,R10EUROPE
MESSAGEix-GLOBIOM_1.1,EN_NPi2020_600f_COV,0.1593911107604985,0.1160526018016,R10EUROPE
MESSAGEix-GLOBIOM_1.1,EN_NPi2020_600f_DR10p,0.1315266781468712,0.09700668660461435,R10EUROPE
MESSAGEix-GLOBIOM_1.1,EN_NPi2020_600f_DR1p,0.1594486881903151,0.13490260789086772,R10EUROPE
MESSAGEix-GLOBIOM_1.1,EN_NPi2020_600f_DR2p,0.15028185037561964,0.12014729999045977,R10EUROPE
MESSAGEix-GLOBIOM_1.1,EN_NPi2020_600f_DR3p,0.15046531261316407,0.12006613878174856,R10EUROPE
MESSAGEix-GLOBIOM_1.1,EN_NPi2020_600f_DR4p,0.1482260462624548,0.11807943517742639,R10EUROPE
MESSAGEix-GLOBIOM_1.1,EN_NPi2020_700,0.13936980842312607,0.10837894164581068,R10EUROPE
MESSAGEix-GLOBIOM_1.1,EN_NPi2020_700_COV,0.15836700302702308,0.12162889924473781,R10EUROPE
MESSAGEix-GLOBIOM_1.1,EN_NPi2020_700f,0.1436896885808413,0.10749030332228493,R10EUROPE
MESSAGEix-GLOBIOM_1.1,EN_NPi2020_700f_COV,0.15375921462460726,0.10563697137502669,R10EUROPE
MESSAGEix-GLOBIOM_1.1,NGFS2_Divergent Net Zero Policies,0.1407314933070031,0.11927042494964687,R10EUROPE
MESSAGEix-GLOBIOM_1.1,NGFS2_Net-Zero 2050,0.1473046433184218,0.12119021121699514,R10EUROPE
REMIND-MAgPIE 1.7-3.0,CD-LINKS_INDC2030i_1000,0.2332860110925935,0.18629275513258567,R10EUROPE
REMIND-MAgPIE 1.7-3.0,CD-LINKS_INDC2030i_400,0.2759996157527164,0.2192294929796404,R10EUROPE
REMIND-MAgPIE 1.7-3.0,CD-LINKS_NPi2020_1000,0.23050906361100676,0.18698614206443018,R10EUROPE
REMIND-MAgPIE 1.7-3.0,CD-LINKS_NPi2020_400,0.25311180908503655,0.20444888305369327,R10EUROPE
REMIND-MAgPIE 1.7-3.0,CO_2Deg2020,0.21882192702165976,0.1702500612693315,R10EUROPE
REMIND-MAgPIE 1.7-3.0,CO_2Deg2030,0.22610755427971757,0.17397248583294703,R10EUROPE
REMIND-MAgPIE 1.7-3.0,CO_Bridge,0.2104741484290276,0.16478816228806106,R10EUROPE
REMIND-MAgPIE 1.7-3.0,PEP_1p5C_full_NDC,0.26906466998756884,0.21049937585721562,R10EUROPE
REMIND-MAgPIE 1.7-3.0,PEP_1p5C_full_eff,0.24773931050998863,0.19445002274113268,R10EUROPE
REMIND-MAgPIE 1.7-3.0,PEP_1p5C_full_goodpractice,0.2534375870512341,0.2006430095993952,R10EUROPE
REMIND-MAgPIE 1.7-3.0,PEP_1p5C_full_netzero,0.23049589143797983,0.18098165501869698,R10EUROPE
REMIND-MAgPIE 1.7-3.0,PEP_1p5C_red_eff,0.29805057824872716,0.24963358829624643,R10EUROPE
REMIND-MAgPIE 1.7-3.0,PEP_2C_full_NDC,0.22610755427971757,0.17397248583294703,R10EUROPE
REMIND-MAgPIE 1.7-3.0,PEP_2C_full_eff,0.21882192702165976,0.1702500612693315,R10EUROPE
REMIND-MAgPIE 1.7-3.0,PEP_2C_full_goodpractice,0.20479531271230825,0.1598329649507307,R10EUROPE
REMIND-MAgPIE 1.7-3.0,PEP_2C_full_netzero,0.18786271722784262,0.1479125288850773,R10EUROPE
REMIND-MAgPIE 1.7-3.0,PEP_2C_red_NDC,0.27390865087963584,0.2194676593496828,R10EUROPE
REMIND-MAgPIE 1.7-3.0,PEP_2C_red_eff,0.24210559065424028,0.1912702520805851,R10EUROPE
REMIND-MAgPIE 1.7-3.0,PEP_2C_red_goodpractice,0.2529262465770844,0.20633188288956958,R10EUROPE
REMIND-MAgPIE 1.7-3.0,PEP_2C_red_netzero,0.2317223165072436,0.19003464448230173,R10EUROPE
REMIND-MAgPIE 2.1-4.2,CEMICS_SSP1-1p5C-fullCDR,0.08146425852111497,0.09304574195260769,R10EUROPE
REMIND-MAgPIE 2.1-4.2,CEMICS_SSP1-1p5C-minCDR,0.08789419137720678,0.10115521410047201,R10EUROPE
REMIND-MAgPIE 2.1-4.2,CEMICS_SSP2-1p5C-fullCDR,0.17759066531482018,0.16995508446372418,R10EUROPE
REMIND-MAgPIE 2.1-4.2,CEMICS_SSP2-1p5C-minCDR,0.19843987069418856,0.18315449477021278,R10EUROPE
REMIND-MAgPIE 2.1-4.2,EN_INDCi2030_300f,0.20341931204645494,0.15994904307633165,R10EUROPE
REMIND-MAgPIE 2.1-4.2,EN_INDCi2030_400f,0.20116644822689767,0.15870429017413146,R10EUROPE
REMIND-MAgPIE 2.1-4.2,EN_INDCi2030_500f,0.19689499901338306,0.15740472133287425,R10EUROPE
REMIND-MAgPIE 2.1-4.2,EN_INDCi2030_600_COV,0.16845435249008797,0.15528509131867843,R10EUROPE
REMIND-MAgPIE 2.1-4.2,EN_INDCi2030_600_COV_NDCp,0.1741695639947406,0.1677764912083798,R10EUROPE
REMIND-MAgPIE 2.1-4.2,EN_INDCi2030_600f,0.19205314856466943,0.15424442013460574,R10EUROPE
REMIND-MAgPIE 2.1-4.2,EN_INDCi2030_600f_COV,0.16991089044861546,0.1483240655955308,R10EUROPE
REMIND-MAgPIE 2.1-4.2,EN_INDCi2030_600f_COV_NDCp,0.18194706805932626,0.16778091554857189,R10EUROPE
REMIND-MAgPIE 2.1-4.2,EN_INDCi2030_600f_NDCp,0.1981272427173276,0.1687188416968006,R10EUROPE
REMIND-MAgPIE 2.1-4.2,EN_NPi2020_200f,0.20879190982857873,0.17275905606140451,R10EUROPE
REMIND-MAgPIE 2.1-4.2,EN_NPi2020_300f,0.2059766236737151,0.16990409485631375,R10EUROPE
REMIND-MAgPIE 2.1-4.2,EN_NPi2020_400,0.20130389776658325,0.20504408460837348,R10EUROPE
REMIND-MAgPIE 2.1-4.2,EN_NPi2020_400f,0.20039583530920485,0.1687256424859112,R10EUROPE
REMIND-MAgPIE 2.1-4.2,EN_NPi2020_500,0.18267063094666244,0.17573737402627124,R10EUROPE
REMIND-MAgPIE 2.1-4.2,EN_NPi2020_500f,0.19683878333047497,0.16663656837625895,R10EUROPE
REMIND-MAgPIE 2.1-4.2,EN_NPi2020_600,0.17940193579346334,0.1701369417229069,R10EUROPE
REMIND-MAgPIE 2.1-4.2,EN_NPi2020_600_COV,0.16778446157321575,0.1646248249316182,R10EUROPE
REMIND-MAgPIE 2.1-4.2,EN_NPi2020_600f,0.19331923040759164,0.16405352878556587,R10EUROPE
REMIND-MAgPIE 2.1-4.2,EN_NPi2020_600f_COV,0.17019259248753116,0.15225762177882426,R10EUROPE
REMIND-MAgPIE 2.1-4.2,SusDev_SDP-PkBudg1000,0.05877673698128607,0.06805618213872786,R10EUROPE
REMIND-MAgPIE 2.1-4.2,SusDev_SSP1-PkBudg900,0.0908513952285617,0.10247737997772126,R10EUROPE
REMIND-MAgPIE 2.1-4.2,SusDev_SSP2-PkBudg900,0.18759902668524697,0.1789487571467019,R10EUROPE
REMIND-MAgPIE 2.1-4.3,DeepElec_SSP2_ HighRE_Budg900,0.15013377939376824,0.1667398632969541,R10EUROPE
REMIND-MAgPIE 2.1-4.3,DeepElec_SSP2_def_Budg1100,0.1273084554581551,0.12569353683575957,R10EUROPE
REMIND-MAgPIE 2.1-4.3,DeepElec_SSP2_def_Budg900,0.1386455702646245,0.13849258224940852,R10EUROPE
WITCH 5.0,EN_INDCi2030_500f,0.11503231300858562,0.11405479127125014,R10EUROPE
WITCH 5.0,EN_NPi2020_400f,0.10816188534750168,0.1083962413668062,R10EUROPE
WITCH 5.0,EN_NPi2020_450,0.1050774327169353,0.10486825638063592,R10EUROPE
WITCH 5.0,EN_NPi2020_450f,0.10757324032644118,0.10849380179409786,R10EUROPE
WITCH 5.0,EN_NPi2020_500,0.11009812916612587,0.1062962188399397,R10EUROPE
WITCH 5.0,EN_NPi2020_500f,0.10768403957058673,0.10826656805883388,R10EUROPE
IMAGE 3.2,SSP1_SPA1_19I_D,0.17753144982733476,0.21571930579565718,R10REST_ASIA
IMAGE 3.2,SSP1_SPA1_19I_D_LB,0.20607861029689853,0.27573550577588496,R10REST_ASIA
IMAGE 3.2,SSP1_SPA1_19I_LI,0.15691474501302455,0.20095670050640813,R10REST_ASIA
IMAGE 3.2,SSP1_SPA1_19I_LIRE,0.2731265314205898,0.2688873926190882,R10REST_ASIA
IMAGE 3.2,SSP1_SPA1_19I_LIRE_LB,0.30399462336210864,0.35417146477631817,R10REST_ASIA
IMAGE 3.2,SSP1_SPA1_19I_RE,0.23892799530634637,0.27522627811684336,R10REST_ASIA
IMAGE 3.2,SSP1_SPA1_19I_RE_LB,0.27637164211958715,0.3500730823342728,R10REST_ASIA
IMAGE 3.2,SSP2_SPA1_19I_D_LB,0.22115856622657343,0.24176737247637314,R10REST_ASIA
IMAGE 3.2,SSP2_SPA1_19I_LIRE_LB,0.30119816036734004,0.34485312424834996,R10REST_ASIA
IMAGE 3.2,SSP2_SPA1_19I_RE_LB,0.33588168803302676,0.37041398207020965,R10REST_ASIA
IMAGE 3.2,SSP2_SPA2_19I_D,0.22290173958107456,0.23085167502521395,R10REST_ASIA
IMAGE 3.2,SSP2_SPA2_19I_LI,0.19959156327430339,0.2266872172539512,R10REST_ASIA
IMAGE 3.2,SSP2_SPA2_19I_LIRE,0.35909076186011946,0.3275253944613435,R10REST_ASIA
IMAGE 3.2,SSP2_SPA2_19I_RE,0.3715444080647456,0.32065720241284973,R10REST_ASIA
MESSAGEix-GLOBIOM_1.1,EN_INDCi2030_600f_COV,0.10304900358472872,0.06964884275588215,R10REST_ASIA
MESSAGEix-GLOBIOM_1.1,EN_INDCi2030_600f_COV_NDCp,0.10289141727557756,0.06929146474457207,R10REST_ASIA
MESSAGEix-GLOBIOM_1.1,EN_INDCi2030_700f,0.08912918915517339,0.05766387657141427,R10REST_ASIA
MESSAGEix-GLOBIOM_1.1,EN_INDCi2030_700f_COV,0.09870999737152808,0.06076683176347248,R10REST_ASIA
MESSAGEix-GLOBIOM_1.1,EN_INDCi2030_700f_COV_NDCp,0.09711675170502954,0.05975560044366642,R10REST_ASIA
MESSAGEix-GLOBIOM_1.1,EN_INDCi2030_700f_NDCp,0.0864057737928834,0.05393589153028361,R10REST_ASIA
MESSAGEix-GLOBIOM_1.1,EN_NPi2020_200f,0.0975246931749957,0.08627681906639792,R10REST_ASIA
MESSAGEix-GLOBIOM_1.1,EN_NPi2020_300f,0.09595113026179108,0.07894500251080427,R10REST_ASIA
MESSAGEix-GLOBIOM_1.1,EN_NPi2020_400f,0.09394990161908506,0.07195325335158813,R10REST_ASIA
MESSAGEix-GLOBIOM_1.1,EN_NPi2020_450,0.1054105741215886,0.11235967300976984,R10REST_ASIA
MESSAGEix-GLOBIOM_1.1,EN_NPi2020_450f,0.0906259082207706,0.06502680169016765,R10REST_ASIA
MESSAGEix-GLOBIOM_1.1,EN_NPi2020_500,0.10052417059514808,0.10567282450556852,R10REST_ASIA
MESSAGEix-GLOBIOM_1.1,EN_NPi2020_500f,0.0913017542000075,0.06508736045490618,R10REST_ASIA
MESSAGEix-GLOBIOM_1.1,EN_NPi2020_600,0.092926834276957,0.0925480404729372,R10REST_ASIA
MESSAGEix-GLOBIOM_1.1,EN_NPi2020_600_COV,0.0987403329200734,0.08318967465656261,R10REST_ASIA
MESSAGEix-GLOBIOM_1.1,EN_NPi2020_600_DR10p,0.0929887443517111,0.08450255968340024,R10REST_ASIA
MESSAGEix-GLOBIOM_1.1,EN_NPi2020_600_DR1p,0.10799679650819752,0.11643791973088435,R10REST_ASIA
MESSAGEix-GLOBIOM_1.1,EN_NPi2020_600_DR2p,0.10527475985455291,0.11290421825642478,R10REST_ASIA
MESSAGEix-GLOBIOM_1.1,EN_NPi2020_600_DR3p,0.10433170796907845,0.10913043155864025,R10REST_ASIA
MESSAGEix-GLOBIOM_1.1,EN_NPi2020_600_DR4p,0.09727666502034371,0.10074070441438206,R10REST_ASIA
MESSAGEix-GLOBIOM_1.1,EN_NPi2020_600f,0.09178617779334958,0.06409916987638709,R10REST_ASIA
MESSAGEix-GLOBIOM_1.1,EN_NPi2020_600f_COV,0.09777023679987204,0.058616469996838574,R10REST_ASIA
MESSAGEix-GLOBIOM_1.1,EN_NPi2020_600f_DR10p,0.0934582054267643,0.06472648800515371,R10REST_ASIA
MESSAGEix-GLOBIOM_1.1,EN_NPi2020_600f_DR1p,0.10390408593194558,0.08827160982451922,R10REST_ASIA
MESSAGEix-GLOBIOM_1.1,EN_NPi2020_600f_DR2p,0.10068655410098792,0.07984211651859106,R10REST_ASIA
MESSAGEix-GLOBIOM_1.1,EN_NPi2020_600f_DR3p,0.09652339034754356,0.07384647880575586,R10REST_ASIA
MESSAGEix-GLOBIOM_1.1,EN_NPi2020_600f_DR4p,0.09474456404143115,0.06832906618873451,R10REST_ASIA
MESSAGEix-GLOBIOM_1.1,EN_NPi2020_700,0.08751564101039525,0.07390864862751112,R10REST_ASIA
MESSAGEix-GLOBIOM_1.1,EN_NPi2020_700_COV,0.09660634361194179,0.07298749195368665,R10REST_ASIA
MESSAGEix-GLOBIOM_1.1,EN_NPi2020_700f,0.08882084314503305,0.05843284597867313,R10REST_ASIA
MESSAGEix-GLOBIOM_1.1,EN_NPi2020_700f_COV,0.09655919526141149,0.05687961998415656,R10REST_ASIA
MESSAGEix-GLOBIOM_1.1,NGFS2_Divergent Net Zero Policies,0.08096079980689884,0.07538644765768007,R10REST_ASIA
MESSAGEix-GLOBIOM_1.1,NGFS2_Net-Zero 2050,0.0793057902609843,0.0657307235380385,R10REST_ASIA
REMIND-MAgPIE 1.7-3.0,CD-LINKS_INDC2030i_1000,0.39892226867565284,0.33262802942115033,R10REST_ASIA
REMIND-MAgPIE 1.7-3.0,CD-LINKS_INDC2030i_400,0.47176025359468476,0.3706347456225743,R10REST_ASIA
REMIND-MAgPIE 1.7-3.0,CD-LINKS_NPi2020_1000,0.4006369847923964,0.3502962699343341,R10REST_ASIA
REMIND-MAgPIE 1.7-3.0,CD-LINKS_NPi2020_400,0.4312387813765604,0.373950083195203,R10REST_ASIA
REMIND-MAgPIE 1.7-3.0,CO_2Deg2020,0.3789202269068846,0.3243043568496571,R10REST_ASIA
REMIND-MAgPIE 1.7-3.0,CO_2Deg2030,0.38942321357757653,0.3211234562128261,R10REST_ASIA
REMIND-MAgPIE 1.7-3.0,CO_Bridge,0.3847464733779614,0.3175638204533068,R10REST_ASIA
REMIND-MAgPIE 1.7-3.0,PEP_1p5C_full_NDC,0.47032199568472155,0.3714739861856479,R10REST_ASIA
REMIND-MAgPIE 1.7-3.0,PEP_1p5C_full_eff,0.426540644060633,0.36172646830864524,R10REST_ASIA
REMIND-MAgPIE 1.7-3.0,PEP_1p5C_full_goodpractice,0.4588865502668286,0.36428084101409347,R10REST_ASIA
REMIND-MAgPIE 1.7-3.0,PEP_1p5C_full_netzero,0.4457940895158421,0.35582757263196146,R10REST_ASIA
REMIND-MAgPIE 1.7-3.0,PEP_1p5C_red_eff,0.599558275921022,0.5085730760599669,R10REST_ASIA
REMIND-MAgPIE 1.7-3.0,PEP_2C_full_NDC,0.38942321357757653,0.3211234562128261,R10REST_ASIA
REMIND-MAgPIE 1.7-3.0,PEP_2C_full_eff,0.3789202269068846,0.3243043568496571,R10REST_ASIA
REMIND-MAgPIE 1.7-3.0,PEP_2C_full_goodpractice,0.37457959801328466,0.3091279256005205,R10REST_ASIA
REMIND-MAgPIE 1.7-3.0,PEP_2C_full_netzero,0.3672174699683299,0.30475674488071386,R10REST_ASIA
REMIND-MAgPIE 1.7-3.0,PEP_2C_red_NDC,0.5099511708015132,0.4004654055134626,R10REST_ASIA
REMIND-MAgPIE 1.7-3.0,PEP_2C_red_eff,0.4453186510556155,0.3573366922368407,R10REST_ASIA
REMIND-MAgPIE 1.7-3.0,PEP_2C_red_goodpractice,0.48837126063277303,0.38668613170257815,R10REST_ASIA
REMIND-MAgPIE 1.7-3.0,PEP_2C_red_netzero,0.47619639454314416,0.37918291175228036,R10REST_ASIA
REMIND-MAgPIE 2.1-4.2,CEMICS_SSP1-1p5C-fullCDR,0.20943793453873186,0.2547040396594928,R10REST_ASIA
REMIND-MAgPIE 2.1-4.2,CEMICS_SSP1-1p5C-minCDR,0.24833606564810154,0.3074166351681162,R10REST_ASIA
REMIND-MAgPIE 2.1-4.2,CEMICS_SSP2-1p5C-fullCDR,0.4107222298438227,0.3717998608101773,R10REST_ASIA
REMIND-MAgPIE 2.1-4.2,CEMICS_SSP2-1p5C-minCDR,0.5287902373729744,0.46690281021189045,R10REST_ASIA
REMIND-MAgPIE 2.1-4.2,EN_INDCi2030_300f,0.4397870172481984,0.37457825633414793,R10REST_ASIA
REMIND-MAgPIE 2.1-4.2,EN_INDCi2030_400f,0.4316471998233377,0.36955683129926276,R10REST_ASIA
REMIND-MAgPIE 2.1-4.2,EN_INDCi2030_500f,0.42414305039615063,0.3663396331703397,R10REST_ASIA
REMIND-MAgPIE 2.1-4.2,EN_INDCi2030_600_COV,0.505509720640168,0.5161720711592647,R10REST_ASIA
REMIND-MAgPIE 2.1-4.2,EN_INDCi2030_600_COV_NDCp,0.49680824154075126,0.5044035944824633,R10REST_ASIA
REMIND-MAgPIE 2.1-4.2,EN_INDCi2030_600f,0.4176013397851591,0.36747511329264737,R10REST_ASIA
REMIND-MAgPIE 2.1-4.2,EN_INDCi2030_600f_COV,0.44150313605035396,0.37729677388162125,R10REST_ASIA
REMIND-MAgPIE 2.1-4.2,EN_INDCi2030_600f_COV_NDCp,0.44100071672793967,0.3761791266060615,R10REST_ASIA
REMIND-MAgPIE 2.1-4.2,EN_INDCi2030_600f_NDCp,0.4207377794062153,0.3684282917761191,R10REST_ASIA
REMIND-MAgPIE 2.1-4.2,EN_NPi2020_200f,0.4617335000165058,0.4203523043138653,R10REST_ASIA
REMIND-MAgPIE 2.1-4.2,EN_NPi2020_300f,0.4552047396132104,0.4127725942672485,R10REST_ASIA
REMIND-MAgPIE 2.1-4.2,EN_NPi2020_400,0.5576863454927001,0.60411765750114,R10REST_ASIA
REMIND-MAgPIE 2.1-4.2,EN_NPi2020_400f,0.44720230351179463,0.4010336811312095,R10REST_ASIA
REMIND-MAgPIE 2.1-4.2,EN_NPi2020_500,0.49378294814468665,0.49380143134819765,R10REST_ASIA
REMIND-MAgPIE 2.1-4.2,EN_NPi2020_500f,0.44324613743282537,0.3940422751978191,R10REST_ASIA
REMIND-MAgPIE 2.1-4.2,EN_NPi2020_600,0.46280020886112744,0.4325188797284948,R10REST_ASIA
REMIND-MAgPIE 2.1-4.2,EN_NPi2020_600_COV,0.44134088152251505,0.4183561761117118,R10REST_ASIA
REMIND-MAgPIE 2.1-4.2,EN_NPi2020_600f,0.4369193914094327,0.38259068254490225,R10REST_ASIA
REMIND-MAgPIE 2.1-4.2,EN_NPi2020_600f_COV,0.4497182978527615,0.39199370400255124,R10REST_ASIA
REMIND-MAgPIE 2.1-4.2,SusDev_SDP-PkBudg1000,0.21515645222255467,0.28647887436511404,R10REST_ASIA
REMIND-MAgPIE 2.1-4.2,SusDev_SSP1-PkBudg900,0.2439086754978753,0.3077057963485583,R10REST_ASIA
REMIND-MAgPIE 2.1-4.2,SusDev_SSP2-PkBudg900,0.4573728988661895,0.4175862483186226,R10REST_ASIA
REMIND-MAgPIE 2.1-4.3,DeepElec_SSP2_ HighRE_Budg900,0.4164619708623562,0.47197664553504864,R10REST_ASIA
REMIND-MAgPIE 2.1-4.3,DeepElec_SSP2_def_Budg1100,0.3235404840698549,0.32819685440598906,R10REST_ASIA
REMIND-MAgPIE 2.1-4.3,DeepElec_SSP2_def_Budg900,0.3502460522212081,0.36579372274035127,R10REST_ASIA
WITCH 5.0,EN_INDCi2030_500f,0.06284491359293647,0.03894676088474021,R10REST_ASIA
WITCH 5.0,EN_NPi2020_400f,0.048287945478191485,0.021061764871895716,R10REST_ASIA
WITCH 5.0,EN_NPi2020_450,0.0430883038803359,0.028915925881023333,R10REST_ASIA
WITCH 5.0,EN_NPi2020_450f,0.04593158788233952,0.01897612939826004,R10REST_ASIA
WITCH 5.0,EN_NPi2020_500,0.04973628712922234,0.028941850316462597,R10REST_ASIA
WITCH 5.0,EN_NPi2020_500f,0.045956604514790014,0.019890330642907413,R10REST_ASIA
IMAGE 3.2,SSP1_SPA1_19I_D,0.029013889076490954,0.018924408948210215,R10PAC_OECD
IMAGE 3.2,SSP1_SPA1_19I_D_LB,0.024694591944328072,0.030010357185569988,R10PAC_OECD
IMAGE 3.2,SSP1_SPA1_19I_LI,0.01922013525929009,0.010128158564487554,R10PAC_OECD
IMAGE 3.2,SSP1_SPA1_19I_LIRE,0.04489087413689035,0.029993189916215454,R10PAC_OECD
IMAGE 3.2,SSP1_SPA1_19I_LIRE_LB,0.05140337466154695,0.04819165444390272,R10PAC_OECD
IMAGE 3.2,SSP1_SPA1_19I_RE,0.039949623081236826,0.03163056870701286,R10PAC_OECD
IMAGE 3.2,SSP1_SPA1_19I_RE_LB,0.04700115309045343,0.04225658415147209,R10PAC_OECD
IMAGE 3.2,SSP2_SPA1_19I_D_LB,0.03881899984245745,0.030227344598571543,R10PAC_OECD
IMAGE 3.2,SSP2_SPA1_19I_LIRE_LB,0.04766547644240559,0.047153981674671046,R10PAC_OECD
IMAGE 3.2,SSP2_SPA1_19I_RE_LB,0.06299156318689998,0.05733183397199396,R10PAC_OECD
IMAGE 3.2,SSP2_SPA2_19I_D,0.05033358207810229,0.031111042402997127,R10PAC_OECD
IMAGE 3.2,SSP2_SPA2_19I_LI,0.03707569774546678,0.028863214898452463,R10PAC_OECD
IMAGE 3.2,SSP2_SPA2_19I_LIRE,0.06767428662905628,0.053151903340872594,R10PAC_OECD
IMAGE 3.2,SSP2_SPA2_19I_RE,0.07638349405913748,0.06238793739418454,R10PAC_OECD
MESSAGEix-GLOBIOM_1.1,EN_INDCi2030_600f_COV,0.07258145029008642,0.056289618328834244,R10PAC_OECD
MESSAGEix-GLOBIOM_1.1,EN_INDCi2030_600f_COV_NDCp,0.07362781948247543,0.05762563986712337,R10PAC_OECD
MESSAGEix-GLOBIOM_1.1,EN_INDCi2030_700f,0.06917157046443553,0.05920367040572066,R10PAC_OECD
MESSAGEix-GLOBIOM_1.1,EN_INDCi2030_700f_COV,0.07268616527721966,0.05009061619499037,R10PAC_OECD
MESSAGEix-GLOBIOM_1.1,EN_INDCi2030_700f_COV_NDCp,0.07249683824826413,0.05050293251615663,R10PAC_OECD
MESSAGEix-GLOBIOM_1.1,EN_INDCi2030_700f_NDCp,0.06631650486236326,0.05544398537378918,R10PAC_OECD
MESSAGEix-GLOBIOM_1.1,EN_NPi2020_200f,0.07160997979969072,0.0607665326788975,R10PAC_OECD
MESSAGEix-GLOBIOM_1.1,EN_NPi2020_300f,0.06643803506505401,0.05377541696344976,R10PAC_OECD
MESSAGEix-GLOBIOM_1.1,EN_NPi2020_400f,0.0696997494257141,0.05142854691929968,R10PAC_OECD
MESSAGEix-GLOBIOM_1.1,EN_NPi2020_450,0.08336493622658668,0.081330756767848,R10PAC_OECD
MESSAGEix-GLOBIOM_1.1,EN_NPi2020_450f,0.06629271782019755,0.047860230764812633,R10PAC_OECD
MESSAGEix-GLOBIOM_1.1,EN_NPi2020_500,0.08166189256732734,0.07541124252367168,R10PAC_OECD
MESSAGEix-GLOBIOM_1.1,EN_NPi2020_500f,0.06835269711071587,0.04589033377455394,R10PAC_OECD
MESSAGEix-GLOBIOM_1.1,EN_NPi2020_600,0.06859043378664569,0.055318187687585736,R10PAC_OECD
MESSAGEix-GLOBIOM_1.1,EN_NPi2020_600_COV,0.08212567427465971,0.062250087283966804,R10PAC_OECD
MESSAGEix-GLOBIOM_1.1,EN_NPi2020_600_DR10p,0.06787659910467224,0.046396734880580014,R10PAC_OECD
MESSAGEix-GLOBIOM_1.1,EN_NPi2020_600_DR1p,0.08057150490848418,0.07463696270333618,R10PAC_OECD
MESSAGEix-GLOBIOM_1.1,EN_NPi2020_600_DR2p,0.0795398884117857,0.07177413277381853,R10PAC_OECD
MESSAGEix-GLOBIOM_1.1,EN_NPi2020_600_DR3p,0.07545010374661079,0.06636161783008143,R10PAC_OECD
MESSAGEix-GLOBIOM_1.1,EN_NPi2020_600_DR4p,0.07792937514767675,0.06028063415224865,R10PAC_OECD
MESSAGEix-GLOBIOM_1.1,EN_NPi2020_600f,0.07023342002461866,0.04957869871711252,R10PAC_OECD
MESSAGEix-GLOBIOM_1.1,EN_NPi2020_600f_COV,0.07244461088784473,0.04921021887594627,R10PAC_OECD
MESSAGEix-GLOBIOM_1.1,EN_NPi2020_600f_DR10p,0.05656709744541837,0.03573635839478974,R10PAC_OECD
MESSAGEix-GLOBIOM_1.1,EN_NPi2020_600f_DR1p,0.07247573598715898,0.05788193443452625,R10PAC_OECD
MESSAGEix-GLOBIOM_1.1,EN_NPi2020_600f_DR2p,0.07368587314982676,0.056221893250625654,R10PAC_OECD
MESSAGEix-GLOBIOM_1.1,EN_NPi2020_600f_DR3p,0.0653848012021886,0.0451067177701872,R10PAC_OECD
MESSAGEix-GLOBIOM_1.1,EN_NPi2020_600f_DR4p,0.06636218267952862,0.04769486431417816,R10PAC_OECD
MESSAGEix-GLOBIOM_1.1,EN_NPi2020_700,0.07048240879524309,0.05293643074281762,R10PAC_OECD
MESSAGEix-GLOBIOM_1.1,EN_NPi2020_700_COV,0.07931573021245096,0.05494824526109754,R10PAC_OECD
MESSAGEix-GLOBIOM_1.1,EN_NPi2020_700f,0.06745196007269431,0.0423278516831244,R10PAC_OECD
MESSAGEix-GLOBIOM_1.1,EN_NPi2020_700f_COV,0.06800602580576316,0.04150601981689533,R10PAC_OECD
MESSAGEix-GLOBIOM_1.1,NGFS2_Divergent Net Zero Policies,0.06512450329236558,0.05420236094256338,R10PAC_OECD
MESSAGEix-GLOBIOM_1.1,NGFS2_Net-Zero 2050,0.06270144705974275,0.04721815471472821,R10PAC_OECD
REMIND-MAgPIE 1.7-3.0,CD-LINKS_INDC2030i_1000,0.05068879887463336,0.007190691077730745,R10PAC_OECD
REMIND-MAgPIE 1.7-3.0,CD-LINKS_INDC2030i_400,0.06832443290365613,0.031880527308690884,R10PAC_OECD
REMIND-MAgPIE 1.7-3.0,CD-LINKS_NPi2020_1000,0.046466454424598604,0.009134967576423385,R10PAC_OECD
REMIND-MAgPIE 1.7-3.0,CD-LINKS_NPi2020_400,0.07057820928947324,0.033972656434687595,R10PAC_OECD
REMIND-MAgPIE 1.7-3.0,CO_2Deg2020,0.047781233749549706,0.00726500892054,R10PAC_OECD
REMIND-MAgPIE 1.7-3.0,CO_2Deg2030,0.057234302256293765,0.017472949801707813,R10PAC_OECD
REMIND-MAgPIE 1.7-3.0,CO_Bridge,0.04670465712595718,0.009624001127372762,R10PAC_OECD
REMIND-MAgPIE 1.7-3.0,PEP_1p5C_full_NDC,0.06745886592975713,0.032801602441879726,R10PAC_OECD
REMIND-MAgPIE 1.7-3.0,PEP_1p5C_full_eff,0.0691533999344163,0.035196070395043896,R10PAC_OECD
REMIND-MAgPIE 1.7-3.0,PEP_1p5C_full_goodpractice,0.06196228073877341,0.027209887831321448,R10PAC_OECD
REMIND-MAgPIE 1.7-3.0,PEP_1p5C_full_netzero,0.055964344344567665,0.02187627441101388,R10PAC_OECD
REMIND-MAgPIE 1.7-3.0,PEP_1p5C_red_eff,0.08790123979755506,0.05616877430647236,R10PAC_OECD
REMIND-MAgPIE 1.7-3.0,PEP_2C_full_NDC,0.057234302256293765,0.017472949801707813,R10PAC_OECD
REMIND-MAgPIE 1.7-3.0,PEP_2C_full_eff,0.047781233749549706,0.00726500892054,R10PAC_OECD
REMIND-MAgPIE 1.7-3.0,PEP_2C_full_goodpractice,0.0480706940636701,0.009779015244357757,R10PAC_OECD
REMIND-MAgPIE 1.7-3.0,PEP_2C_full_netzero,0.047067826300560944,0.011620631914192417,R10PAC_OECD
REMIND-MAgPIE 1.7-3.0,PEP_2C_red_NDC,0.07155768814983736,0.03633729615936442,R10PAC_OECD
REMIND-MAgPIE 1.7-3.0,PEP_2C_red_eff,0.0628813156130483,0.033753984533988826,R10PAC_OECD
REMIND-MAgPIE 1.7-3.0,PEP_2C_red_goodpractice,0.0671192872901045,0.034115986828622984,R10PAC_OECD
REMIND-MAgPIE 1.7-3.0,PEP_2C_red_netzero,0.05796999465672902,0.024959826219333736,R10PAC_OECD
REMIND-MAgPIE 2.1-4.2,CEMICS_SSP1-1p5C-fullCDR,0.009710283218251311,0.009793494510984612,R10PAC_OECD
REMIND-MAgPIE 2.1-4.2,CEMICS_SSP1-1p5C-minCDR,0.011377542683471176,0.014551364344285434,R10PAC_OECD
REMIND-MAgPIE 2.1-4.2,CEMICS_SSP2-1p5C-fullCDR,0.049797238896611085,0.041691674862670405,R10PAC_OECD
REMIND-MAgPIE 2.1-4.2,CEMICS_SSP2-1p5C-minCDR,0.056280123083310984,0.045412172134231,R10PAC_OECD
REMIND-MAgPIE 2.1-4.2,EN_INDCi2030_300f,0.06596179096121481,0.03015289987847424,R10PAC_OECD
REMIND-MAgPIE 2.1-4.2,EN_INDCi2030_400f,0.06065703472290235,0.027889131871960925,R10PAC_OECD
REMIND-MAgPIE 2.1-4.2,EN_INDCi2030_500f,0.056456353966531016,0.026489159767584734,R10PAC_OECD
REMIND-MAgPIE 2.1-4.2,EN_INDCi2030_600_COV,0.05064263802372407,0.04471341200078526,R10PAC_OECD
REMIND-MAgPIE 2.1-4.2,EN_INDCi2030_600_COV_NDCp,0.04839259719997698,0.042448949783152695,R10PAC_OECD
REMIND-MAgPIE 2.1-4.2,EN_INDCi2030_600f,0.0498532714452362,0.02433667733171708,R10PAC_OECD
REMIND-MAgPIE 2.1-4.2,EN_INDCi2030_600f_COV,0.04092022888635713,0.019425030193922006,R10PAC_OECD
REMIND-MAgPIE 2.1-4.2,EN_INDCi2030_600f_COV_NDCp,0.040352120752283255,0.019044510169027723,R10PAC_OECD
REMIND-MAgPIE 2.1-4.2,EN_INDCi2030_600f_NDCp,0.04923738877763687,0.023577910412927405,R10PAC_OECD
REMIND-MAgPIE 2.1-4.2,EN_NPi2020_200f,0.07101139810527632,0.045707665934357614,R10PAC_OECD
REMIND-MAgPIE 2.1-4.2,EN_NPi2020_300f,0.06678369260086925,0.04446176444089578,R10PAC_OECD
REMIND-MAgPIE 2.1-4.2,EN_NPi2020_400,0.058855052065583405,0.058320508981941875,R10PAC_OECD
REMIND-MAgPIE 2.1-4.2,EN_NPi2020_400f,0.06059648701825401,0.04162174406979475,R10PAC_OECD
REMIND-MAgPIE 2.1-4.2,EN_NPi2020_500,0.05067438763458656,0.046268260501852995,R10PAC_OECD
REMIND-MAgPIE 2.1-4.2,EN_NPi2020_500f,0.05694541669121126,0.04039835252711767,R10PAC_OECD
REMIND-MAgPIE 2.1-4.2,EN_NPi2020_600,0.05087195268499998,0.04588957328563024,R10PAC_OECD
REMIND-MAgPIE 2.1-4.2,EN_NPi2020_600_COV,0.04597583065443006,0.03971204273240419,R10PAC_OECD
REMIND-MAgPIE 2.1-4.2,EN_NPi2020_600f,0.05167637525862377,0.03646267390112502,R10PAC_OECD
REMIND-MAgPIE 2.1-4.2,EN_NPi2020_600f_COV,0.042232219694715724,0.02694394633153877,R10PAC_OECD
REMIND-MAgPIE 2.1-4.2,SusDev_SDP-PkBudg1000,0.0,0.0,R10PAC_OECD
REMIND-MAgPIE 2.1-4.2,SusDev_SSP1-PkBudg900,0.015498486261177224,0.01694216977475092,R10PAC_OECD
REMIND-MAgPIE 2.1-4.2,SusDev_SSP2-PkBudg900,0.050951782824094405,0.042696353247489195,R10PAC_OECD
REMIND-MAgPIE 2.1-4.3,DeepElec_SSP2_ HighRE_Budg900,0.030522055375999776,0.020124672452512496,R10PAC_OECD
REMIND-MAgPIE 2.1-4.3,DeepElec_SSP2_def_Budg1100,0.02516737227117192,0.016643301510768004,R10PAC_OECD
REMIND-MAgPIE 2.1-4.3,DeepElec_SSP2_def_Budg900,0.028364990230727784,0.020041663086146824,R10PAC_OECD
WITCH 5.0,EN_INDCi2030_500f,0.04936227261321978,0.022922910604729903,R10PAC_OECD
WITCH 5.0,EN_NPi2020_400f,0.05319596071047954,0.03324208637012319,R10PAC_OECD
WITCH 5.0,EN_NPi2020_450,0.0515444462260416,0.039182873649469714,R10PAC_OECD
WITCH 5.0,EN_NPi2020_450f,0.05330614941474751,0.033613354043562416,R10PAC_OECD
WITCH 5.0,EN_NPi2020_500,0.05677530018318233,0.04187793725202843,R10PAC_OECD
WITCH 5.0,EN_NPi2020_500f,0.05405532819910138,0.037095187353614535,R10PAC_OECD
IMAGE 3.2,SSP1_SPA1_19I_D,0.18907581764487344,0.2423630330553436,R10REF_ECON
IMAGE 3.2,SSP1_SPA1_19I_D_LB,0.1929101577251427,0.2493606988254214,R10REF_ECON
IMAGE 3.2,SSP1_SPA1_19I_LI,0.16826192262290868,0.20959467451147165,R10REF_ECON
IMAGE 3.2,SSP1_SPA1_19I_LIRE,0.2696441695259017,0.28239524075107614,R10REF_ECON
IMAGE 3.2,SSP1_SPA1_19I_LIRE_LB,0.2991804809465288,0.3304313781962327,R10REF_ECON
IMAGE 3.2,SSP1_SPA1_19I_RE,0.22676392535045034,0.27122278780653153,R10REF_ECON
IMAGE 3.2,SSP1_SPA1_19I_RE_LB,0.24279331029289508,0.32482228106641464,R10REF_ECON
IMAGE 3.2,SSP2_SPA1_19I_D_LB,0.23449281129217553,0.28296270253949346,R10REF_ECON
IMAGE 3.2,SSP2_SPA1_19I_LIRE_LB,0.29265857937174905,0.3374732866581049,R10REF_ECON
IMAGE 3.2,SSP2_SPA1_19I_RE_LB,0.32421773755571626,0.35665178145739695,R10REF_ECON
IMAGE 3.2,SSP2_SPA2_19I_D,0.24374480886265784,0.2655124014637927,R10REF_ECON
IMAGE 3.2,SSP2_SPA2_19I_LI,0.20402716302035842,0.25235060552147653,R10REF_ECON
IMAGE 3.2,SSP2_SPA2_19I_LIRE,0.33277687001644063,0.33322972999787703,R10REF_ECON
IMAGE 3.2,SSP2_SPA2_19I_RE,0.3479324856478327,0.3527651646939875,R10REF_ECON
MESSAGEix-GLOBIOM_1.1,EN_INDCi2030_600f_COV,0.08532568631229638,0.08597326671950731,R10REF_ECON
MESSAGEix-GLOBIOM_1.1,EN_INDCi2030_600f_COV_NDCp,0.08498194099067152,0.08639556185311519,R10REF_ECON
MESSAGEix-GLOBIOM_1.1,EN_INDCi2030_700f,0.06517099969052666,0.06882486348492783,R10REF_ECON
MESSAGEix-GLOBIOM_1.1,EN_INDCi2030_700f_COV,0.0880877095733822,0.08226125152438896,R10REF_ECON
MESSAGEix-GLOBIOM_1.1,EN_INDCi2030_700f_COV_NDCp,0.08841158279453487,0.0808070189631947,R10REF_ECON
MESSAGEix-GLOBIOM_1.1,EN_INDCi2030_700f_NDCp,0.0666709783438553,0.06963907989013277,R10REF_ECON
MESSAGEix-GLOBIOM_1.1,EN_NPi2020_200f,0.06929599036347471,0.07519012849141568,R10REF_ECON
MESSAGEix-GLOBIOM_1.1,EN_NPi2020_300f,0.06640987604458999,0.06759673882599453,R10REF_ECON
MESSAGEix-GLOBIOM_1.1,EN_NPi2020_400f,0.07305278135278599,0.0718005493702647,R10REF_ECON
MESSAGEix-GLOBIOM_1.1,EN_NPi2020_450,0.0739962140679865,0.08274794666701381,R10REF_ECON
MESSAGEix-GLOBIOM_1.1,EN_NPi2020_450f,0.07228597261603323,0.06681922632204298,R10REF_ECON
MESSAGEix-GLOBIOM_1.1,EN_NPi2020_500,0.0787049977521917,0.08271747763014092,R10REF_ECON
MESSAGEix-GLOBIOM_1.1,EN_NPi2020_500f,0.07178531405396074,0.06721993634005458,R10REF_ECON
MESSAGEix-GLOBIOM_1.1,EN_NPi2020_600,0.08045833318197076,0.0777134598551837,R10REF_ECON
MESSAGEix-GLOBIOM_1.1,EN_NPi2020_600_COV,0.09073635191072879,0.08337078155853091,R10REF_ECON
MESSAGEix-GLOBIOM_1.1,EN_NPi2020_600_DR10p,0.07138265870030476,0.05562599731078955,R10REF_ECON
MESSAGEix-GLOBIOM_1.1,EN_NPi2020_600_DR1p,0.07350033269495479,0.08625033286156504,R10REF_ECON
MESSAGEix-GLOBIOM_1.1,EN_NPi2020_600_DR2p,0.07455234519529456,0.08118164159950454,R10REF_ECON
MESSAGEix-GLOBIOM_1.1,EN_NPi2020_600_DR3p,0.07668169199441817,0.07922352982410694,R10REF_ECON
MESSAGEix-GLOBIOM_1.1,EN_NPi2020_600_DR4p,0.07766675690317401,0.07815640786256575,R10REF_ECON
MESSAGEix-GLOBIOM_1.1,EN_NPi2020_600f,0.0693925255103173,0.06557482872852792,R10REF_ECON
MESSAGEix-GLOBIOM_1.1,EN_NPi2020_600f_COV,0.08448598710946235,0.07285101918423587,R10REF_ECON
MESSAGEix-GLOBIOM_1.1,EN_NPi2020_600f_DR10p,0.0537813579142272,0.038497080503147395,R10REF_ECON
MESSAGEix-GLOBIOM_1.1,EN_NPi2020_600f_DR1p,0.07189425723637972,0.08082483075998065,R10REF_ECON
MESSAGEix-GLOBIOM_1.1,EN_NPi2020_600f_DR2p,0.06950566501880981,0.07461270799966573,R10REF_ECON
MESSAGEix-GLOBIOM_1.1,EN_NPi2020_600f_DR3p,0.06878300154584069,0.0717264967064251,R10REF_ECON
MESSAGEix-GLOBIOM_1.1,EN_NPi2020_600f_DR4p,0.06671193047002413,0.06799542323760574,R10REF_ECON
MESSAGEix-GLOBIOM_1.1,EN_NPi2020_700,0.08018044205166297,0.07297184869319548,R10REF_ECON
MESSAGEix-GLOBIOM_1.1,EN_NPi2020_700_COV,0.095023048350645,0.07913328677583752,R10REF_ECON
MESSAGEix-GLOBIOM_1.1,EN_NPi2020_700f,0.06865293809556769,0.06621963908764696,R10REF_ECON
MESSAGEix-GLOBIOM_1.1,EN_NPi2020_700f_COV,0.08497808598360963,0.07407890917987352,R10REF_ECON
MESSAGEix-GLOBIOM_1.1,NGFS2_Divergent Net Zero Policies,0.06335852749076562,0.06430156994409383,R10REF_ECON
MESSAGEix-GLOBIOM_1.1,NGFS2_Net-Zero 2050,0.07427203608255312,0.06804179776697039,R10REF_ECON
REMIND-MAgPIE 1.7-3.0,CD-LINKS_INDC2030i_1000,0.11017107280011039,0.08244340922495733,R10REF_ECON
REMIND-MAgPIE 1.7-3.0,CD-LINKS_INDC2030i_400,0.14327901959529835,0.10465577466604258,R10REF_ECON
REMIND-MAgPIE 1.7-3.0,CD-LINKS_NPi2020_1000,0.11605611147824414,0.08944789418931054,R10REF_ECON
REMIND-MAgPIE 1.7-3.0,CD-LINKS_NPi2020_400,0.12503189466133652,0.08191091223771789,R10REF_ECON
REMIND-MAgPIE 1.7-3.0,CO_2Deg2020,0.10211626324572032,0.06895639679347144,R10REF_ECON
REMIND-MAgPIE 1.7-3.0,CO_2Deg2030,0.10750270622295524,0.07883545343225193,R10REF_ECON
REMIND-MAgPIE 1.7-3.0,CO_Bridge,0.10003878464698601,0.06774398246003911,R10REF_ECON
REMIND-MAgPIE 1.7-3.0,PEP_1p5C_full_NDC,0.14163682988073514,0.10461136230338879,R10REF_ECON
REMIND-MAgPIE 1.7-3.0,PEP_1p5C_full_eff,0.11706856702741923,0.07130405454620442,R10REF_ECON
REMIND-MAgPIE 1.7-3.0,PEP_1p5C_full_goodpractice,0.13339284845828167,0.09665305140074296,R10REF_ECON
REMIND-MAgPIE 1.7-3.0,PEP_1p5C_full_netzero,0.1094438454363778,0.07154118916021697,R10REF_ECON
REMIND-MAgPIE 1.7-3.0,PEP_1p5C_red_eff,0.1633012955831054,0.13210910914909468,R10REF_ECON
REMIND-MAgPIE 1.7-3.0,PEP_2C_full_NDC,0.10750270622295524,0.07883545343225193,R10REF_ECON
REMIND-MAgPIE 1.7-3.0,PEP_2C_full_eff,0.10211626324572032,0.06895639679347144,R10REF_ECON
REMIND-MAgPIE 1.7-3.0,PEP_2C_full_goodpractice,0.09469728712352508,0.06260172345952883,R10REF_ECON
REMIND-MAgPIE 1.7-3.0,PEP_2C_full_netzero,0.08052071299072257,0.05057286040141614,R10REF_ECON
REMIND-MAgPIE 1.7-3.0,PEP_2C_red_NDC,0.1305266602354516,0.10685623229821176,R10REF_ECON
REMIND-MAgPIE 1.7-3.0,PEP_2C_red_eff,0.10419073362014052,0.06987610223006062,R10REF_ECON
REMIND-MAgPIE 1.7-3.0,PEP_2C_red_goodpractice,0.12483525751097327,0.09894970171534972,R10REF_ECON
REMIND-MAgPIE 1.7-3.0,PEP_2C_red_netzero,0.10217899260045601,0.07582533826315155,R10REF_ECON
REMIND-MAgPIE 2.1-4.2,CEMICS_SSP1-1p5C-fullCDR,0.054442771311731294,0.07117674001624053,R10REF_ECON
REMIND-MAgPIE 2.1-4.2,CEMICS_SSP1-1p5C-minCDR,0.05011109547100295,0.07181935533059852,R10REF_ECON
REMIND-MAgPIE 2.1-4.2,CEMICS_SSP2-1p5C-fullCDR,0.1399695936818508,0.14935284675677932,R10REF_ECON
REMIND-MAgPIE 2.1-4.2,CEMICS_SSP2-1p5C-minCDR,0.13348811810070793,0.13113433976696517,R10REF_ECON
REMIND-MAgPIE 2.1-4.2,EN_INDCi2030_300f,0.5507654201243003,0.1509131393861744,R10REF_ECON
REMIND-MAgPIE 2.1-4.2,EN_INDCi2030_400f,0.5101515646796526,0.133333575828817,R10REF_ECON
REMIND-MAgPIE 2.1-4.2,EN_INDCi2030_500f,0.4436375095388141,0.12546548502280078,R10REF_ECON
REMIND-MAgPIE 2.1-4.2,EN_INDCi2030_600_COV,0.22248209226496507,0.2796915905182274,R10REF_ECON
REMIND-MAgPIE 2.1-4.2,EN_INDCi2030_600_COV_NDCp,0.2203972613902965,0.27714012263639537,R10REF_ECON
REMIND-MAgPIE 2.1-4.2,EN_INDCi2030_600f,0.4184787465672409,0.12277343749983503,R10REF_ECON
REMIND-MAgPIE 2.1-4.2,EN_INDCi2030_600f_COV,0.3365955907735748,0.10914261502499226,R10REF_ECON
REMIND-MAgPIE 2.1-4.2,EN_INDCi2030_600f_COV_NDCp,0.33073544303477176,0.10593460807430882,R10REF_ECON
REMIND-MAgPIE 2.1-4.2,EN_INDCi2030_600f_NDCp,0.41687328233198534,0.12191175413819644,R10REF_ECON
REMIND-MAgPIE 2.1-4.2,EN_NPi2020_200f,0.5394593966910007,0.16758930166934857,R10REF_ECON
REMIND-MAgPIE 2.1-4.2,EN_NPi2020_300f,0.46252964422189713,0.1530750262040967,R10REF_ECON
REMIND-MAgPIE 2.1-4.2,EN_NPi2020_400,0.17658218664380204,0.21754480003126098,R10REF_ECON
REMIND-MAgPIE 2.1-4.2,EN_NPi2020_400f,0.4331632179602823,0.14462831942558432,R10REF_ECON
REMIND-MAgPIE 2.1-4.2,EN_NPi2020_500,0.16016491616799236,0.18844841979797244,R10REF_ECON
REMIND-MAgPIE 2.1-4.2,EN_NPi2020_500f,0.37705085604805477,0.13969955527043193,R10REF_ECON
REMIND-MAgPIE 2.1-4.2,EN_NPi2020_600,0.1418648922482037,0.1544850837241964,R10REF_ECON
REMIND-MAgPIE 2.1-4.2,EN_NPi2020_600_COV,0.14640438160716962,0.1464126304248919,R10REF_ECON
REMIND-MAgPIE 2.1-4.2,EN_NPi2020_600f,0.341793702174495,0.13690384308722892,R10REF_ECON
REMIND-MAgPIE 2.1-4.2,EN_NPi2020_600f_COV,0.1879787550062073,0.12382813928806725,R10REF_ECON
REMIND-MAgPIE 2.1-4.2,SusDev_SDP-PkBudg1000,0.03477341057187651,0.04362990688477877,R10REF_ECON
REMIND-MAgPIE 2.1-4.2,SusDev_SSP1-PkBudg900,0.10042695092168724,0.10841276544540658,R10REF_ECON
REMIND-MAgPIE 2.1-4.2,SusDev_SSP2-PkBudg900,0.18538447139163974,0.16853647143266007,R10REF_ECON
REMIND-MAgPIE 2.1-4.3,DeepElec_SSP2_ HighRE_Budg900,0.15616944930717824,0.16455274394765862,R10REF_ECON
REMIND-MAgPIE 2.1-4.3,DeepElec_SSP2_def_Budg1100,0.09392291320669359,0.087215304170987,R10REF_ECON
REMIND-MAgPIE 2.1-4.3,DeepElec_SSP2_def_Budg900,0.13065962673021522,0.14764749341590017,R10REF_ECON
WITCH 5.0,EN_INDCi2030_500f,0.09682140032206163,0.06859729422243374,R10REF_ECON
WITCH 5.0,EN_NPi2020_400f,0.08480793090928726,0.056028042320413356,R10REF_ECON
WITCH 5.0,EN_NPi2020_450,0.08646039886492955,0.05051663301400761,R10REF_ECON
WITCH 5.0,EN_NPi2020_450f,0.08673011998440723,0.05744332338606981,R10REF_ECON
WITCH 5.0,EN_NPi2020_500,0.08971952109521222,0.0491670289699794,R10REF_ECON
WITCH 5.0,EN_NPi2020_500f,0.08911056435489208,0.06032165857364509,R10REF_ECON
IMAGE 3.2,SSP1_SPA1_19I_D,0.13015063245585062,0.1356290563638535,R10NORTH_AM
IMAGE 3.2,SSP1_SPA1_19I_D_LB,0.14113027078540574,0.16652747247534969,R10NORTH_AM
IMAGE 3.2,SSP1_SPA1_19I_LI,0.109480765152884,0.1189598682090844,R10NORTH_AM
IMAGE 3.2,SSP1_SPA1_19I_LIRE,0.1675191250439622,0.156751958865485,R10NORTH_AM
IMAGE 3.2,SSP1_SPA1_19I_LIRE_LB,0.18599331506129665,0.20266838180946353,R10NORTH_AM
IMAGE 3.2,SSP1_SPA1_19I_RE,0.158678595743014,0.16869287185753315,R10NORTH_AM
IMAGE 3.2,SSP1_SPA1_19I_RE_LB,0.18995574990678285,0.22067978505257713,R10NORTH_AM
IMAGE 3.2,SSP2_SPA1_19I_D_LB,0.13355002636512286,0.13576143670256824,R10NORTH_AM
IMAGE 3.2,SSP2_SPA1_19I_LIRE_LB,0.18113520640913358,0.20030335399900412,R10NORTH_AM
IMAGE 3.2,SSP2_SPA1_19I_RE_LB,0.20637704849594637,0.21666395639454641,R10NORTH_AM
IMAGE 3.2,SSP2_SPA2_19I_D,0.14150485860065606,0.13047737800938877,R10NORTH_AM
IMAGE 3.2,SSP2_SPA2_19I_LI,0.12560252437625935,0.1254441452654307,R10NORTH_AM
IMAGE 3.2,SSP2_SPA2_19I_LIRE,0.2084434164362801,0.2082504466936199,R10NORTH_AM
IMAGE 3.2,SSP2_SPA2_19I_RE,0.21965455351810062,0.22121387965356426,R10NORTH_AM
MESSAGEix-GLOBIOM_1.1,EN_INDCi2030_600f_COV,0.14225896120641934,0.11144827876121194,R10NORTH_AM
MESSAGEix-GLOBIOM_1.1,EN_INDCi2030_600f_COV_NDCp,0.14204535351734887,0.11434871026835497,R10NORTH_AM
MESSAGEix-GLOBIOM_1.1,EN_INDCi2030_700f,0.13149722318536608,0.10348085397865206,R10NORTH_AM
MESSAGEix-GLOBIOM_1.1,EN_INDCi2030_700f_COV,0.1416637035747025,0.10371235653961854,R10NORTH_AM
MESSAGEix-GLOBIOM_1.1,EN_INDCi2030_700f_COV_NDCp,0.14098989674447984,0.10257410726784735,R10NORTH_AM
MESSAGEix-GLOBIOM_1.1,EN_INDCi2030_700f_NDCp,0.13077847853771832,0.10258376733584496,R10NORTH_AM
MESSAGEix-GLOBIOM_1.1,EN_NPi2020_200f,0.14300615219995913,0.11669944205665732,R10NORTH_AM
MESSAGEix-GLOBIOM_1.1,EN_NPi2020_300f,0.14269431453783232,0.11623804103319998,R10NORTH_AM
MESSAGEix-GLOBIOM_1.1,EN_NPi2020_400f,0.14325057580462466,0.11776336203757513,R10NORTH_AM
MESSAGEix-GLOBIOM_1.1,EN_NPi2020_450,0.1441686293613192,0.124270624906657,R10NORTH_AM
MESSAGEix-GLOBIOM_1.1,EN_NPi2020_450f,0.14237403461580006,0.1162729841553816,R10NORTH_AM
MESSAGEix-GLOBIOM_1.1,EN_NPi2020_500,0.13981538394871937,0.11751415834099989,R10NORTH_AM
MESSAGEix-GLOBIOM_1.1,EN_NPi2020_500f,0.14171088636242904,0.11785922386746843,R10NORTH_AM
MESSAGEix-GLOBIOM_1.1,EN_NPi2020_600,0.13783195445425137,0.11247802801613849,R10NORTH_AM
MESSAGEix-GLOBIOM_1.1,EN_NPi2020_600_COV,0.14509997125444155,0.11329614747244834,R10NORTH_AM
MESSAGEix-GLOBIOM_1.1,EN_NPi2020_600_DR10p,0.13654037076259254,0.10504487343881676,R10NORTH_AM
MESSAGEix-GLOBIOM_1.1,EN_NPi2020_600_DR1p,0.13906919242233398,0.12619050445970642,R10NORTH_AM
MESSAGEix-GLOBIOM_1.1,EN_NPi2020_600_DR2p,0.14079698408414287,0.12066005723560742,R10NORTH_AM
MESSAGEix-GLOBIOM_1.1,EN_NPi2020_600_DR3p,0.1356837611170502,0.11367891191948247,R10NORTH_AM
MESSAGEix-GLOBIOM_1.1,EN_NPi2020_600_DR4p,0.13301750072419025,0.10799524610291804,R10NORTH_AM
MESSAGEix-GLOBIOM_1.1,EN_NPi2020_600f,0.13630509956453915,0.11042882584286626,R10NORTH_AM
MESSAGEix-GLOBIOM_1.1,EN_NPi2020_600f_COV,0.14209969549191173,0.10438894801184394,R10NORTH_AM
MESSAGEix-GLOBIOM_1.1,EN_NPi2020_600f_DR10p,0.12274178839355512,0.09886486615935611,R10NORTH_AM
MESSAGEix-GLOBIOM_1.1,EN_NPi2020_600f_DR1p,0.14208472486126786,0.12521829738872758,R10NORTH_AM
MESSAGEix-GLOBIOM_1.1,EN_NPi2020_600f_DR2p,0.14101917259492402,0.11665261651912817,R10NORTH_AM
MESSAGEix-GLOBIOM_1.1,EN_NPi2020_600f_DR3p,0.13708351860819035,0.11364319642154944,R10NORTH_AM
MESSAGEix-GLOBIOM_1.1,EN_NPi2020_600f_DR4p,0.13862548405924618,0.1158646478122221,R10NORTH_AM
MESSAGEix-GLOBIOM_1.1,EN_NPi2020_700,0.13770071303490833,0.11594294287103749,R10NORTH_AM
MESSAGEix-GLOBIOM_1.1,EN_NPi2020_700_COV,0.14256783912917537,0.11288958461286816,R10NORTH_AM
MESSAGEix-GLOBIOM_1.1,EN_NPi2020_700f,0.13625869882460678,0.10862063484081781,R10NORTH_AM
MESSAGEix-GLOBIOM_1.1,EN_NPi2020_700f_COV,0.1421545744425528,0.0980132832109103,R10NORTH_AM
MESSAGEix-GLOBIOM_1.1,NGFS2_Divergent Net Zero Policies,0.1253956058009811,0.09637325866478902,R10NORTH_AM
MESSAGEix-GLOBIOM_1.1,NGFS2_Net-Zero 2050,0.122383895541576,0.0932214019930322,R10NORTH_AM
REMIND-MAgPIE 1.7-3.0,CD-LINKS_INDC2030i_1000,0.20183945622098493,0.1511418267902127,R10NORTH_AM
REMIND-MAgPIE 1.7-3.0,CD-LINKS_INDC2030i_400,0.22969950168078482,0.1801845016614571,R10NORTH_AM
REMIND-MAgPIE 1.7-3.0,CD-LINKS_NPi2020_1000,0.19746716471251713,0.14675248134401542,R10NORTH_AM
REMIND-MAgPIE 1.7-3.0,CD-LINKS_NPi2020_400,0.2166006964412968,0.17219847269920363,R10NORTH_AM
REMIND-MAgPIE 1.7-3.0,CO_2Deg2020,0.1824340122561667,0.13280588210441194,R10NORTH_AM
REMIND-MAgPIE 1.7-3.0,CO_2Deg2030,0.19598683903257302,0.15145547015934535,R10NORTH_AM
REMIND-MAgPIE 1.7-3.0,CO_Bridge,0.18148344387940743,0.14624697380446613,R10NORTH_AM
REMIND-MAgPIE 1.7-3.0,PEP_1p5C_full_NDC,0.22974199014045857,0.1840540469453489,R10NORTH_AM
REMIND-MAgPIE 1.7-3.0,PEP_1p5C_full_eff,0.21784057941942314,0.17628302349029684,R10NORTH_AM
REMIND-MAgPIE 1.7-3.0,PEP_1p5C_full_goodpractice,0.20587371798431425,0.1758118027577259,R10NORTH_AM
REMIND-MAgPIE 1.7-3.0,PEP_1p5C_full_netzero,0.18922278512169813,0.15829111974790655,R10NORTH_AM
REMIND-MAgPIE 1.7-3.0,PEP_1p5C_red_eff,0.25066572837000967,0.19328593301786204,R10NORTH_AM
REMIND-MAgPIE 1.7-3.0,PEP_2C_full_NDC,0.19598683903257302,0.15145547015934535,R10NORTH_AM
REMIND-MAgPIE 1.7-3.0,PEP_2C_full_eff,0.1824340122561667,0.13280588210441194,R10NORTH_AM
REMIND-MAgPIE 1.7-3.0,PEP_2C_full_goodpractice,0.17697280448467298,0.14047490823173384,R10NORTH_AM
REMIND-MAgPIE 1.7-3.0,PEP_2C_full_netzero,0.1687427820044538,0.1332704564107619,R10NORTH_AM
REMIND-MAgPIE 1.7-3.0,PEP_2C_red_NDC,0.2394109164562323,0.19050365018821097,R10NORTH_AM
REMIND-MAgPIE 1.7-3.0,PEP_2C_red_eff,0.20774853943171265,0.16305600137668172,R10NORTH_AM
REMIND-MAgPIE 1.7-3.0,PEP_2C_red_goodpractice,0.21278742057113662,0.1817668959078629,R10NORTH_AM
REMIND-MAgPIE 1.7-3.0,PEP_2C_red_netzero,0.19984123958016314,0.1704671192688691,R10NORTH_AM
REMIND-MAgPIE 2.1-4.2,CEMICS_SSP1-1p5C-fullCDR,0.08018222394359002,0.08979565223907689,R10NORTH_AM
REMIND-MAgPIE 2.1-4.2,CEMICS_SSP1-1p5C-minCDR,0.08194915692588989,0.09383462801153014,R10NORTH_AM
REMIND-MAgPIE 2.1-4.2,CEMICS_SSP2-1p5C-fullCDR,0.16422388824507822,0.15594855248611586,R10NORTH_AM
REMIND-MAgPIE 2.1-4.2,CEMICS_SSP2-1p5C-minCDR,0.18945169560670222,0.1634060282904166,R10NORTH_AM
REMIND-MAgPIE 2.1-4.2,EN_INDCi2030_300f,0.2992033182161885,0.1727057367277532,R10NORTH_AM
REMIND-MAgPIE 2.1-4.2,EN_INDCi2030_400f,0.28962296347760785,0.16300388994988038,R10NORTH_AM
REMIND-MAgPIE 2.1-4.2,EN_INDCi2030_500f,0.2724842052356374,0.15375660191217777,R10NORTH_AM
REMIND-MAgPIE 2.1-4.2,EN_INDCi2030_600_COV,0.19940684175390563,0.20277138755815677,R10NORTH_AM
REMIND-MAgPIE 2.1-4.2,EN_INDCi2030_600_COV_NDCp,0.1928537237955313,0.19221453963003593,R10NORTH_AM
REMIND-MAgPIE 2.1-4.2,EN_INDCi2030_600f,0.2591040343573087,0.1495454540871043,R10NORTH_AM
REMIND-MAgPIE 2.1-4.2,EN_INDCi2030_600f_COV,0.22809280665018877,0.14452186533075234,R10NORTH_AM
REMIND-MAgPIE 2.1-4.2,EN_INDCi2030_600f_COV_NDCp,0.22544245070307845,0.14295636604359116,R10NORTH_AM
REMIND-MAgPIE 2.1-4.2,EN_INDCi2030_600f_NDCp,0.25786549999713543,0.14812176276650124,R10NORTH_AM
REMIND-MAgPIE 2.1-4.2,EN_NPi2020_200f,0.3025211789799322,0.18056710842611362,R10NORTH_AM
REMIND-MAgPIE 2.1-4.2,EN_NPi2020_300f,0.28033980005155934,0.16512464884276104,R10NORTH_AM
REMIND-MAgPIE 2.1-4.2,EN_NPi2020_400,0.22387184269127647,0.22153106611020715,R10NORTH_AM
REMIND-MAgPIE 2.1-4.2,EN_NPi2020_400f,0.26908402757021765,0.160004081062512,R10NORTH_AM
REMIND-MAgPIE 2.1-4.2,EN_NPi2020_500,0.20214983447047455,0.18359202672414116,R10NORTH_AM
REMIND-MAgPIE 2.1-4.2,EN_NPi2020_500f,0.24845844841491102,0.15104265820451016,R10NORTH_AM
REMIND-MAgPIE 2.1-4.2,EN_NPi2020_600,0.1915737614535123,0.16679147471625067,R10NORTH_AM
REMIND-MAgPIE 2.1-4.2,EN_NPi2020_600_COV,0.1682958360361577,0.15559728064805434,R10NORTH_AM
REMIND-MAgPIE 2.1-4.2,EN_NPi2020_600f,0.23848925832622433,0.14222876560992978,R10NORTH_AM
REMIND-MAgPIE 2.1-4.2,EN_NPi2020_600f_COV,0.18782089185535691,0.13459262996029833,R10NORTH_AM
REMIND-MAgPIE 2.1-4.2,SusDev_SDP-PkBudg1000,0.058141310731408866,0.06995855580194123,R10NORTH_AM
REMIND-MAgPIE 2.1-4.2,SusDev_SSP1-PkBudg900,0.09896270649553456,0.11947258074982042,R10NORTH_AM
REMIND-MAgPIE 2.1-4.2,SusDev_SSP2-PkBudg900,0.20498076318660852,0.17686689987072146,R10NORTH_AM
REMIND-MAgPIE 2.1-4.3,DeepElec_SSP2_ HighRE_Budg900,0.14842544071472877,0.1520100193799341,R10NORTH_AM
REMIND-MAgPIE 2.1-4.3,DeepElec_SSP2_def_Budg1100,0.13021104520940502,0.12015971203485075,R10NORTH_AM
REMIND-MAgPIE 2.1-4.3,DeepElec_SSP2_def_Budg900,0.1542814871845864,0.1478532156298282,R10NORTH_AM
WITCH 5.0,EN_INDCi2030_500f,0.13387215153956986,0.1014516153303953,R10NORTH_AM
WITCH 5.0,EN_NPi2020_400f,0.1355465736357677,0.10367930746098053,R10NORTH_AM
WITCH 5.0,EN_NPi2020_450,0.12450868695426745,0.09817828689689094,R10NORTH_AM
WITCH 5.0,EN_NPi2020_450f,0.13760665592704502,0.10618103478110608,R10NORTH_AM
WITCH 5.0,EN_NPi2020_500,0.13227653218613072,0.09796525949179813,R10NORTH_AM
WITCH 5.0,EN_NPi2020_500f,0.13975417957271796,0.10955139848627586,R10NORTH_AM
