,scenario,model,mean_value,mean_value_2050,region
0,ENGAGE-INDCi2030-1000,IMAGE 3.0,0.5998694935603515,0.7012418572290865,R10LATIN_AM
1,ENGAGE-INDCi2030-1000f,IMAGE 3.0,0.7525400774060103,0.6247665851912276,R10LATIN_AM
2,ENGAGE-INDCi2030-1200,IMAGE 3.0,0.5667126322403777,0.634090596570085,R10LATIN_AM
3,ENGAGE-INDCi2030-1200f,IMAGE 3.0,0.6007285902598327,0.6415125370091979,R10LATIN_AM
4,ENGAGE-INDCi2030-1400f,IMAGE 3.0,0.6378152468973701,0.6575073569023508,R10LATIN_AM
5,ENGAGE-INDCi2030-800f,IMAGE 3.0,0.7573414673422854,0.7315148105665117,R10LATIN_AM
6,ENGAGE-NPi2020-1000,IMAGE 3.0,0.5740701769143072,0.6643159501814541,R10LATIN_AM
7,ENGAGE-NPi2020-1200,IMAGE 3.0,0.5792721316043019,0.6552911105773886,R10LATIN_AM
8,ENGAGE-NPi2020-1400,IMAGE 3.0,0.5962537329317025,0.687071296058164,R10LATIN_AM
9,ENGAGE-NPi2020-1400f,IMAGE 3.0,0.6201796918975867,0.6947754942198534,R10LATIN_AM
10,SSP2021-SSP1-SPA1-19-Default,IMAGE 3.2,0.7391363686922016,1.1348717722059396,R10LATIN_AM
11,SSP2021-SSP1-SPA1-19-Lifestyle-Renewables,IMAGE 3.2,0.928436526621329,1.2204809373527024,R10LATIN_AM
12,SSP2021-SSP1-SPA1-19-Renewables,IMAGE 3.2,0.8810511882018083,1.277064899397427,R10LATIN_AM
13,SSP2021-SSP1-SPA1-26-Default,IMAGE 3.2,0.7097242631233817,1.1078453186713944,R10LATIN_AM
14,SSP2021-SSP1-SPA1-26-Lifestyle,IMAGE 3.2,0.6506340453260591,1.0449536045778645,R10LATIN_AM
15,SSP2021-SSP1-SPA1-26-Lifestyle-Renewables,IMAGE 3.2,0.8649806523490619,1.1371924062784313,R10LATIN_AM
16,SSP2021-SSP1-SPA1-26-Renewables,IMAGE 3.2,0.859631574834872,1.2417708757065524,R10LATIN_AM
17,SSP2021-SSP2-SPA0-26-Default,IMAGE 3.2,0.8239595877593008,1.1320869434000795,R10LATIN_AM
18,SSP2021-SSP2-SPA2-19-Renewables,IMAGE 3.2,1.1158708984248844,1.450723878656794,R10LATIN_AM
19,SSP2021-SSP2-SPA2-26-Default,IMAGE 3.2,0.8197517494111289,1.1516069767311417,R10LATIN_AM
20,SSP2021-SSP2-SPA2-26-Lifestyle,IMAGE 3.2,0.7436674624303709,1.1006708763798985,R10LATIN_AM
21,SSP2021-SSP2-SPA2-26-Lifestyle-Renewables,IMAGE 3.2,0.940169663771405,1.1981531316515595,R10LATIN_AM
22,SSP2021-SSP2-SPA2-26-Renewables,IMAGE 3.2,1.0388074471461275,1.28534522831819,R10LATIN_AM
23,NAVIGATE Demand-1.5°C-ele_u,IMAGE 3.3,0.8470420610959933,1.250460886714896,R10LATIN_AM
24,NAVIGATE Demand-1.5°C-tec_u,IMAGE 3.3,0.7894759152929555,1.178920929675806,R10LATIN_AM
25,NAVIGATE Demand-2.0°C-ele_u,IMAGE 3.3,0.776640764142923,1.1889920148125084,R10LATIN_AM
26,NAVIGATE Demand-2.0°C-ref,IMAGE 3.3,0.7638989940416696,1.1558564156276216,R10LATIN_AM
27,NAVIGATE Demand-2.0°C-tec_u,IMAGE 3.3,0.7047601581469582,1.092983140846588,R10LATIN_AM
28,NGFS Phase 5-Below 2°C,MESSAGEix-GLOBIOM 2.0-M-R12-NGFS,0.536451257396536,0.8809492082371568,R10LATIN_AM
29,NGFS Phase 5-Delayed Transition,MESSAGEix-GLOBIOM 2.0-M-R12-NGFS,0.5369775367346048,0.8820631148152319,R10LATIN_AM
30,NGFS Phase 5-Low Demand,MESSAGEix-GLOBIOM 2.0-M-R12-NGFS,0.3395159830855485,0.6316794203344988,R10LATIN_AM
31,NGFS Phase 5-Nationally Determined Contributions (NDCs),MESSAGEix-GLOBIOM 2.0-M-R12-NGFS,0.5438092617877996,0.8878857608326566,R10LATIN_AM
32,NGFS Phase 5-Net-Zero 2050,MESSAGEix-GLOBIOM 2.0-M-R12-NGFS,0.5794533696752153,0.9420997630438924,R10LATIN_AM
33,ENGAGE-INDCi2030-1000,POLES-JRC ENGAGE,0.8379254251629262,1.0766771433069748,R10LATIN_AM
34,ENGAGE-INDCi2030-1000-COV,POLES-JRC ENGAGE,0.7738010773242274,0.9094301383192905,R10LATIN_AM
35,ENGAGE-INDCi2030-1000-COV-NDCp,POLES-JRC ENGAGE,0.7588384815462029,0.8878714923015352,R10LATIN_AM
36,ENGAGE-INDCi2030-1000-NDCp,POLES-JRC ENGAGE,0.8290529214366004,0.9956334324407556,R10LATIN_AM
37,ENGAGE-INDCi2030-1000f,POLES-JRC ENGAGE,1.000232692047441,0.8778318485581924,R10LATIN_AM
38,ENGAGE-INDCi2030-1000f-COV,POLES-JRC ENGAGE,0.7870751721662356,0.7649562664960685,R10LATIN_AM
39,ENGAGE-INDCi2030-1000f-COV-NDCp,POLES-JRC ENGAGE,0.7607186196704889,0.7243476690904913,R10LATIN_AM
40,ENGAGE-INDCi2030-1000f-NDCp,POLES-JRC ENGAGE,0.9943392395690966,0.819403997819878,R10LATIN_AM
41,ENGAGE-INDCi2030-1200,POLES-JRC ENGAGE,0.7057712719639526,0.8053568979746824,R10LATIN_AM
42,ENGAGE-INDCi2030-1200f,POLES-JRC ENGAGE,0.7216040176958242,0.7144065742665435,R10LATIN_AM
43,ENGAGE-INDCi2030-300f,POLES-JRC ENGAGE,1.599548323890015,1.3392171949991838,R10LATIN_AM
44,ENGAGE-INDCi2030-400f,POLES-JRC ENGAGE,1.439748954712156,1.1893302594419533,R10LATIN_AM
45,ENGAGE-INDCi2030-500f,POLES-JRC ENGAGE,1.337343943348594,1.150612957412914,R10LATIN_AM
46,ENGAGE-INDCi2030-600f,POLES-JRC ENGAGE,1.2220082804072665,1.1400138522988503,R10LATIN_AM
47,ENGAGE-INDCi2030-600f-COV,POLES-JRC ENGAGE,1.1767257266901192,1.1173900826335081,R10LATIN_AM
48,ENGAGE-INDCi2030-600f-COV-NDCp,POLES-JRC ENGAGE,1.1811932344005527,1.1036198482688557,R10LATIN_AM
49,ENGAGE-INDCi2030-600f-NDCp,POLES-JRC ENGAGE,1.2419235139822182,1.1498816836888315,R10LATIN_AM
50,ENGAGE-INDCi2030-700f,POLES-JRC ENGAGE,1.2364900471950315,1.1123697522495783,R10LATIN_AM
51,ENGAGE-INDCi2030-800f,POLES-JRC ENGAGE,1.1373769935123803,1.0678442645429804,R10LATIN_AM
52,ENGAGE-INDCi2030-900,POLES-JRC ENGAGE,0.8861491283131823,1.2805818793953727,R10LATIN_AM
53,ENGAGE-INDCi2030-900f,POLES-JRC ENGAGE,1.104173933191181,0.9432694010965401,R10LATIN_AM
54,ENGAGE-NPi2020-1000f,POLES-JRC ENGAGE,0.7562035481453573,0.7057320217890559,R10LATIN_AM
55,ENGAGE-NPi2020-1000f-COV,POLES-JRC ENGAGE,0.7087083620389796,0.673396058965252,R10LATIN_AM
56,ENGAGE-NPi2020-1200f,POLES-JRC ENGAGE,0.6577757346220987,0.6583141809027796,R10LATIN_AM
57,ENGAGE-NPi2020-900f,POLES-JRC ENGAGE,0.8593492114752949,0.7488253830951955,R10LATIN_AM
58,NGFS Phase 2-Delayed Transition,REMIND-MAgPIE 2.1-4.2,0.7423103819013314,0.9725544628321694,R10LATIN_AM
59,RESCUE-End-of-Century-Budget-1150,REMIND-MAgPIE 3.2.0-4.8.0,1.0976419948614522,1.2967871558153925,R10LATIN_AM
60,RESCUE-End-of-Century-Budget-1150-with-OAE,REMIND-MAgPIE 3.2.0-4.8.0,1.1326219206875736,1.3134868242984852,R10LATIN_AM
61,RESCUE-End-of-Century-Budget-500,REMIND-MAgPIE 3.2.0-4.8.0,1.248181387788692,1.3553913337585288,R10LATIN_AM
62,RESCUE-End-of-Century-Budget-500-with-OAE,REMIND-MAgPIE 3.2.0-4.8.0,1.2017659186896068,1.3498450420355046,R10LATIN_AM
63,RESCUE-Peak-Budget-1150,REMIND-MAgPIE 3.2.0-4.8.0,1.1719893398775834,1.4315904679497893,R10LATIN_AM
64,RESCUE-Peak-Budget-1150-with-OAE,REMIND-MAgPIE 3.2.0-4.8.0,1.1723907386320076,1.4306729232947275,R10LATIN_AM
65,NGFS Phase 5-Below 2°C,REMIND-MAgPIE 3.3-4.8,0.8836128002999464,1.1506317982316843,R10LATIN_AM
66,NGFS Phase 5-Delayed Transition,REMIND-MAgPIE 3.3-4.8,0.8739927807690483,1.1031372071365992,R10LATIN_AM
67,NGFS Phase 5-Low Demand,REMIND-MAgPIE 3.3-4.8,0.5352158493864958,0.716459190487127,R10LATIN_AM
68,NGFS Phase 5-Net-Zero 2050,REMIND-MAgPIE 3.3-4.8,1.0211602899205632,1.3646129435670895,R10LATIN_AM
69,ENGAGE-INDCi2030-1000,WITCH 5.0,0.569374321372912,0.8126324089530397,R10LATIN_AM
70,ENGAGE-INDCi2030-1000-NDCp,WITCH 5.0,0.5995932194363219,0.8092748456694172,R10LATIN_AM
71,ENGAGE-INDCi2030-1000f,WITCH 5.0,0.5777550529288642,0.8201797625863749,R10LATIN_AM
72,ENGAGE-INDCi2030-1000f-NDCp,WITCH 5.0,0.6212067807636471,0.8270875700644261,R10LATIN_AM
73,ENGAGE-INDCi2030-1200,WITCH 5.0,0.6283725868389318,0.8687468782916109,R10LATIN_AM
74,ENGAGE-INDCi2030-1200-NDCp,WITCH 5.0,0.6384252044227012,0.8592205934287496,R10LATIN_AM
75,ENGAGE-INDCi2030-1200f,WITCH 5.0,0.6065920430662202,0.8588951779097305,R10LATIN_AM
76,ENGAGE-INDCi2030-1200f-NDCp,WITCH 5.0,0.6434732250303355,0.8567774220568162,R10LATIN_AM
77,ENGAGE-INDCi2030-1400,WITCH 5.0,0.6380551285585011,0.8891305246857344,R10LATIN_AM
78,ENGAGE-INDCi2030-1400-NDCp,WITCH 5.0,0.6631499951125357,0.8764246716411954,R10LATIN_AM
79,ENGAGE-INDCi2030-1400f,WITCH 5.0,0.6268870221250408,0.8833158452302519,R10LATIN_AM
80,ENGAGE-INDCi2030-1400f-NDCp,WITCH 5.0,0.6622206271533753,0.8781818436807222,R10LATIN_AM
81,ENGAGE-INDCi2030-1600-NDCp,WITCH 5.0,0.6852496881140547,0.885410964358295,R10LATIN_AM
82,ENGAGE-INDCi2030-500f,WITCH 5.0,0.5096723431672702,0.7109717605868564,R10LATIN_AM
83,ENGAGE-INDCi2030-600f,WITCH 5.0,0.5183390579707948,0.7080919253755021,R10LATIN_AM
84,ENGAGE-INDCi2030-600f-NDCp,WITCH 5.0,0.5651692280664206,0.7289398314253713,R10LATIN_AM
85,ENGAGE-INDCi2030-700f,WITCH 5.0,0.537817138525753,0.7488508118769629,R10LATIN_AM
86,ENGAGE-INDCi2030-700f-NDCp,WITCH 5.0,0.580311505988335,0.756638044492861,R10LATIN_AM
87,ENGAGE-INDCi2030-800,WITCH 5.0,0.5557274927293337,0.7356473133673591,R10LATIN_AM
88,ENGAGE-INDCi2030-800-NDCp,WITCH 5.0,0.5694907434796154,0.7337902758319981,R10LATIN_AM
89,ENGAGE-INDCi2030-800f,WITCH 5.0,0.55852510769047,0.7874514914693668,R10LATIN_AM
90,ENGAGE-INDCi2030-800f-NDCp,WITCH 5.0,0.5972902188061013,0.7901206132853972,R10LATIN_AM
91,ENGAGE-INDCi2030-900,WITCH 5.0,0.5865689046625615,0.7912502640094811,R10LATIN_AM
92,ENGAGE-INDCi2030-900-NDCp,WITCH 5.0,0.5725961533700246,0.7598087400529292,R10LATIN_AM
93,ENGAGE-INDCi2030-900f,WITCH 5.0,0.569032251861396,0.8089447174580866,R10LATIN_AM
94,ENGAGE-INDCi2030-900f-NDCp,WITCH 5.0,0.6084196319820148,0.8103094556888524,R10LATIN_AM
95,ENGAGE-INDCi2030-1000,IMAGE 3.0,0.6464259455016087,0.9270747896613079,R10INDIA+
96,ENGAGE-INDCi2030-1000f,IMAGE 3.0,0.6713738099625964,0.8583881629551312,R10INDIA+
97,ENGAGE-INDCi2030-1200,IMAGE 3.0,0.6035586647908573,0.8650802179906976,R10INDIA+
98,ENGAGE-INDCi2030-1200f,IMAGE 3.0,0.6042344350828609,0.8481041234110531,R10INDIA+
99,ENGAGE-INDCi2030-1400f,IMAGE 3.0,0.6132841222148308,0.8501648792363452,R10INDIA+
100,ENGAGE-INDCi2030-800f,IMAGE 3.0,0.6748240295229321,0.9180995226819803,R10INDIA+
101,ENGAGE-NPi2020-1000,IMAGE 3.0,0.6249232789063065,0.885824475248588,R10INDIA+
102,ENGAGE-NPi2020-1200,IMAGE 3.0,0.6116942383645833,0.8717606999804126,R10INDIA+
103,ENGAGE-NPi2020-1400,IMAGE 3.0,0.6157130096109262,0.890559844934812,R10INDIA+
104,ENGAGE-NPi2020-1400f,IMAGE 3.0,0.621975032410966,0.8844481946641966,R10INDIA+
105,SSP2021-SSP1-SPA1-19-Default,IMAGE 3.2,0.6831849803182584,1.2263943724166002,R10INDIA+
106,SSP2021-SSP1-SPA1-19-Lifestyle-Renewables,IMAGE 3.2,0.7230851304858417,1.1173243743935413,R10INDIA+
107,SSP2021-SSP1-SPA1-19-Renewables,IMAGE 3.2,0.7865031256051201,1.4221854038473356,R10INDIA+
108,SSP2021-SSP1-SPA1-26-Default,IMAGE 3.2,0.59955489038474,0.9888259976893113,R10INDIA+
109,SSP2021-SSP1-SPA1-26-Lifestyle,IMAGE 3.2,0.5487726697578998,0.914299441871036,R10INDIA+
110,SSP2021-SSP1-SPA1-26-Lifestyle-Renewables,IMAGE 3.2,0.6585632539921144,0.9826855821806791,R10INDIA+
111,SSP2021-SSP1-SPA1-26-Renewables,IMAGE 3.2,0.6490531792083439,1.1988289582190692,R10INDIA+
112,SSP2021-SSP2-SPA0-26-Default,IMAGE 3.2,0.678990747609505,0.960681620286159,R10INDIA+
113,SSP2021-SSP2-SPA2-19-Renewables,IMAGE 3.2,0.9048475222715067,1.4560400741945123,R10INDIA+
114,SSP2021-SSP2-SPA2-26-Default,IMAGE 3.2,0.6673462629649788,0.9959447118748346,R10INDIA+
115,SSP2021-SSP2-SPA2-26-Lifestyle,IMAGE 3.2,0.6312389031339254,0.9862179854139671,R10INDIA+
116,SSP2021-SSP2-SPA2-26-Lifestyle-Renewables,IMAGE 3.2,0.7087880643007461,1.1333392196007672,R10INDIA+
117,SSP2021-SSP2-SPA2-26-Renewables,IMAGE 3.2,0.7937434408735855,1.2205564031918519,R10INDIA+
118,NAVIGATE Demand-1.5°C-ele_u,IMAGE 3.3,0.787411387414078,1.350862985009051,R10INDIA+
119,NAVIGATE Demand-1.5°C-tec_u,IMAGE 3.3,0.7771493324512612,1.4253150079154084,R10INDIA+
120,NAVIGATE Demand-2.0°C-ele_u,IMAGE 3.3,0.6548915904760526,1.0044997702039187,R10INDIA+
121,NAVIGATE Demand-2.0°C-ref,IMAGE 3.3,0.6429367895122831,1.022447914379502,R10INDIA+
122,NAVIGATE Demand-2.0°C-tec_u,IMAGE 3.3,0.5993129812797076,0.9524478122001095,R10INDIA+
123,NGFS Phase 5-Below 2°C,MESSAGEix-GLOBIOM 2.0-M-R12-NGFS,0.3781015915011039,0.6463887169912327,R10INDIA+
124,NGFS Phase 5-Delayed Transition,MESSAGEix-GLOBIOM 2.0-M-R12-NGFS,0.37504907388956876,0.6423655965353097,R10INDIA+
125,NGFS Phase 5-Low Demand,MESSAGEix-GLOBIOM 2.0-M-R12-NGFS,0.29903933005438954,0.592736514240682,R10INDIA+
126,NGFS Phase 5-Nationally Determined Contributions (NDCs),MESSAGEix-GLOBIOM 2.0-M-R12-NGFS,0.34578438594289146,0.5857936781365843,R10INDIA+
127,NGFS Phase 5-Net-Zero 2050,MESSAGEix-GLOBIOM 2.0-M-R12-NGFS,0.4226418702578585,0.7423478935581881,R10INDIA+
128,ENGAGE-INDCi2030-1000,POLES-JRC ENGAGE,0.9773295747952644,1.3289457996994147,R10INDIA+
129,ENGAGE-INDCi2030-1000-COV,POLES-JRC ENGAGE,0.8707415009145734,1.1917941972125923,R10INDIA+
130,ENGAGE-INDCi2030-1000-COV-NDCp,POLES-JRC ENGAGE,0.8583832083948832,1.1847776935974021,R10INDIA+
131,ENGAGE-INDCi2030-1000-NDCp,POLES-JRC ENGAGE,0.9573545494726279,1.3187361204130519,R10INDIA+
132,ENGAGE-INDCi2030-1000f,POLES-JRC ENGAGE,0.9333622066498329,1.1675122786286214,R10INDIA+
133,ENGAGE-INDCi2030-1000f-COV,POLES-JRC ENGAGE,0.8393029905721945,1.0223575994142098,R10INDIA+
134,ENGAGE-INDCi2030-1000f-COV-NDCp,POLES-JRC ENGAGE,0.8140792747814215,0.9953050052260322,R10INDIA+
135,ENGAGE-INDCi2030-1000f-NDCp,POLES-JRC ENGAGE,0.8842300534590393,1.0539910599506144,R10INDIA+
136,ENGAGE-INDCi2030-1200,POLES-JRC ENGAGE,0.8061792445826282,1.08069668931211,R10INDIA+
137,ENGAGE-INDCi2030-1200f,POLES-JRC ENGAGE,0.771471898024793,0.9815036930006726,R10INDIA+
138,ENGAGE-INDCi2030-300f,POLES-JRC ENGAGE,1.2090594706918807,1.3097549383924822,R10INDIA+
139,ENGAGE-INDCi2030-400f,POLES-JRC ENGAGE,1.193424295261674,1.33812515857919,R10INDIA+
140,ENGAGE-INDCi2030-500f,POLES-JRC ENGAGE,1.1680157507228703,1.3203828675792715,R10INDIA+
141,ENGAGE-INDCi2030-600f,POLES-JRC ENGAGE,1.144918706689869,1.325256332282776,R10INDIA+
142,ENGAGE-INDCi2030-600f-COV,POLES-JRC ENGAGE,1.076863845488579,1.2901847791111425,R10INDIA+
143,ENGAGE-INDCi2030-600f-COV-NDCp,POLES-JRC ENGAGE,1.1475978054396057,1.3324376868212582,R10INDIA+
144,ENGAGE-INDCi2030-600f-NDCp,POLES-JRC ENGAGE,1.141694769667105,1.3796204317397907,R10INDIA+
145,ENGAGE-INDCi2030-700f,POLES-JRC ENGAGE,1.1216107867262322,1.3324872590144863,R10INDIA+
146,ENGAGE-INDCi2030-800f,POLES-JRC ENGAGE,1.073264147245421,1.3183935404588136,R10INDIA+
147,ENGAGE-INDCi2030-900,POLES-JRC ENGAGE,1.1151450490282058,1.3221811525465523,R10INDIA+
148,ENGAGE-INDCi2030-900f,POLES-JRC ENGAGE,1.2264468559058948,1.2151243301828143,R10INDIA+
149,ENGAGE-NPi2020-1000f,POLES-JRC ENGAGE,0.8432989048408537,1.0645797631447143,R10INDIA+
150,ENGAGE-NPi2020-1000f-COV,POLES-JRC ENGAGE,0.7999997868180382,0.9831037116424663,R10INDIA+
151,ENGAGE-NPi2020-1200f,POLES-JRC ENGAGE,0.7820690269678936,1.0039601228391597,R10INDIA+
152,ENGAGE-NPi2020-900f,POLES-JRC ENGAGE,0.8904067125670048,1.1030014332121576,R10INDIA+
153,NGFS Phase 2-Delayed Transition,REMIND-MAgPIE 2.1-4.2,1.4825851744432255,1.860826901161491,R10INDIA+
154,RESCUE-End-of-Century-Budget-1150,REMIND-MAgPIE 3.2.0-4.8.0,1.9737578081510563,2.22822978253433,R10INDIA+
155,RESCUE-End-of-Century-Budget-1150-with-OAE,REMIND-MAgPIE 3.2.0-4.8.0,1.9702329704126542,2.2275730330778307,R10INDIA+
156,RESCUE-End-of-Century-Budget-500,REMIND-MAgPIE 3.2.0-4.8.0,2.0326050988349618,2.32158133430877,R10INDIA+
157,RESCUE-End-of-Century-Budget-500-with-OAE,REMIND-MAgPIE 3.2.0-4.8.0,2.023939773276051,2.3166480595840264,R10INDIA+
158,RESCUE-Peak-Budget-1150,REMIND-MAgPIE 3.2.0-4.8.0,1.8444003207290396,2.34833590143043,R10INDIA+
159,RESCUE-Peak-Budget-1150-with-OAE,REMIND-MAgPIE 3.2.0-4.8.0,1.8449188390820197,2.348767606430849,R10INDIA+
160,NGFS Phase 5-Below 2°C,REMIND-MAgPIE 3.3-4.8,1.38267346192623,1.8911573627978409,R10INDIA+
161,NGFS Phase 5-Delayed Transition,REMIND-MAgPIE 3.3-4.8,1.4732039169243696,1.941374644655867,R10INDIA+
162,NGFS Phase 5-Low Demand,REMIND-MAgPIE 3.3-4.8,1.140168382190562,1.5996557146947654,R10INDIA+
163,NGFS Phase 5-Net-Zero 2050,REMIND-MAgPIE 3.3-4.8,1.5956521117111397,2.304580469025945,R10INDIA+
164,ENGAGE-INDCi2030-1000,WITCH 5.0,0.5131991008546632,0.685075279595506,R10INDIA+
165,ENGAGE-INDCi2030-1000-NDCp,WITCH 5.0,0.5095790779768578,0.6825800202649736,R10INDIA+
166,ENGAGE-INDCi2030-1000f,WITCH 5.0,0.5043730654836124,0.6697866652938467,R10INDIA+
167,ENGAGE-INDCi2030-1000f-NDCp,WITCH 5.0,0.5026976737602333,0.6638156616946906,R10INDIA+
168,ENGAGE-INDCi2030-1200,WITCH 5.0,0.5016466519678611,0.6638296198770258,R10INDIA+
169,ENGAGE-INDCi2030-1200-NDCp,WITCH 5.0,0.5027549327500631,0.6624939233414489,R10INDIA+
170,ENGAGE-INDCi2030-1200f,WITCH 5.0,0.49856465518199744,0.6606490923395151,R10INDIA+
171,ENGAGE-INDCi2030-1200f-NDCp,WITCH 5.0,0.495858703263911,0.6574658884961357,R10INDIA+
172,ENGAGE-INDCi2030-1400,WITCH 5.0,0.4966270347713859,0.6564551464374957,R10INDIA+
173,ENGAGE-INDCi2030-1400-NDCp,WITCH 5.0,0.49465473992087944,0.6533905250988331,R10INDIA+
174,ENGAGE-INDCi2030-1400f,WITCH 5.0,0.49363045409139716,0.6532513960343586,R10INDIA+
175,ENGAGE-INDCi2030-1400f-NDCp,WITCH 5.0,0.4926070538084737,0.6525590792471886,R10INDIA+
176,ENGAGE-INDCi2030-1600-NDCp,WITCH 5.0,0.4949484604761648,0.6600932049888133,R10INDIA+
177,ENGAGE-INDCi2030-500f,WITCH 5.0,0.5412449218460833,0.7027872580227887,R10INDIA+
178,ENGAGE-INDCi2030-600f,WITCH 5.0,0.5353576584862321,0.7001789243256763,R10INDIA+
179,ENGAGE-INDCi2030-600f-NDCp,WITCH 5.0,0.5307906918249976,0.6922872570184018,R10INDIA+
180,ENGAGE-INDCi2030-700f,WITCH 5.0,0.5256769506055592,0.688426348698053,R10INDIA+
181,ENGAGE-INDCi2030-700f-NDCp,WITCH 5.0,0.5210434966292966,0.6844141003427742,R10INDIA+
182,ENGAGE-INDCi2030-800,WITCH 5.0,0.5193496501735668,0.7051068455076837,R10INDIA+
183,ENGAGE-INDCi2030-800-NDCp,WITCH 5.0,0.5154603488859372,0.7006731916021651,R10INDIA+
184,ENGAGE-INDCi2030-800f,WITCH 5.0,0.5185592069717332,0.6839645592022022,R10INDIA+
185,ENGAGE-INDCi2030-800f-NDCp,WITCH 5.0,0.5157513022075283,0.6828044907036728,R10INDIA+
186,ENGAGE-INDCi2030-900,WITCH 5.0,0.5175067941352266,0.6980144727814772,R10INDIA+
187,ENGAGE-INDCi2030-900-NDCp,WITCH 5.0,0.5079962374570944,0.6892392417556119,R10INDIA+
188,ENGAGE-INDCi2030-900f,WITCH 5.0,0.5118198397877637,0.6850141220476531,R10INDIA+
189,ENGAGE-INDCi2030-900f-NDCp,WITCH 5.0,0.5103263259439106,0.6856242453637728,R10INDIA+
190,ENGAGE-INDCi2030-1000,IMAGE 3.0,0.46814657505713825,0.7442667250287844,R10AFRICA
191,ENGAGE-INDCi2030-1000f,IMAGE 3.0,0.4889448222277804,0.6938544243096687,R10AFRICA
192,ENGAGE-INDCi2030-1200,IMAGE 3.0,0.4469733644292688,0.693030037492908,R10AFRICA
193,ENGAGE-INDCi2030-1200f,IMAGE 3.0,0.45783588859563906,0.698985098684693,R10AFRICA
194,ENGAGE-INDCi2030-1400f,IMAGE 3.0,0.4673447411565511,0.7097047758914228,R10AFRICA
195,ENGAGE-INDCi2030-800f,IMAGE 3.0,0.4976180814605872,0.7338843139287154,R10AFRICA
196,ENGAGE-NPi2020-1000,IMAGE 3.0,0.4572899873909251,0.7251443276163603,R10AFRICA
197,ENGAGE-NPi2020-1200,IMAGE 3.0,0.45203458752360437,0.7099569463803265,R10AFRICA
198,ENGAGE-NPi2020-1400,IMAGE 3.0,0.4634490948806849,0.7340530870009914,R10AFRICA
199,ENGAGE-NPi2020-1400f,IMAGE 3.0,0.4683533832638989,0.7312609194238661,R10AFRICA
200,SSP2021-SSP1-SPA1-19-Default,IMAGE 3.2,0.5157145857142371,0.9278839957219815,R10AFRICA
201,SSP2021-SSP1-SPA1-19-Lifestyle-Renewables,IMAGE 3.2,0.6789791606785227,1.0523416776401497,R10AFRICA
202,SSP2021-SSP1-SPA1-19-Renewables,IMAGE 3.2,0.6246111250089781,1.0779438884463792,R10AFRICA
203,SSP2021-SSP1-SPA1-26-Default,IMAGE 3.2,0.5120430741078894,0.9366648408412023,R10AFRICA
204,SSP2021-SSP1-SPA1-26-Lifestyle,IMAGE 3.2,0.48524374647947727,0.9109446586672887,R10AFRICA
205,SSP2021-SSP1-SPA1-26-Lifestyle-Renewables,IMAGE 3.2,0.6387194209930918,1.0333975611124266,R10AFRICA
206,SSP2021-SSP1-SPA1-26-Renewables,IMAGE 3.2,0.6078617351337801,1.072824750197338,R10AFRICA
207,SSP2021-SSP2-SPA0-26-Default,IMAGE 3.2,0.7499193759135643,1.2038142199862774,R10AFRICA
208,SSP2021-SSP2-SPA2-19-Renewables,IMAGE 3.2,0.8389321939211253,1.307152118417554,R10AFRICA
209,SSP2021-SSP2-SPA2-26-Default,IMAGE 3.2,0.5967873819707641,1.0050368517017392,R10AFRICA
210,SSP2021-SSP2-SPA2-26-Lifestyle,IMAGE 3.2,0.5413432981105024,0.9402447898617268,R10AFRICA
211,SSP2021-SSP2-SPA2-26-Lifestyle-Renewables,IMAGE 3.2,0.6483187484162775,1.0527256627518944,R10AFRICA
212,SSP2021-SSP2-SPA2-26-Renewables,IMAGE 3.2,0.7367749220807221,1.1462905648213864,R10AFRICA
213,NAVIGATE Demand-1.5°C-ele_u,IMAGE 3.3,0.7290463497706235,1.2070094301438532,R10AFRICA
214,NAVIGATE Demand-1.5°C-tec_u,IMAGE 3.3,0.6956281520723125,1.1702536800877255,R10AFRICA
215,NAVIGATE Demand-2.0°C-ele_u,IMAGE 3.3,0.7052558632332308,1.19972053782624,R10AFRICA
216,NAVIGATE Demand-2.0°C-ref,IMAGE 3.3,0.6705877545124088,1.1750259863524337,R10AFRICA
217,NAVIGATE Demand-2.0°C-tec_u,IMAGE 3.3,0.6685111560951014,1.1669008170635136,R10AFRICA
218,NGFS Phase 5-Below 2°C,MESSAGEix-GLOBIOM 2.0-M-R12-NGFS,0.5759764362267313,0.8928530795260856,R10AFRICA
219,NGFS Phase 5-Delayed Transition,MESSAGEix-GLOBIOM 2.0-M-R12-NGFS,0.5519047691191288,0.8347223528242261,R10AFRICA
220,NGFS Phase 5-Low Demand,MESSAGEix-GLOBIOM 2.0-M-R12-NGFS,0.4030938201925797,0.8087916198789139,R10AFRICA
221,NGFS Phase 5-Nationally Determined Contributions (NDCs),MESSAGEix-GLOBIOM 2.0-M-R12-NGFS,0.5474757744289805,0.8598876893973777,R10AFRICA
222,NGFS Phase 5-Net-Zero 2050,MESSAGEix-GLOBIOM 2.0-M-R12-NGFS,0.6332082500507447,1.013425046881117,R10AFRICA
223,ENGAGE-INDCi2030-1000,POLES-JRC ENGAGE,0.4947183089588536,0.7147222576153036,R10AFRICA
224,ENGAGE-INDCi2030-1000-COV,POLES-JRC ENGAGE,0.5013852635160705,0.7181217562694553,R10AFRICA
225,ENGAGE-INDCi2030-1000-COV-NDCp,POLES-JRC ENGAGE,0.5974614930936548,0.7102193653963914,R10AFRICA
226,ENGAGE-INDCi2030-1000-NDCp,POLES-JRC ENGAGE,0.46183829359605333,0.6611305695876258,R10AFRICA
227,ENGAGE-INDCi2030-1000f,POLES-JRC ENGAGE,0.49554684021679585,0.6319912340542776,R10AFRICA
228,ENGAGE-INDCi2030-1000f-COV,POLES-JRC ENGAGE,0.45711344255275943,0.564403414302112,R10AFRICA
229,ENGAGE-INDCi2030-1000f-COV-NDCp,POLES-JRC ENGAGE,0.4657255082234235,0.5959314202981982,R10AFRICA
230,ENGAGE-INDCi2030-1000f-NDCp,POLES-JRC ENGAGE,0.44200522480663884,0.5360277266098263,R10AFRICA
231,ENGAGE-INDCi2030-1200,POLES-JRC ENGAGE,0.4112282846643363,0.5524610200319785,R10AFRICA
232,ENGAGE-INDCi2030-1200f,POLES-JRC ENGAGE,0.39252279554111424,0.5149220907568971,R10AFRICA
233,ENGAGE-INDCi2030-300f,POLES-JRC ENGAGE,0.6878733361313862,0.7748614736487968,R10AFRICA
234,ENGAGE-INDCi2030-400f,POLES-JRC ENGAGE,0.6222255917391162,0.7628663504922435,R10AFRICA
235,ENGAGE-INDCi2030-500f,POLES-JRC ENGAGE,0.6586902456207641,0.7493758772022605,R10AFRICA
236,ENGAGE-INDCi2030-600f,POLES-JRC ENGAGE,0.6288570558092225,0.7416022603596253,R10AFRICA
237,ENGAGE-INDCi2030-600f-COV,POLES-JRC ENGAGE,0.6583016872306497,0.8286951748267677,R10AFRICA
238,ENGAGE-INDCi2030-600f-COV-NDCp,POLES-JRC ENGAGE,0.6655041837424208,0.8541333300436024,R10AFRICA
239,ENGAGE-INDCi2030-600f-NDCp,POLES-JRC ENGAGE,0.5747099742424623,0.7121522875120189,R10AFRICA
240,ENGAGE-INDCi2030-700f,POLES-JRC ENGAGE,0.5613880130003067,0.7151257825174989,R10AFRICA
241,ENGAGE-INDCi2030-800f,POLES-JRC ENGAGE,0.6099166622051584,0.6928816210500544,R10AFRICA
242,ENGAGE-INDCi2030-900,POLES-JRC ENGAGE,0.5298952161278241,0.793925493658569,R10AFRICA
243,ENGAGE-INDCi2030-900f,POLES-JRC ENGAGE,0.5274229948263944,0.6637323430713938,R10AFRICA
244,ENGAGE-NPi2020-1000f,POLES-JRC ENGAGE,0.41252069547727527,0.5104604537351558,R10AFRICA
245,ENGAGE-NPi2020-1000f-COV,POLES-JRC ENGAGE,0.4313502176691353,0.5350489599486746,R10AFRICA
246,ENGAGE-NPi2020-1200f,POLES-JRC ENGAGE,0.3875445127685354,0.49208180749330777,R10AFRICA
247,ENGAGE-NPi2020-900f,POLES-JRC ENGAGE,0.426585817386009,0.5271475011753457,R10AFRICA
248,NGFS Phase 2-Delayed Transition,REMIND-MAgPIE 2.1-4.2,0.8232802889849923,1.0008135906174236,R10AFRICA
249,RESCUE-End-of-Century-Budget-1150,REMIND-MAgPIE 3.2.0-4.8.0,1.0948437259867092,1.050049854512598,R10AFRICA
250,RESCUE-End-of-Century-Budget-1150-with-OAE,REMIND-MAgPIE 3.2.0-4.8.0,1.11811743736875,1.0528719956267285,R10AFRICA
251,RESCUE-End-of-Century-Budget-500,REMIND-MAgPIE 3.2.0-4.8.0,1.0871912335530451,1.1165177841572975,R10AFRICA
252,RESCUE-End-of-Century-Budget-500-with-OAE,REMIND-MAgPIE 3.2.0-4.8.0,1.1343049983057139,1.117705003601034,R10AFRICA
253,RESCUE-Peak-Budget-1150,REMIND-MAgPIE 3.2.0-4.8.0,1.1404706048506583,1.1717997816244325,R10AFRICA
254,RESCUE-Peak-Budget-1150-with-OAE,REMIND-MAgPIE 3.2.0-4.8.0,1.13729335898212,1.1647418543930197,R10AFRICA
255,NGFS Phase 5-Below 2°C,REMIND-MAgPIE 3.3-4.8,1.1847892833984157,1.2603647371886828,R10AFRICA
256,NGFS Phase 5-Delayed Transition,REMIND-MAgPIE 3.3-4.8,1.1974015824542417,1.2415900579652432,R10AFRICA
257,NGFS Phase 5-Low Demand,REMIND-MAgPIE 3.3-4.8,0.7286075813672332,0.811436281357327,R10AFRICA
258,NGFS Phase 5-Net-Zero 2050,REMIND-MAgPIE 3.3-4.8,1.3111304319936585,1.4655107777228438,R10AFRICA
259,ENGAGE-INDCi2030-1000,WITCH 5.0,0.2820803067808267,0.4234491341955172,R10AFRICA
260,ENGAGE-INDCi2030-1000-NDCp,WITCH 5.0,0.2876792613878257,0.4325096101406869,R10AFRICA
261,ENGAGE-INDCi2030-1000f,WITCH 5.0,0.2848803017796789,0.423155905561061,R10AFRICA
262,ENGAGE-INDCi2030-1000f-NDCp,WITCH 5.0,0.2858441164845335,0.42868711653190056,R10AFRICA
263,ENGAGE-INDCi2030-1200,WITCH 5.0,0.28739579757050154,0.4338842585862949,R10AFRICA
264,ENGAGE-INDCi2030-1200-NDCp,WITCH 5.0,0.2881445387192243,0.4398414301896632,R10AFRICA
265,ENGAGE-INDCi2030-1200f,WITCH 5.0,0.2766792290430341,0.4293622582483761,R10AFRICA
266,ENGAGE-INDCi2030-1200f-NDCp,WITCH 5.0,0.2768744713814947,0.43289304232660225,R10AFRICA
267,ENGAGE-INDCi2030-1400,WITCH 5.0,0.2839034100137805,0.43981145705658775,R10AFRICA
268,ENGAGE-INDCi2030-1400-NDCp,WITCH 5.0,0.2854373126497738,0.44667662459440594,R10AFRICA
269,ENGAGE-INDCi2030-1400f,WITCH 5.0,0.2777140329070573,0.4379689500231372,R10AFRICA
270,ENGAGE-INDCi2030-1400f-NDCp,WITCH 5.0,0.28226300000637417,0.44759349737806225,R10AFRICA
271,ENGAGE-INDCi2030-1600-NDCp,WITCH 5.0,0.2919559345498131,0.46889717240864115,R10AFRICA
272,ENGAGE-INDCi2030-500f,WITCH 5.0,0.30348039154794676,0.42151742678631937,R10AFRICA
273,ENGAGE-INDCi2030-600f,WITCH 5.0,0.295955925674666,0.4115224560843566,R10AFRICA
274,ENGAGE-INDCi2030-600f-NDCp,WITCH 5.0,0.2927322806146903,0.41100624478481457,R10AFRICA
275,ENGAGE-INDCi2030-700f,WITCH 5.0,0.28758982579644266,0.4043701913523162,R10AFRICA
276,ENGAGE-INDCi2030-700f-NDCp,WITCH 5.0,0.2890158141865532,0.410402069410871,R10AFRICA
277,ENGAGE-INDCi2030-800,WITCH 5.0,0.2795309607422942,0.42238775506259124,R10AFRICA
278,ENGAGE-INDCi2030-800-NDCp,WITCH 5.0,0.27981310927210173,0.4228544817772196,R10AFRICA
279,ENGAGE-INDCi2030-800f,WITCH 5.0,0.2831141205372242,0.4111679293574823,R10AFRICA
280,ENGAGE-INDCi2030-800f-NDCp,WITCH 5.0,0.2829842212207018,0.4173624989558879,R10AFRICA
281,ENGAGE-INDCi2030-900,WITCH 5.0,0.2762565765878517,0.417217772362761,R10AFRICA
282,ENGAGE-INDCi2030-900-NDCp,WITCH 5.0,0.26949551244819114,0.4159523652149039,R10AFRICA
283,ENGAGE-INDCi2030-900f,WITCH 5.0,0.2822759053520649,0.4179496126675659,R10AFRICA
284,ENGAGE-INDCi2030-900f-NDCp,WITCH 5.0,0.28592156470830554,0.42594477173373724,R10AFRICA
285,ENGAGE-INDCi2030-1000,IMAGE 3.0,0.24667461205180002,0.4193218293561044,R10CHINA+
286,ENGAGE-INDCi2030-1000f,IMAGE 3.0,0.26432971008030964,0.400127927060096,R10CHINA+
287,ENGAGE-INDCi2030-1200,IMAGE 3.0,0.24203873950908628,0.41287215500890684,R10CHINA+
288,ENGAGE-INDCi2030-1200f,IMAGE 3.0,0.2470904054511599,0.39966453383079487,R10CHINA+
289,ENGAGE-INDCi2030-1400f,IMAGE 3.0,0.24734592164057329,0.40181496082474666,R10CHINA+
290,ENGAGE-INDCi2030-800f,IMAGE 3.0,0.2697633823855501,0.42087841841650914,R10CHINA+
291,ENGAGE-NPi2020-1000,IMAGE 3.0,0.2404781919278668,0.4045375786585716,R10CHINA+
292,ENGAGE-NPi2020-1200,IMAGE 3.0,0.23809297292456785,0.40361115122568336,R10CHINA+
293,ENGAGE-NPi2020-1400,IMAGE 3.0,0.23606107737257087,0.39870948140237916,R10CHINA+
294,ENGAGE-NPi2020-1400f,IMAGE 3.0,0.2257436023972978,0.3736779998087599,R10CHINA+
295,SSP2021-SSP1-SPA1-19-Default,IMAGE 3.2,0.4041793027607604,0.6580361473243972,R10CHINA+
296,SSP2021-SSP1-SPA1-19-Lifestyle-Renewables,IMAGE 3.2,0.44395337268831364,0.6665233301411486,R10CHINA+
297,SSP2021-SSP1-SPA1-19-Renewables,IMAGE 3.2,0.4054080822712275,0.6778580751642305,R10CHINA+
298,SSP2021-SSP1-SPA1-26-Default,IMAGE 3.2,0.3710263626716239,0.5881879536696537,R10CHINA+
299,SSP2021-SSP1-SPA1-26-Lifestyle,IMAGE 3.2,0.34781726439773897,0.5737676648569324,R10CHINA+
300,SSP2021-SSP1-SPA1-26-Lifestyle-Renewables,IMAGE 3.2,0.40146453191212694,0.5812360885720036,R10CHINA+
301,SSP2021-SSP1-SPA1-26-Renewables,IMAGE 3.2,0.4164380526038043,0.6907916352870472,R10CHINA+
302,SSP2021-SSP2-SPA0-26-Default,IMAGE 3.2,0.36948269836423137,0.5343879177267341,R10CHINA+
303,SSP2021-SSP2-SPA2-19-Renewables,IMAGE 3.2,0.5175652632612348,0.7538516199523945,R10CHINA+
304,SSP2021-SSP2-SPA2-26-Default,IMAGE 3.2,0.3742243772989667,0.5616564184737288,R10CHINA+
305,SSP2021-SSP2-SPA2-26-Lifestyle,IMAGE 3.2,0.3429386374831958,0.5246183105409035,R10CHINA+
306,SSP2021-SSP2-SPA2-26-Lifestyle-Renewables,IMAGE 3.2,0.4048076435619017,0.5773124661434683,R10CHINA+
307,SSP2021-SSP2-SPA2-26-Renewables,IMAGE 3.2,0.45220659288183424,0.6437956236905825,R10CHINA+
308,NAVIGATE Demand-1.5°C-ele_u,IMAGE 3.3,0.4764168740296976,0.8159345903848298,R10CHINA+
309,NAVIGATE Demand-1.5°C-tec_u,IMAGE 3.3,0.42183908513637675,0.7365869586944748,R10CHINA+
310,NAVIGATE Demand-2.0°C-ele_u,IMAGE 3.3,0.39900387530001,0.5839663792553685,R10CHINA+
311,NAVIGATE Demand-2.0°C-ref,IMAGE 3.3,0.36795573232005596,0.5760155412649044,R10CHINA+
312,NAVIGATE Demand-2.0°C-tec_u,IMAGE 3.3,0.3605427892247148,0.56153633116747,R10CHINA+
313,NGFS Phase 5-Below 2°C,MESSAGEix-GLOBIOM 2.0-M-R12-NGFS,0.22510068034508546,0.3861045325587916,R10CHINA+
314,NGFS Phase 5-Delayed Transition,MESSAGEix-GLOBIOM 2.0-M-R12-NGFS,0.21576829669042288,0.36272585506411037,R10CHINA+
315,NGFS Phase 5-Low Demand,MESSAGEix-GLOBIOM 2.0-M-R12-NGFS,0.16542483009784215,0.30346532918226815,R10CHINA+
316,NGFS Phase 5-Nationally Determined Contributions (NDCs),MESSAGEix-GLOBIOM 2.0-M-R12-NGFS,0.21062643446305207,0.36631588756622546,R10CHINA+
317,NGFS Phase 5-Net-Zero 2050,MESSAGEix-GLOBIOM 2.0-M-R12-NGFS,0.2592725516878538,0.44511957990112655,R10CHINA+
318,ENGAGE-INDCi2030-1000,POLES-JRC ENGAGE,0.46995894032277874,0.6025779664047802,R10CHINA+
319,ENGAGE-INDCi2030-1000-COV,POLES-JRC ENGAGE,0.4399011767971717,0.5837172459601141,R10CHINA+
320,ENGAGE-INDCi2030-1000-COV-NDCp,POLES-JRC ENGAGE,0.42518527219770375,0.5931699299021429,R10CHINA+
321,ENGAGE-INDCi2030-1000-NDCp,POLES-JRC ENGAGE,0.4428347057820332,0.6231428748794483,R10CHINA+
322,ENGAGE-INDCi2030-1000f,POLES-JRC ENGAGE,0.5936016666420473,0.6129411112961725,R10CHINA+
323,ENGAGE-INDCi2030-1000f-COV,POLES-JRC ENGAGE,0.4329459698603635,0.5586687265796079,R10CHINA+
324,ENGAGE-INDCi2030-1000f-COV-NDCp,POLES-JRC ENGAGE,0.42196063471312684,0.5426426571344011,R10CHINA+
325,ENGAGE-INDCi2030-1000f-NDCp,POLES-JRC ENGAGE,0.49734164200787756,0.6025225631992521,R10CHINA+
326,ENGAGE-INDCi2030-1200,POLES-JRC ENGAGE,0.4171337927824487,0.5882002438802605,R10CHINA+
327,ENGAGE-INDCi2030-1200f,POLES-JRC ENGAGE,0.42285903019930104,0.5605973890424736,R10CHINA+
328,ENGAGE-INDCi2030-300f,POLES-JRC ENGAGE,0.6164680314553579,0.6253409942150455,R10CHINA+
329,ENGAGE-INDCi2030-400f,POLES-JRC ENGAGE,0.7014412298398058,0.6532305915359381,R10CHINA+
330,ENGAGE-INDCi2030-500f,POLES-JRC ENGAGE,0.5216970480257173,0.625640642537273,R10CHINA+
331,ENGAGE-INDCi2030-600f,POLES-JRC ENGAGE,0.6071657447863187,0.613058266154329,R10CHINA+
332,ENGAGE-INDCi2030-600f-COV,POLES-JRC ENGAGE,0.5766637154471614,0.5767586804111564,R10CHINA+
333,ENGAGE-INDCi2030-600f-COV-NDCp,POLES-JRC ENGAGE,0.5808706121184524,0.5743147678889412,R10CHINA+
334,ENGAGE-INDCi2030-600f-NDCp,POLES-JRC ENGAGE,0.5648886944047584,0.6230354385119712,R10CHINA+
335,ENGAGE-INDCi2030-700f,POLES-JRC ENGAGE,0.5655926677110636,0.6065745257348966,R10CHINA+
336,ENGAGE-INDCi2030-800f,POLES-JRC ENGAGE,0.5912843446128474,0.6097751644540227,R10CHINA+
337,ENGAGE-INDCi2030-900,POLES-JRC ENGAGE,0.46802664783824915,0.6319506319681966,R10CHINA+
338,ENGAGE-INDCi2030-900f,POLES-JRC ENGAGE,0.5407312069005502,0.6102540374039499,R10CHINA+
339,ENGAGE-NPi2020-1000f,POLES-JRC ENGAGE,0.4365260658815111,0.5612867187038051,R10CHINA+
340,ENGAGE-NPi2020-1000f-COV,POLES-JRC ENGAGE,0.4136452458934582,0.5433402922502117,R10CHINA+
341,ENGAGE-NPi2020-1200f,POLES-JRC ENGAGE,0.4043979775272557,0.5293403189077683,R10CHINA+
342,ENGAGE-NPi2020-900f,POLES-JRC ENGAGE,0.46420682762671966,0.5696905269780536,R10CHINA+
343,NGFS Phase 2-Delayed Transition,REMIND-MAgPIE 2.1-4.2,0.5281688809327607,0.7285975615529262,R10CHINA+
344,RESCUE-End-of-Century-Budget-1150,REMIND-MAgPIE 3.2.0-4.8.0,0.599484656919456,0.8354752997747261,R10CHINA+
345,RESCUE-End-of-Century-Budget-1150-with-OAE,REMIND-MAgPIE 3.2.0-4.8.0,0.6181987232436427,0.8379548658294633,R10CHINA+
346,RESCUE-End-of-Century-Budget-500,REMIND-MAgPIE 3.2.0-4.8.0,0.5874973352790873,0.8578551820283199,R10CHINA+
347,RESCUE-End-of-Century-Budget-500-with-OAE,REMIND-MAgPIE 3.2.0-4.8.0,0.6294362974878704,0.863469207141241,R10CHINA+
348,RESCUE-Peak-Budget-1150,REMIND-MAgPIE 3.2.0-4.8.0,0.6749336116999751,0.9448405110033079,R10CHINA+
349,RESCUE-Peak-Budget-1150-with-OAE,REMIND-MAgPIE 3.2.0-4.8.0,0.6739528011615775,0.9429318378036244,R10CHINA+
350,NGFS Phase 5-Below 2°C,REMIND-MAgPIE 3.3-4.8,0.4875252203213562,0.7631048389169485,R10CHINA+
351,NGFS Phase 5-Delayed Transition,REMIND-MAgPIE 3.3-4.8,0.48349227507069703,0.7390803043371261,R10CHINA+
352,NGFS Phase 5-Low Demand,REMIND-MAgPIE 3.3-4.8,0.4277493468710062,0.6689431687794364,R10CHINA+
353,NGFS Phase 5-Net-Zero 2050,REMIND-MAgPIE 3.3-4.8,0.554750227341095,0.8968906510351042,R10CHINA+
354,ENGAGE-INDCi2030-1000,WITCH 5.0,0.37908644116211354,0.42020771140377616,R10CHINA+
355,ENGAGE-INDCi2030-1000-NDCp,WITCH 5.0,0.3822584647232381,0.42528615827087674,R10CHINA+
356,ENGAGE-INDCi2030-1000f,WITCH 5.0,0.37758233186454887,0.43499702140868457,R10CHINA+
357,ENGAGE-INDCi2030-1000f-NDCp,WITCH 5.0,0.37155438712585637,0.42057886232811004,R10CHINA+
358,ENGAGE-INDCi2030-1200,WITCH 5.0,0.3802021643763948,0.423853233530256,R10CHINA+
359,ENGAGE-INDCi2030-1200-NDCp,WITCH 5.0,0.38047530673158103,0.4220007028962258,R10CHINA+
360,ENGAGE-INDCi2030-1200f,WITCH 5.0,0.3742662901534844,0.4283219903244452,R10CHINA+
361,ENGAGE-INDCi2030-1200f-NDCp,WITCH 5.0,0.3734830536743273,0.42465195749726325,R10CHINA+
362,ENGAGE-INDCi2030-1400,WITCH 5.0,0.38583133672389414,0.43832982665952075,R10CHINA+
363,ENGAGE-INDCi2030-1400-NDCp,WITCH 5.0,0.385435852892194,0.4332534156945883,R10CHINA+
364,ENGAGE-INDCi2030-1400f,WITCH 5.0,0.38247867334833396,0.4383526047221727,R10CHINA+
365,ENGAGE-INDCi2030-1400f-NDCp,WITCH 5.0,0.38316465856450355,0.4340411439227365,R10CHINA+
366,ENGAGE-INDCi2030-1600-NDCp,WITCH 5.0,0.3933984147219571,0.4383821330167683,R10CHINA+
367,ENGAGE-INDCi2030-500f,WITCH 5.0,0.38633489000568133,0.44300183421094874,R10CHINA+
368,ENGAGE-INDCi2030-600f,WITCH 5.0,0.38079802527208967,0.44250802735272676,R10CHINA+
369,ENGAGE-INDCi2030-600f-NDCp,WITCH 5.0,0.3827322847477045,0.450004688081293,R10CHINA+
370,ENGAGE-INDCi2030-700f,WITCH 5.0,0.37730937391617336,0.4338500705886794,R10CHINA+
371,ENGAGE-INDCi2030-700f-NDCp,WITCH 5.0,0.3800185439045645,0.4407818054987432,R10CHINA+
372,ENGAGE-INDCi2030-800,WITCH 5.0,0.3848999846637592,0.44303327728534125,R10CHINA+
373,ENGAGE-INDCi2030-800-NDCp,WITCH 5.0,0.3823969193335271,0.4374767412300493,R10CHINA+
374,ENGAGE-INDCi2030-800f,WITCH 5.0,0.3766022593573612,0.42747141227814833,R10CHINA+
375,ENGAGE-INDCi2030-800f-NDCp,WITCH 5.0,0.37798542956483794,0.42922227726836515,R10CHINA+
376,ENGAGE-INDCi2030-900,WITCH 5.0,0.3832043479696754,0.43503501088660407,R10CHINA+
377,ENGAGE-INDCi2030-900-NDCp,WITCH 5.0,0.3740882444275113,0.43039090689402915,R10CHINA+
378,ENGAGE-INDCi2030-900f,WITCH 5.0,0.3750448798155271,0.42676014918387417,R10CHINA+
379,ENGAGE-INDCi2030-900f-NDCp,WITCH 5.0,0.37512463969462245,0.4297110117418819,R10CHINA+
380,ENGAGE-INDCi2030-1000,IMAGE 3.0,0.2797945173467007,0.3128946653369194,R10MIDDLE_EAST
381,ENGAGE-INDCi2030-1000f,IMAGE 3.0,0.318423866122154,0.33010843176348853,R10MIDDLE_EAST
382,ENGAGE-INDCi2030-1200,IMAGE 3.0,0.2788337534812145,0.326913450542933,R10MIDDLE_EAST
383,ENGAGE-INDCi2030-1200f,IMAGE 3.0,0.2992539540441808,0.3272210193918744,R10MIDDLE_EAST
384,ENGAGE-INDCi2030-1400f,IMAGE 3.0,0.3111404383682246,0.34412699136457114,R10MIDDLE_EAST
385,ENGAGE-INDCi2030-800f,IMAGE 3.0,0.2975444479603825,0.3093054799966791,R10MIDDLE_EAST
386,ENGAGE-NPi2020-1000,IMAGE 3.0,0.2825655074601535,0.3113060114956442,R10MIDDLE_EAST
387,ENGAGE-NPi2020-1200,IMAGE 3.0,0.28244892152984624,0.33169316890393774,R10MIDDLE_EAST
388,ENGAGE-NPi2020-1400,IMAGE 3.0,0.29427264186754143,0.3568585444604976,R10MIDDLE_EAST
389,ENGAGE-NPi2020-1400f,IMAGE 3.0,0.30976246554177383,0.35869930581801746,R10MIDDLE_EAST
390,SSP2021-SSP1-SPA1-19-Default,IMAGE 3.2,0.46956546533826266,0.7590147834942265,R10MIDDLE_EAST
391,SSP2021-SSP1-SPA1-19-Lifestyle-Renewables,IMAGE 3.2,0.908225740425497,0.7787173689568033,R10MIDDLE_EAST
392,SSP2021-SSP1-SPA1-19-Renewables,IMAGE 3.2,0.7837859745532377,0.8438953710265293,R10MIDDLE_EAST
393,SSP2021-SSP1-SPA1-26-Default,IMAGE 3.2,0.48652013327616433,0.7685197704683975,R10MIDDLE_EAST
394,SSP2021-SSP1-SPA1-26-Lifestyle,IMAGE 3.2,0.4643835503588137,0.734188035029711,R10MIDDLE_EAST
395,SSP2021-SSP1-SPA1-26-Lifestyle-Renewables,IMAGE 3.2,0.9458496848065678,0.8015414232137654,R10MIDDLE_EAST
396,SSP2021-SSP1-SPA1-26-Renewables,IMAGE 3.2,0.8311477151207733,0.8776343205399859,R10MIDDLE_EAST
397,SSP2021-SSP2-SPA0-26-Default,IMAGE 3.2,0.5308110220910488,0.7589888199340151,R10MIDDLE_EAST
398,SSP2021-SSP2-SPA2-19-Renewables,IMAGE 3.2,0.8869045057491624,0.8767311804914939,R10MIDDLE_EAST
399,SSP2021-SSP2-SPA2-26-Default,IMAGE 3.2,0.5653203476417272,0.798019771161105,R10MIDDLE_EAST
400,SSP2021-SSP2-SPA2-26-Lifestyle,IMAGE 3.2,0.5140951078954156,0.7445146055059548,R10MIDDLE_EAST
401,SSP2021-SSP2-SPA2-26-Lifestyle-Renewables,IMAGE 3.2,0.9393422047111323,0.7930767601689714,R10MIDDLE_EAST
402,SSP2021-SSP2-SPA2-26-Renewables,IMAGE 3.2,0.9963725946916947,0.8402085566272639,R10MIDDLE_EAST
403,NAVIGATE Demand-1.5°C-ele_u,IMAGE 3.3,0.5691856010921952,0.7065728661817665,R10MIDDLE_EAST
404,NAVIGATE Demand-1.5°C-tec_u,IMAGE 3.3,0.5121017951591876,0.7003699263032539,R10MIDDLE_EAST
405,NAVIGATE Demand-2.0°C-ele_u,IMAGE 3.3,0.4833794185816253,0.706344995790544,R10MIDDLE_EAST
406,NAVIGATE Demand-2.0°C-ref,IMAGE 3.3,0.4985197589580359,0.7392142769714671,R10MIDDLE_EAST
407,NAVIGATE Demand-2.0°C-tec_u,IMAGE 3.3,0.4614847576445318,0.7157883533474274,R10MIDDLE_EAST
408,NGFS Phase 5-Below 2°C,MESSAGEix-GLOBIOM 2.0-M-R12-NGFS,0.2240006743206821,0.39031473382550946,R10MIDDLE_EAST
409,NGFS Phase 5-Delayed Transition,MESSAGEix-GLOBIOM 2.0-M-R12-NGFS,0.2383106014840021,0.4188803981757992,R10MIDDLE_EAST
410,NGFS Phase 5-Low Demand,MESSAGEix-GLOBIOM 2.0-M-R12-NGFS,0.1630727452269778,0.3255435630545869,R10MIDDLE_EAST
411,NGFS Phase 5-Nationally Determined Contributions (NDCs),MESSAGEix-GLOBIOM 2.0-M-R12-NGFS,0.24362061255873402,0.40282264018212,R10MIDDLE_EAST
412,NGFS Phase 5-Net-Zero 2050,MESSAGEix-GLOBIOM 2.0-M-R12-NGFS,0.22093857584278143,0.3819650472215466,R10MIDDLE_EAST
413,ENGAGE-INDCi2030-1000,POLES-JRC ENGAGE,0.2900421670592732,0.419303339376192,R10MIDDLE_EAST
414,ENGAGE-INDCi2030-1000-COV,POLES-JRC ENGAGE,0.2723564834259052,0.36308622871517554,R10MIDDLE_EAST
415,ENGAGE-INDCi2030-1000-COV-NDCp,POLES-JRC ENGAGE,0.27599708275774965,0.3585646247584029,R10MIDDLE_EAST
416,ENGAGE-INDCi2030-1000-NDCp,POLES-JRC ENGAGE,0.311446499887825,0.4265959325986101,R10MIDDLE_EAST
417,ENGAGE-INDCi2030-1000f,POLES-JRC ENGAGE,0.2827550805026769,0.33115265800818044,R10MIDDLE_EAST
418,ENGAGE-INDCi2030-1000f-COV,POLES-JRC ENGAGE,0.25662674761460014,0.3270642550412422,R10MIDDLE_EAST
419,ENGAGE-INDCi2030-1000f-COV-NDCp,POLES-JRC ENGAGE,0.2644672326862987,0.3211249864539601,R10MIDDLE_EAST
420,ENGAGE-INDCi2030-1000f-NDCp,POLES-JRC ENGAGE,0.28989601857815595,0.36920446606642654,R10MIDDLE_EAST
421,ENGAGE-INDCi2030-1200,POLES-JRC ENGAGE,0.2594378289476705,0.30811704448451044,R10MIDDLE_EAST
422,ENGAGE-INDCi2030-1200f,POLES-JRC ENGAGE,0.23903085292948636,0.29955826843678013,R10MIDDLE_EAST
423,ENGAGE-INDCi2030-300f,POLES-JRC ENGAGE,0.3534244827072452,0.42899883945729245,R10MIDDLE_EAST
424,ENGAGE-INDCi2030-400f,POLES-JRC ENGAGE,0.37228370512700676,0.4204174894688549,R10MIDDLE_EAST
425,ENGAGE-INDCi2030-500f,POLES-JRC ENGAGE,0.3575954413729142,0.4275274693937577,R10MIDDLE_EAST
426,ENGAGE-INDCi2030-600f,POLES-JRC ENGAGE,0.34785206852489164,0.42389537638650604,R10MIDDLE_EAST
427,ENGAGE-INDCi2030-600f-COV,POLES-JRC ENGAGE,0.3536144684325058,0.4491950710745093,R10MIDDLE_EAST
428,ENGAGE-INDCi2030-600f-COV-NDCp,POLES-JRC ENGAGE,0.3626149432932,0.4519886570116659,R10MIDDLE_EAST
429,ENGAGE-INDCi2030-600f-NDCp,POLES-JRC ENGAGE,0.36725035836448294,0.4782081425057586,R10MIDDLE_EAST
430,ENGAGE-INDCi2030-700f,POLES-JRC ENGAGE,0.3434715990239238,0.42293069669361816,R10MIDDLE_EAST
431,ENGAGE-INDCi2030-800f,POLES-JRC ENGAGE,0.31972690643957696,0.40354450818589455,R10MIDDLE_EAST
432,ENGAGE-INDCi2030-900,POLES-JRC ENGAGE,0.2869294827739112,0.39838568798384294,R10MIDDLE_EAST
433,ENGAGE-INDCi2030-900f,POLES-JRC ENGAGE,0.27761396453243603,0.3290241142003402,R10MIDDLE_EAST
434,ENGAGE-NPi2020-1000f,POLES-JRC ENGAGE,0.2507830257467078,0.3208856814362078,R10MIDDLE_EAST
435,ENGAGE-NPi2020-1000f-COV,POLES-JRC ENGAGE,0.2526241623019401,0.33743580458006717,R10MIDDLE_EAST
436,ENGAGE-NPi2020-1200f,POLES-JRC ENGAGE,0.23131301471491206,0.3084733455271833,R10MIDDLE_EAST
437,ENGAGE-NPi2020-900f,POLES-JRC ENGAGE,0.2583342976817971,0.32245734114508395,R10MIDDLE_EAST
438,NGFS Phase 2-Delayed Transition,REMIND-MAgPIE 2.1-4.2,0.4294667099132081,0.4869545689680571,R10MIDDLE_EAST
439,RESCUE-End-of-Century-Budget-1150,REMIND-MAgPIE 3.2.0-4.8.0,0.7725457092372413,0.5403796521643522,R10MIDDLE_EAST
440,RESCUE-End-of-Century-Budget-1150-with-OAE,REMIND-MAgPIE 3.2.0-4.8.0,0.7443729449720845,0.5416401153703855,R10MIDDLE_EAST
441,RESCUE-End-of-Century-Budget-500,REMIND-MAgPIE 3.2.0-4.8.0,0.8593839336823119,0.6073476258424728,R10MIDDLE_EAST
442,RESCUE-End-of-Century-Budget-500-with-OAE,REMIND-MAgPIE 3.2.0-4.8.0,0.8590359936018642,0.6234165542564991,R10MIDDLE_EAST
443,RESCUE-Peak-Budget-1150,REMIND-MAgPIE 3.2.0-4.8.0,0.6536924076018944,0.683816916510084,R10MIDDLE_EAST
444,RESCUE-Peak-Budget-1150-with-OAE,REMIND-MAgPIE 3.2.0-4.8.0,0.6551078946195952,0.6861531702981137,R10MIDDLE_EAST
445,NGFS Phase 5-Below 2°C,REMIND-MAgPIE 3.3-4.8,0.46763966120232314,0.5843448737627673,R10MIDDLE_EAST
446,NGFS Phase 5-Delayed Transition,REMIND-MAgPIE 3.3-4.8,0.4766882137739046,0.5872635188713496,R10MIDDLE_EAST
447,NGFS Phase 5-Low Demand,REMIND-MAgPIE 3.3-4.8,0.33461966054622466,0.4333771120591659,R10MIDDLE_EAST
448,NGFS Phase 5-Net-Zero 2050,REMIND-MAgPIE 3.3-4.8,0.5447875237576884,0.7200343607527069,R10MIDDLE_EAST
449,ENGAGE-INDCi2030-1000,WITCH 5.0,0.42544744117940797,0.6022841915025442,R10MIDDLE_EAST
450,ENGAGE-INDCi2030-1000-NDCp,WITCH 5.0,0.4259037618930323,0.5995567404108386,R10MIDDLE_EAST
451,ENGAGE-INDCi2030-1000f,WITCH 5.0,0.4254455120344687,0.6069951811675239,R10MIDDLE_EAST
452,ENGAGE-INDCi2030-1000f-NDCp,WITCH 5.0,0.4251768759302506,0.6053554802865303,R10MIDDLE_EAST
453,ENGAGE-INDCi2030-1200,WITCH 5.0,0.4476855184288926,0.629472345358354,R10MIDDLE_EAST
454,ENGAGE-INDCi2030-1200-NDCp,WITCH 5.0,0.44870640388273586,0.6285003379888094,R10MIDDLE_EAST
455,ENGAGE-INDCi2030-1200f,WITCH 5.0,0.4387031669605603,0.6346452606027022,R10MIDDLE_EAST
456,ENGAGE-INDCi2030-1200f-NDCp,WITCH 5.0,0.4384640355642087,0.6357216686502398,R10MIDDLE_EAST
457,ENGAGE-INDCi2030-1400,WITCH 5.0,0.4523102543300542,0.6533847180021192,R10MIDDLE_EAST
458,ENGAGE-INDCi2030-1400-NDCp,WITCH 5.0,0.4502079927412104,0.6508906936923159,R10MIDDLE_EAST
459,ENGAGE-INDCi2030-1400f,WITCH 5.0,0.4460173569093084,0.6546500827540418,R10MIDDLE_EAST
460,ENGAGE-INDCi2030-1400f-NDCp,WITCH 5.0,0.44723607585633357,0.6552859641475253,R10MIDDLE_EAST
461,ENGAGE-INDCi2030-1600-NDCp,WITCH 5.0,0.46643279054301484,0.6728680451678417,R10MIDDLE_EAST
462,ENGAGE-INDCi2030-500f,WITCH 5.0,0.39698597876266334,0.5448272127523217,R10MIDDLE_EAST
463,ENGAGE-INDCi2030-600f,WITCH 5.0,0.4006897108250682,0.5588603008463185,R10MIDDLE_EAST
464,ENGAGE-INDCi2030-600f-NDCp,WITCH 5.0,0.40167437792810473,0.5599299839302194,R10MIDDLE_EAST
465,ENGAGE-INDCi2030-700f,WITCH 5.0,0.4088566916556733,0.5755129525986835,R10MIDDLE_EAST
466,ENGAGE-INDCi2030-700f-NDCp,WITCH 5.0,0.4087257085721608,0.5743393078562127,R10MIDDLE_EAST
467,ENGAGE-INDCi2030-800,WITCH 5.0,0.41460153344933026,0.5624996151490246,R10MIDDLE_EAST
468,ENGAGE-INDCi2030-800-NDCp,WITCH 5.0,0.41189032734729714,0.5647052352638031,R10MIDDLE_EAST
469,ENGAGE-INDCi2030-800f,WITCH 5.0,0.4158104479444044,0.5913341118942669,R10MIDDLE_EAST
470,ENGAGE-INDCi2030-800f-NDCp,WITCH 5.0,0.41437249628703043,0.5855853080434106,R10MIDDLE_EAST
471,ENGAGE-INDCi2030-900,WITCH 5.0,0.4281844275668711,0.5964721097112897,R10MIDDLE_EAST
472,ENGAGE-INDCi2030-900-NDCp,WITCH 5.0,0.4114334751791573,0.5833666189105058,R10MIDDLE_EAST
473,ENGAGE-INDCi2030-900f,WITCH 5.0,0.419054905276076,0.5972831095593012,R10MIDDLE_EAST
474,ENGAGE-INDCi2030-900f-NDCp,WITCH 5.0,0.4184789584731539,0.5942009132889791,R10MIDDLE_EAST
475,ENGAGE-INDCi2030-1000,IMAGE 3.0,0.3515592289890008,0.43399842146989137,R10EUROPE
476,ENGAGE-INDCi2030-1000f,IMAGE 3.0,0.4317704478437964,0.398488180851732,R10EUROPE
477,ENGAGE-INDCi2030-1200,IMAGE 3.0,0.32427196238141975,0.37996276818323077,R10EUROPE
478,ENGAGE-INDCi2030-1200f,IMAGE 3.0,0.364430024128058,0.4062363451862245,R10EUROPE
479,ENGAGE-INDCi2030-1400f,IMAGE 3.0,0.37472216794881813,0.4048298140619145,R10EUROPE
480,ENGAGE-INDCi2030-800f,IMAGE 3.0,0.4319712650475631,0.4273580157685916,R10EUROPE
481,ENGAGE-NPi2020-1000,IMAGE 3.0,0.33019007096409014,0.40631046207511146,R10EUROPE
482,ENGAGE-NPi2020-1200,IMAGE 3.0,0.3187714657082196,0.3719929315187752,R10EUROPE
483,ENGAGE-NPi2020-1400,IMAGE 3.0,0.3342951090678329,0.40830788909085525,R10EUROPE
484,ENGAGE-NPi2020-1400f,IMAGE 3.0,0.34751373472071345,0.4052828608777268,R10EUROPE
485,SSP2021-SSP1-SPA1-19-Default,IMAGE 3.2,0.3922638621813611,0.5352265124669502,R10EUROPE
486,SSP2021-SSP1-SPA1-19-Lifestyle-Renewables,IMAGE 3.2,0.42271553888953345,0.5726970156157961,R10EUROPE
487,SSP2021-SSP1-SPA1-19-Renewables,IMAGE 3.2,0.41686337118186007,0.6232071976024297,R10EUROPE
488,SSP2021-SSP1-SPA1-26-Default,IMAGE 3.2,0.34997618898978655,0.4913901933600653,R10EUROPE
489,SSP2021-SSP1-SPA1-26-Lifestyle,IMAGE 3.2,0.3065065253948699,0.43832279935637836,R10EUROPE
490,SSP2021-SSP1-SPA1-26-Lifestyle-Renewables,IMAGE 3.2,0.3699943168235547,0.49320811948461396,R10EUROPE
491,SSP2021-SSP1-SPA1-26-Renewables,IMAGE 3.2,0.3806234815468313,0.5525111725346286,R10EUROPE
492,SSP2021-SSP2-SPA0-26-Default,IMAGE 3.2,0.375151143740829,0.43510454352870964,R10EUROPE
493,SSP2021-SSP2-SPA2-19-Renewables,IMAGE 3.2,0.5308812411160289,0.7535556306574283,R10EUROPE
494,SSP2021-SSP2-SPA2-26-Default,IMAGE 3.2,0.3743368556558338,0.459354975520946,R10EUROPE
495,SSP2021-SSP2-SPA2-26-Lifestyle,IMAGE 3.2,0.30981658511692217,0.3957338794993043,R10EUROPE
496,SSP2021-SSP2-SPA2-26-Lifestyle-Renewables,IMAGE 3.2,0.3719295712340042,0.48794334195591754,R10EUROPE
497,SSP2021-SSP2-SPA2-26-Renewables,IMAGE 3.2,0.43143480440567206,0.544762614170758,R10EUROPE
498,NAVIGATE Demand-1.5°C-ele_u,IMAGE 3.3,0.4057970612034532,0.5520597132637532,R10EUROPE
499,NAVIGATE Demand-1.5°C-tec_u,IMAGE 3.3,0.34355170488411013,0.4860672645988842,R10EUROPE
500,NAVIGATE Demand-2.0°C-ele_u,IMAGE 3.3,0.3802198631247448,0.5370462195315467,R10EUROPE
501,NAVIGATE Demand-2.0°C-ref,IMAGE 3.3,0.33741060062967965,0.4787044429147674,R10EUROPE
502,NAVIGATE Demand-2.0°C-tec_u,IMAGE 3.3,0.32229365316049263,0.45934469800232214,R10EUROPE
503,NGFS Phase 5-Below 2°C,MESSAGEix-GLOBIOM 2.0-M-R12-NGFS,0.4138213405529656,0.6045731968567908,R10EUROPE
504,NGFS Phase 5-Delayed Transition,MESSAGEix-GLOBIOM 2.0-M-R12-NGFS,0.4244167538133686,0.6248350998742633,R10EUROPE
505,NGFS Phase 5-Low Demand,MESSAGEix-GLOBIOM 2.0-M-R12-NGFS,0.3484373607438708,0.543744704365427,R10EUROPE
506,NGFS Phase 5-Nationally Determined Contributions (NDCs),MESSAGEix-GLOBIOM 2.0-M-R12-NGFS,0.3752191978640023,0.5613293813777556,R10EUROPE
507,NGFS Phase 5-Net-Zero 2050,MESSAGEix-GLOBIOM 2.0-M-R12-NGFS,0.5002059733317269,0.7353968777172173,R10EUROPE
508,ENGAGE-INDCi2030-1000,POLES-JRC ENGAGE,0.59918226356654,0.8854225429128827,R10EUROPE
509,ENGAGE-INDCi2030-1000-COV,POLES-JRC ENGAGE,0.5489496711317218,0.8151310934957592,R10EUROPE
510,ENGAGE-INDCi2030-1000-COV-NDCp,POLES-JRC ENGAGE,0.5414679051636415,0.8081553962315431,R10EUROPE
511,ENGAGE-INDCi2030-1000-NDCp,POLES-JRC ENGAGE,0.5649307889376397,0.8176277727027823,R10EUROPE
512,ENGAGE-INDCi2030-1000f,POLES-JRC ENGAGE,0.6097362766447206,0.7494104601646127,R10EUROPE
513,ENGAGE-INDCi2030-1000f-COV,POLES-JRC ENGAGE,0.5489100305495479,0.7067333869329124,R10EUROPE
514,ENGAGE-INDCi2030-1000f-COV-NDCp,POLES-JRC ENGAGE,0.5335642283936912,0.7029209983066198,R10EUROPE
515,ENGAGE-INDCi2030-1000f-NDCp,POLES-JRC ENGAGE,0.5736843453990952,0.7203456940528896,R10EUROPE
516,ENGAGE-INDCi2030-1200,POLES-JRC ENGAGE,0.5120854713141529,0.7205052512125188,R10EUROPE
517,ENGAGE-INDCi2030-1200f,POLES-JRC ENGAGE,0.5189279164609609,0.6757482937043826,R10EUROPE
518,ENGAGE-INDCi2030-300f,POLES-JRC ENGAGE,0.8191009503634946,0.9361032861196164,R10EUROPE
519,ENGAGE-INDCi2030-400f,POLES-JRC ENGAGE,0.8087301860926431,0.942830833968476,R10EUROPE
520,ENGAGE-INDCi2030-500f,POLES-JRC ENGAGE,0.7816812387325798,0.9316636227092134,R10EUROPE
521,ENGAGE-INDCi2030-600f,POLES-JRC ENGAGE,0.7639883938281212,0.9304744957046589,R10EUROPE
522,ENGAGE-INDCi2030-600f-COV,POLES-JRC ENGAGE,0.7518329954299637,0.9235402883219739,R10EUROPE
523,ENGAGE-INDCi2030-600f-COV-NDCp,POLES-JRC ENGAGE,0.7339537395316265,0.9122254849489843,R10EUROPE
524,ENGAGE-INDCi2030-600f-NDCp,POLES-JRC ENGAGE,0.7187432359185151,0.8648273544810259,R10EUROPE
525,ENGAGE-INDCi2030-700f,POLES-JRC ENGAGE,0.7406782561594238,0.9030697089558946,R10EUROPE
526,ENGAGE-INDCi2030-800f,POLES-JRC ENGAGE,0.7157354190949631,0.8719197471106416,R10EUROPE
527,ENGAGE-INDCi2030-900,POLES-JRC ENGAGE,0.5966235527240155,0.9250386755826168,R10EUROPE
528,ENGAGE-INDCi2030-900f,POLES-JRC ENGAGE,0.672843927761126,0.8124349612673453,R10EUROPE
529,ENGAGE-NPi2020-1000f,POLES-JRC ENGAGE,0.5231579493561473,0.6554306366072011,R10EUROPE
530,ENGAGE-NPi2020-1000f-COV,POLES-JRC ENGAGE,0.5058063367272285,0.6483567906064327,R10EUROPE
531,ENGAGE-NPi2020-1200f,POLES-JRC ENGAGE,0.4871627624540824,0.6288207245338676,R10EUROPE
532,ENGAGE-NPi2020-900f,POLES-JRC ENGAGE,0.5697225027588793,0.6762464484009023,R10EUROPE
533,NGFS Phase 2-Delayed Transition,REMIND-MAgPIE 2.1-4.2,0.6264112596189455,0.8691967103203013,R10EUROPE
534,RESCUE-End-of-Century-Budget-1150,REMIND-MAgPIE 3.2.0-4.8.0,0.5392773570710714,0.6391149653228626,R10EUROPE
535,RESCUE-End-of-Century-Budget-1150-with-OAE,REMIND-MAgPIE 3.2.0-4.8.0,0.5920679348317976,0.6400864622783107,R10EUROPE
536,RESCUE-End-of-Century-Budget-500,REMIND-MAgPIE 3.2.0-4.8.0,0.5318841690684124,0.6613213512926479,R10EUROPE
537,RESCUE-End-of-Century-Budget-500-with-OAE,REMIND-MAgPIE 3.2.0-4.8.0,0.6161230593695447,0.6625777632592387,R10EUROPE
538,RESCUE-Peak-Budget-1150,REMIND-MAgPIE 3.2.0-4.8.0,0.5769595883702732,0.6908715831801567,R10EUROPE
539,RESCUE-Peak-Budget-1150-with-OAE,REMIND-MAgPIE 3.2.0-4.8.0,0.5760259153195126,0.6891879783952578,R10EUROPE
540,NGFS Phase 5-Below 2°C,REMIND-MAgPIE 3.3-4.8,0.597051392856603,0.7487828043993852,R10EUROPE
541,NGFS Phase 5-Delayed Transition,REMIND-MAgPIE 3.3-4.8,0.6438982471746841,0.8313648678645686,R10EUROPE
542,NGFS Phase 5-Low Demand,REMIND-MAgPIE 3.3-4.8,0.5060895582697689,0.6376448154975448,R10EUROPE
543,NGFS Phase 5-Net-Zero 2050,REMIND-MAgPIE 3.3-4.8,0.6837290951628492,0.9252182655280292,R10EUROPE
544,ENGAGE-INDCi2030-1000,WITCH 5.0,0.4685308969033175,0.639433606211854,R10EUROPE
545,ENGAGE-INDCi2030-1000-NDCp,WITCH 5.0,0.4737182270311952,0.6344824730870602,R10EUROPE
546,ENGAGE-INDCi2030-1000f,WITCH 5.0,0.46869815327695236,0.6557383004044537,R10EUROPE
547,ENGAGE-INDCi2030-1000f-NDCp,WITCH 5.0,0.4712998115185626,0.6559579075071217,R10EUROPE
548,ENGAGE-INDCi2030-1200,WITCH 5.0,0.4818763219638027,0.6512543941807153,R10EUROPE
549,ENGAGE-INDCi2030-1200-NDCp,WITCH 5.0,0.48381637872324074,0.6518930815504826,R10EUROPE
550,ENGAGE-INDCi2030-1200f,WITCH 5.0,0.48204737528633707,0.6770594838680102,R10EUROPE
551,ENGAGE-INDCi2030-1200f-NDCp,WITCH 5.0,0.48226418607197175,0.6779633266561073,R10EUROPE
552,ENGAGE-INDCi2030-1400,WITCH 5.0,0.4946536538684666,0.6872483488862102,R10EUROPE
553,ENGAGE-INDCi2030-1400-NDCp,WITCH 5.0,0.4950527434984846,0.6815798771574206,R10EUROPE
554,ENGAGE-INDCi2030-1400f,WITCH 5.0,0.4914281789126136,0.6935621138596005,R10EUROPE
555,ENGAGE-INDCi2030-1400f-NDCp,WITCH 5.0,0.4930672300074879,0.6915438757756036,R10EUROPE
556,ENGAGE-INDCi2030-1600-NDCp,WITCH 5.0,0.5062347204308746,0.7018741458103663,R10EUROPE
557,ENGAGE-INDCi2030-500f,WITCH 5.0,0.4803709840050279,0.6518103098495721,R10EUROPE
558,ENGAGE-INDCi2030-600f,WITCH 5.0,0.47219272975384186,0.646255028150232,R10EUROPE
559,ENGAGE-INDCi2030-600f-NDCp,WITCH 5.0,0.4629075568739976,0.6301381173733009,R10EUROPE
560,ENGAGE-INDCi2030-700f,WITCH 5.0,0.46174511166883003,0.6362085211666921,R10EUROPE
561,ENGAGE-INDCi2030-700f-NDCp,WITCH 5.0,0.45894927513105255,0.6317775481893325,R10EUROPE
562,ENGAGE-INDCi2030-800,WITCH 5.0,0.4686780714126887,0.640569905953282,R10EUROPE
563,ENGAGE-INDCi2030-800-NDCp,WITCH 5.0,0.4667649052709017,0.6273749827210169,R10EUROPE
564,ENGAGE-INDCi2030-800f,WITCH 5.0,0.46265546733252655,0.6420995866999349,R10EUROPE
565,ENGAGE-INDCi2030-800f-NDCp,WITCH 5.0,0.46238035844372216,0.6408490264996205,R10EUROPE
566,ENGAGE-INDCi2030-900,WITCH 5.0,0.46506572769304166,0.6245059117798274,R10EUROPE
567,ENGAGE-INDCi2030-900-NDCp,WITCH 5.0,0.4558017602261492,0.619975949123851,R10EUROPE
568,ENGAGE-INDCi2030-900f,WITCH 5.0,0.46841533339808283,0.650852444971895,R10EUROPE
569,ENGAGE-INDCi2030-900f-NDCp,WITCH 5.0,0.4662161366231852,0.6499460750277066,R10EUROPE
570,ENGAGE-INDCi2030-1000,IMAGE 3.0,0.5484483951714935,0.7773499596456432,R10REST_ASIA
571,ENGAGE-INDCi2030-1000f,IMAGE 3.0,0.6330886709447191,0.6794711520692462,R10REST_ASIA
572,ENGAGE-INDCi2030-1200,IMAGE 3.0,0.49316324439158016,0.6713129424309684,R10REST_ASIA
573,ENGAGE-INDCi2030-1200f,IMAGE 3.0,0.5203994867741601,0.6523867368665179,R10REST_ASIA
574,ENGAGE-INDCi2030-1400f,IMAGE 3.0,0.522689287089038,0.6075056836474211,R10REST_ASIA
575,ENGAGE-INDCi2030-800f,IMAGE 3.0,0.6803102773696945,0.8662844005676216,R10REST_ASIA
576,ENGAGE-NPi2020-1000,IMAGE 3.0,0.5364325391247602,0.7787555542036029,R10REST_ASIA
577,ENGAGE-NPi2020-1200,IMAGE 3.0,0.4726087932573387,0.6279777675420841,R10REST_ASIA
578,ENGAGE-NPi2020-1400,IMAGE 3.0,0.4641332954304752,0.6180341090539305,R10REST_ASIA
579,ENGAGE-NPi2020-1400f,IMAGE 3.0,0.5125427095911603,0.6781598825834838,R10REST_ASIA
580,SSP2021-SSP1-SPA1-19-Default,IMAGE 3.2,0.6561109029095245,1.0141288681197422,R10REST_ASIA
581,SSP2021-SSP1-SPA1-19-Lifestyle-Renewables,IMAGE 3.2,0.9249125654922875,1.2036127273991175,R10REST_ASIA
582,SSP2021-SSP1-SPA1-19-Renewables,IMAGE 3.2,0.8287504699932877,1.2262036566464607,R10REST_ASIA
583,SSP2021-SSP1-SPA1-26-Default,IMAGE 3.2,0.6501084820251902,0.9852998014739902,R10REST_ASIA
584,SSP2021-SSP1-SPA1-26-Lifestyle,IMAGE 3.2,0.5946942996990375,0.9292772030722997,R10REST_ASIA
585,SSP2021-SSP1-SPA1-26-Lifestyle-Renewables,IMAGE 3.2,0.7965264016232685,1.0450678431872849,R10REST_ASIA
586,SSP2021-SSP1-SPA1-26-Renewables,IMAGE 3.2,0.7781743696758615,1.1362144435701773,R10REST_ASIA
587,SSP2021-SSP2-SPA0-26-Default,IMAGE 3.2,0.6940905855252907,0.8875621200716026,R10REST_ASIA
588,SSP2021-SSP2-SPA2-19-Renewables,IMAGE 3.2,1.2016515820703222,1.388113316755628,R10REST_ASIA
589,SSP2021-SSP2-SPA2-26-Default,IMAGE 3.2,0.7067333324097402,0.9325435525271283,R10REST_ASIA
590,SSP2021-SSP2-SPA2-26-Lifestyle,IMAGE 3.2,0.6353624824932314,0.883945977204176,R10REST_ASIA
591,SSP2021-SSP2-SPA2-26-Lifestyle-Renewables,IMAGE 3.2,0.84622178011526,1.093965344222028,R10REST_ASIA
592,SSP2021-SSP2-SPA2-26-Renewables,IMAGE 3.2,0.9828268182219557,1.1957036958819787,R10REST_ASIA
593,NAVIGATE Demand-1.5°C-ele_u,IMAGE 3.3,0.7966650648845204,1.1701182902581087,R10REST_ASIA
594,NAVIGATE Demand-1.5°C-tec_u,IMAGE 3.3,0.7380132042945583,1.109789944350509,R10REST_ASIA
595,NAVIGATE Demand-2.0°C-ele_u,IMAGE 3.3,0.6809511505731298,0.9867616623040945,R10REST_ASIA
596,NAVIGATE Demand-2.0°C-ref,IMAGE 3.3,0.6785432803675033,0.9729931320079012,R10REST_ASIA
597,NAVIGATE Demand-2.0°C-tec_u,IMAGE 3.3,0.6131778749372163,0.8965953408593464,R10REST_ASIA
598,NGFS Phase 5-Below 2°C,MESSAGEix-GLOBIOM 2.0-M-R12-NGFS,0.27811219579061963,0.4132575439571914,R10REST_ASIA
599,NGFS Phase 5-Delayed Transition,MESSAGEix-GLOBIOM 2.0-M-R12-NGFS,0.25183249859828477,0.3581670690595163,R10REST_ASIA
600,NGFS Phase 5-Low Demand,MESSAGEix-GLOBIOM 2.0-M-R12-NGFS,0.20146828641340117,0.3555549859059865,R10REST_ASIA
601,NGFS Phase 5-Nationally Determined Contributions (NDCs),MESSAGEix-GLOBIOM 2.0-M-R12-NGFS,0.24650676166520225,0.3749109839753629,R10REST_ASIA
602,NGFS Phase 5-Net-Zero 2050,MESSAGEix-GLOBIOM 2.0-M-R12-NGFS,0.2899670490359309,0.4433672298479107,R10REST_ASIA
603,ENGAGE-INDCi2030-1000,POLES-JRC ENGAGE,0.6318434718394794,0.8550328081096084,R10REST_ASIA
604,ENGAGE-INDCi2030-1000-COV,POLES-JRC ENGAGE,0.6070209472154359,0.7706554791887226,R10REST_ASIA
605,ENGAGE-INDCi2030-1000-COV-NDCp,POLES-JRC ENGAGE,0.592203658747791,0.7636574486218151,R10REST_ASIA
606,ENGAGE-INDCi2030-1000-NDCp,POLES-JRC ENGAGE,0.6375098646794508,0.8332872776940679,R10REST_ASIA
607,ENGAGE-INDCi2030-1000f,POLES-JRC ENGAGE,0.7189719984408779,0.7449521505150026,R10REST_ASIA
608,ENGAGE-INDCi2030-1000f-COV,POLES-JRC ENGAGE,0.592095359746852,0.651572988375497,R10REST_ASIA
609,ENGAGE-INDCi2030-1000f-COV-NDCp,POLES-JRC ENGAGE,0.5540510015141615,0.6313574702066759,R10REST_ASIA
610,ENGAGE-INDCi2030-1000f-NDCp,POLES-JRC ENGAGE,0.6761509469480158,0.6836924292941202,R10REST_ASIA
611,ENGAGE-INDCi2030-1200,POLES-JRC ENGAGE,0.5270430758357703,0.6814104990926819,R10REST_ASIA
612,ENGAGE-INDCi2030-1200f,POLES-JRC ENGAGE,0.5299924119225357,0.6069816863715116,R10REST_ASIA
613,ENGAGE-INDCi2030-300f,POLES-JRC ENGAGE,1.0123494034612146,0.9241529060091727,R10REST_ASIA
614,ENGAGE-INDCi2030-400f,POLES-JRC ENGAGE,0.9410363022653073,0.9130729812624521,R10REST_ASIA
615,ENGAGE-INDCi2030-500f,POLES-JRC ENGAGE,0.8760446788169443,0.8947712340120341,R10REST_ASIA
616,ENGAGE-INDCi2030-600f,POLES-JRC ENGAGE,0.8334025775796569,0.8725629453407966,R10REST_ASIA
617,ENGAGE-INDCi2030-600f-COV,POLES-JRC ENGAGE,0.8033988727277102,0.863663921840087,R10REST_ASIA
618,ENGAGE-INDCi2030-600f-COV-NDCp,POLES-JRC ENGAGE,0.7933794007557253,0.8783372658450739,R10REST_ASIA
619,ENGAGE-INDCi2030-600f-NDCp,POLES-JRC ENGAGE,0.901054919648717,0.8984929178575592,R10REST_ASIA
620,ENGAGE-INDCi2030-700f,POLES-JRC ENGAGE,0.7836240793522522,0.8478513451414486,R10REST_ASIA
621,ENGAGE-INDCi2030-800f,POLES-JRC ENGAGE,0.7980907482889309,0.8262215829133586,R10REST_ASIA
622,ENGAGE-INDCi2030-900,POLES-JRC ENGAGE,0.6846612437265203,0.9380047274984396,R10REST_ASIA
623,ENGAGE-INDCi2030-900f,POLES-JRC ENGAGE,0.7649712359904017,0.7774509528437402,R10REST_ASIA
624,ENGAGE-NPi2020-1000f,POLES-JRC ENGAGE,0.5547555207591586,0.6259176858937174,R10REST_ASIA
625,ENGAGE-NPi2020-1000f-COV,POLES-JRC ENGAGE,0.5215009624387943,0.5989530660569851,R10REST_ASIA
626,ENGAGE-NPi2020-1200f,POLES-JRC ENGAGE,0.5118196437666688,0.5960504997739864,R10REST_ASIA
627,ENGAGE-NPi2020-900f,POLES-JRC ENGAGE,0.6147626257544588,0.6493566784980414,R10REST_ASIA
628,NGFS Phase 2-Delayed Transition,REMIND-MAgPIE 2.1-4.2,1.0615266190519559,1.2381436505060657,R10REST_ASIA
629,RESCUE-End-of-Century-Budget-1150,REMIND-MAgPIE 3.2.0-4.8.0,1.3671693327756314,1.4117639011966434,R10REST_ASIA
630,RESCUE-End-of-Century-Budget-1150-with-OAE,REMIND-MAgPIE 3.2.0-4.8.0,1.3987504713576675,1.4163374808881908,R10REST_ASIA
631,RESCUE-End-of-Century-Budget-500,REMIND-MAgPIE 3.2.0-4.8.0,1.3776162225574646,1.5023358680548933,R10REST_ASIA
632,RESCUE-End-of-Century-Budget-500-with-OAE,REMIND-MAgPIE 3.2.0-4.8.0,1.4253577308779184,1.4992894284817777,R10REST_ASIA
633,RESCUE-Peak-Budget-1150,REMIND-MAgPIE 3.2.0-4.8.0,1.4625977038034108,1.562021969386507,R10REST_ASIA
634,RESCUE-Peak-Budget-1150-with-OAE,REMIND-MAgPIE 3.2.0-4.8.0,1.4617747747708962,1.5588577167194033,R10REST_ASIA
635,NGFS Phase 5-Below 2°C,REMIND-MAgPIE 3.3-4.8,0.9924661939451417,1.2833526825688202,R10REST_ASIA
636,NGFS Phase 5-Delayed Transition,REMIND-MAgPIE 3.3-4.8,0.9928657655063565,1.2321540265248472,R10REST_ASIA
637,NGFS Phase 5-Low Demand,REMIND-MAgPIE 3.3-4.8,0.8022055958276848,1.0426811899208122,R10REST_ASIA
638,NGFS Phase 5-Net-Zero 2050,REMIND-MAgPIE 3.3-4.8,1.0858384123483527,1.4652768364832234,R10REST_ASIA
639,ENGAGE-INDCi2030-1000,WITCH 5.0,0.29387700672909817,0.36997759945627445,R10REST_ASIA
640,ENGAGE-INDCi2030-1000-NDCp,WITCH 5.0,0.2972759550935311,0.3686273131987608,R10REST_ASIA
641,ENGAGE-INDCi2030-1000f,WITCH 5.0,0.30227911606479163,0.3764540592490249,R10REST_ASIA
642,ENGAGE-INDCi2030-1000f-NDCp,WITCH 5.0,0.3012475026760547,0.3756837146380709,R10REST_ASIA
643,ENGAGE-INDCi2030-1200,WITCH 5.0,0.3010579616512988,0.3769309710960342,R10REST_ASIA
644,ENGAGE-INDCi2030-1200-NDCp,WITCH 5.0,0.3025635737236618,0.3784672788881651,R10REST_ASIA
645,ENGAGE-INDCi2030-1200f,WITCH 5.0,0.30631401988206924,0.38555466325861054,R10REST_ASIA
646,ENGAGE-INDCi2030-1200f-NDCp,WITCH 5.0,0.3070786775854907,0.3871456413937111,R10REST_ASIA
647,ENGAGE-INDCi2030-1400,WITCH 5.0,0.3144223884641174,0.4015972483957059,R10REST_ASIA
648,ENGAGE-INDCi2030-1400-NDCp,WITCH 5.0,0.31508603098156024,0.4034698402390933,R10REST_ASIA
649,ENGAGE-INDCi2030-1400f,WITCH 5.0,0.3119773242288952,0.40487078318866043,R10REST_ASIA
650,ENGAGE-INDCi2030-1400f-NDCp,WITCH 5.0,0.3145382150923644,0.4122895776759894,R10REST_ASIA
651,ENGAGE-INDCi2030-1600-NDCp,WITCH 5.0,0.3198819844286442,0.4239345777246229,R10REST_ASIA
652,ENGAGE-INDCi2030-500f,WITCH 5.0,0.33362640787207554,0.38413546370038554,R10REST_ASIA
653,ENGAGE-INDCi2030-600f,WITCH 5.0,0.32046556833388823,0.37437063695485695,R10REST_ASIA
654,ENGAGE-INDCi2030-600f-NDCp,WITCH 5.0,0.31468368075064856,0.366989787672699,R10REST_ASIA
655,ENGAGE-INDCi2030-700f,WITCH 5.0,0.31105866523146136,0.36626761107348277,R10REST_ASIA
656,ENGAGE-INDCi2030-700f-NDCp,WITCH 5.0,0.30906126307204174,0.3657655734120871,R10REST_ASIA
657,ENGAGE-INDCi2030-800,WITCH 5.0,0.2939897370738132,0.3734591872474485,R10REST_ASIA
658,ENGAGE-INDCi2030-800-NDCp,WITCH 5.0,0.29417991877143634,0.36553673593820346,R10REST_ASIA
659,ENGAGE-INDCi2030-800f,WITCH 5.0,0.3079185931445703,0.36866521018704995,R10REST_ASIA
660,ENGAGE-INDCi2030-800f-NDCp,WITCH 5.0,0.305110325304325,0.3683206143180184,R10REST_ASIA
661,ENGAGE-INDCi2030-900,WITCH 5.0,0.29515362468734657,0.36822022652527686,R10REST_ASIA
662,ENGAGE-INDCi2030-900-NDCp,WITCH 5.0,0.2868277753955419,0.3613390391786907,R10REST_ASIA
663,ENGAGE-INDCi2030-900f,WITCH 5.0,0.30411596173420025,0.3727736468154106,R10REST_ASIA
664,ENGAGE-INDCi2030-900f-NDCp,WITCH 5.0,0.3014487082843333,0.37259575345892254,R10REST_ASIA
665,ENGAGE-INDCi2030-1000,IMAGE 3.0,0.23884367841677795,0.2514723752569635,R10PAC_OECD
666,ENGAGE-INDCi2030-1000f,IMAGE 3.0,0.2971698450114275,0.2194694603027257,R10PAC_OECD
667,ENGAGE-INDCi2030-1200,IMAGE 3.0,0.22550601966236192,0.22413371501240464,R10PAC_OECD
668,ENGAGE-INDCi2030-1200f,IMAGE 3.0,0.24432832759952575,0.20631427156254575,R10PAC_OECD
669,ENGAGE-INDCi2030-1400f,IMAGE 3.0,0.23538412017344873,0.19951704864376124,R10PAC_OECD
670,ENGAGE-INDCi2030-800f,IMAGE 3.0,0.29482964750415686,0.2552915047307018,R10PAC_OECD
671,ENGAGE-NPi2020-1000,IMAGE 3.0,0.21980035602499542,0.22691218484595738,R10PAC_OECD
672,ENGAGE-NPi2020-1200,IMAGE 3.0,0.22071077588112376,0.21614539350137485,R10PAC_OECD
673,ENGAGE-NPi2020-1400,IMAGE 3.0,0.2163610717857809,0.1976703558503505,R10PAC_OECD
674,ENGAGE-NPi2020-1400f,IMAGE 3.0,0.2254602433781573,0.1993667178181262,R10PAC_OECD
675,SSP2021-SSP1-SPA1-19-Default,IMAGE 3.2,0.23849770997952183,0.3127785136302616,R10PAC_OECD
676,SSP2021-SSP1-SPA1-19-Lifestyle-Renewables,IMAGE 3.2,0.28314184762664296,0.3522261496210198,R10PAC_OECD
677,SSP2021-SSP1-SPA1-19-Renewables,IMAGE 3.2,0.2692476547784179,0.35806154583177385,R10PAC_OECD
678,SSP2021-SSP1-SPA1-26-Default,IMAGE 3.2,0.21542604721828304,0.3021511648267627,R10PAC_OECD
679,SSP2021-SSP1-SPA1-26-Lifestyle,IMAGE 3.2,0.1953615807866658,0.2834132944066331,R10PAC_OECD
680,SSP2021-SSP1-SPA1-26-Lifestyle-Renewables,IMAGE 3.2,0.26371527990870125,0.33386960660416076,R10PAC_OECD
681,SSP2021-SSP1-SPA1-26-Renewables,IMAGE 3.2,0.23720516735741498,0.33797497269387,R10PAC_OECD
682,SSP2021-SSP2-SPA0-26-Default,IMAGE 3.2,0.2680549477004781,0.3036310802284623,R10PAC_OECD
683,SSP2021-SSP2-SPA2-19-Renewables,IMAGE 3.2,0.37169523816827904,0.4676766414337376,R10PAC_OECD
684,SSP2021-SSP2-SPA2-26-Default,IMAGE 3.2,0.26457791786477924,0.31568417049182096,R10PAC_OECD
685,SSP2021-SSP2-SPA2-26-Lifestyle,IMAGE 3.2,0.2257341205051804,0.28562185390730804,R10PAC_OECD
686,SSP2021-SSP2-SPA2-26-Lifestyle-Renewables,IMAGE 3.2,0.2678831014659759,0.32497713498779024,R10PAC_OECD
687,SSP2021-SSP2-SPA2-26-Renewables,IMAGE 3.2,0.3347817836366794,0.37370414600914137,R10PAC_OECD
688,NAVIGATE Demand-1.5°C-ele_u,IMAGE 3.3,0.2883277115414113,0.3931289904625572,R10PAC_OECD
689,NAVIGATE Demand-1.5°C-tec_u,IMAGE 3.3,0.2468896996277153,0.3588016575806209,R10PAC_OECD
690,NAVIGATE Demand-2.0°C-ele_u,IMAGE 3.3,0.256705029022404,0.36054724222580253,R10PAC_OECD
691,NAVIGATE Demand-2.0°C-ref,IMAGE 3.3,0.23106290286680478,0.3440563488227424,R10PAC_OECD
692,NAVIGATE Demand-2.0°C-tec_u,IMAGE 3.3,0.21369153722721193,0.3122630513966774,R10PAC_OECD
693,NGFS Phase 5-Below 2°C,MESSAGEix-GLOBIOM 2.0-M-R12-NGFS,0.22797451056243748,0.3321255235168632,R10PAC_OECD
694,NGFS Phase 5-Delayed Transition,MESSAGEix-GLOBIOM 2.0-M-R12-NGFS,0.2321017439594883,0.3420077273715163,R10PAC_OECD
695,NGFS Phase 5-Low Demand,MESSAGEix-GLOBIOM 2.0-M-R12-NGFS,0.17745542287808072,0.2910231190115943,R10PAC_OECD
696,NGFS Phase 5-Nationally Determined Contributions (NDCs),MESSAGEix-GLOBIOM 2.0-M-R12-NGFS,0.21895269084345167,0.32411082126659835,R10PAC_OECD
697,NGFS Phase 5-Net-Zero 2050,MESSAGEix-GLOBIOM 2.0-M-R12-NGFS,0.25859763349623544,0.369696636688929,R10PAC_OECD
698,ENGAGE-INDCi2030-1000,POLES-JRC ENGAGE,0.3135617392167988,0.4543572257387381,R10PAC_OECD
699,ENGAGE-INDCi2030-1000-COV,POLES-JRC ENGAGE,0.2936424165036439,0.42428673057101873,R10PAC_OECD
700,ENGAGE-INDCi2030-1000-COV-NDCp,POLES-JRC ENGAGE,0.3016692650920866,0.4303817539930913,R10PAC_OECD
701,ENGAGE-INDCi2030-1000-NDCp,POLES-JRC ENGAGE,0.3347660984995344,0.47813344027122023,R10PAC_OECD
702,ENGAGE-INDCi2030-1000f,POLES-JRC ENGAGE,0.33577425719951237,0.39929516890134115,R10PAC_OECD
703,ENGAGE-INDCi2030-1000f-COV,POLES-JRC ENGAGE,0.29725509588265875,0.3587309749171308,R10PAC_OECD
704,ENGAGE-INDCi2030-1000f-COV-NDCp,POLES-JRC ENGAGE,0.3145550265608297,0.3906871676716227,R10PAC_OECD
705,ENGAGE-INDCi2030-1000f-NDCp,POLES-JRC ENGAGE,0.34586956949019987,0.42803020066831104,R10PAC_OECD
706,ENGAGE-INDCi2030-1200,POLES-JRC ENGAGE,0.27956079543724965,0.38410641926068256,R10PAC_OECD
707,ENGAGE-INDCi2030-1200f,POLES-JRC ENGAGE,0.2813698262108868,0.36214119356914454,R10PAC_OECD
708,ENGAGE-INDCi2030-300f,POLES-JRC ENGAGE,0.43924151881877443,0.4667335574660678,R10PAC_OECD
709,ENGAGE-INDCi2030-400f,POLES-JRC ENGAGE,0.46503265267302335,0.48658554324782255,R10PAC_OECD
710,ENGAGE-INDCi2030-500f,POLES-JRC ENGAGE,0.42725465699053733,0.49185216747878396,R10PAC_OECD
711,ENGAGE-INDCi2030-600f,POLES-JRC ENGAGE,0.423713498983639,0.4840154207064756,R10PAC_OECD
712,ENGAGE-INDCi2030-600f-COV,POLES-JRC ENGAGE,0.4108981478451881,0.45766470682784666,R10PAC_OECD
713,ENGAGE-INDCi2030-600f-COV-NDCp,POLES-JRC ENGAGE,0.4089916729176895,0.4561903516455046,R10PAC_OECD
714,ENGAGE-INDCi2030-600f-NDCp,POLES-JRC ENGAGE,0.42296999777832,0.4840210240468145,R10PAC_OECD
715,ENGAGE-INDCi2030-700f,POLES-JRC ENGAGE,0.38807879593751593,0.45562303692764716,R10PAC_OECD
716,ENGAGE-INDCi2030-800f,POLES-JRC ENGAGE,0.39162187391545333,0.4600754068144801,R10PAC_OECD
717,ENGAGE-INDCi2030-900,POLES-JRC ENGAGE,0.30819654080963454,0.4633089718326815,R10PAC_OECD
718,ENGAGE-INDCi2030-900f,POLES-JRC ENGAGE,0.36909017179443615,0.44545372685810536,R10PAC_OECD
719,ENGAGE-NPi2020-1000f,POLES-JRC ENGAGE,0.2916848770112629,0.35518008087061465,R10PAC_OECD
720,ENGAGE-NPi2020-1000f-COV,POLES-JRC ENGAGE,0.2810115697040619,0.34323171252730456,R10PAC_OECD
721,ENGAGE-NPi2020-1200f,POLES-JRC ENGAGE,0.25702262397485426,0.32122538521626,R10PAC_OECD
722,ENGAGE-NPi2020-900f,POLES-JRC ENGAGE,0.3191834880847215,0.37380193249441473,R10PAC_OECD
723,NGFS Phase 2-Delayed Transition,REMIND-MAgPIE 2.1-4.2,0.27303187031745924,0.3719545220304262,R10PAC_OECD
724,RESCUE-End-of-Century-Budget-1150,REMIND-MAgPIE 3.2.0-4.8.0,0.2470090294177884,0.21611794700558357,R10PAC_OECD
725,RESCUE-End-of-Century-Budget-1150-with-OAE,REMIND-MAgPIE 3.2.0-4.8.0,0.2448216587546518,0.21633663227557318,R10PAC_OECD
726,RESCUE-End-of-Century-Budget-500,REMIND-MAgPIE 3.2.0-4.8.0,0.2737015444691038,0.24252757824433352,R10PAC_OECD
727,RESCUE-End-of-Century-Budget-500-with-OAE,REMIND-MAgPIE 3.2.0-4.8.0,0.26258274193133224,0.23963255220944943,R10PAC_OECD
728,RESCUE-Peak-Budget-1150,REMIND-MAgPIE 3.2.0-4.8.0,0.21677970977326272,0.2499028035924529,R10PAC_OECD
729,RESCUE-Peak-Budget-1150-with-OAE,REMIND-MAgPIE 3.2.0-4.8.0,0.21699325829188118,0.2499990176228819,R10PAC_OECD
730,NGFS Phase 5-Below 2°C,REMIND-MAgPIE 3.3-4.8,0.2914988478623286,0.36499927912445396,R10PAC_OECD
731,NGFS Phase 5-Delayed Transition,REMIND-MAgPIE 3.3-4.8,0.3309639040215823,0.43750276780974606,R10PAC_OECD
732,NGFS Phase 5-Low Demand,REMIND-MAgPIE 3.3-4.8,0.23837364455702056,0.31108288877332313,R10PAC_OECD
733,NGFS Phase 5-Net-Zero 2050,REMIND-MAgPIE 3.3-4.8,0.3552883560232812,0.4888564751860498,R10PAC_OECD
734,ENGAGE-INDCi2030-1000,WITCH 5.0,0.2832188562033189,0.3356988942414247,R10PAC_OECD
735,ENGAGE-INDCi2030-1000-NDCp,WITCH 5.0,0.2918088253666629,0.32487916504483666,R10PAC_OECD
736,ENGAGE-INDCi2030-1000f,WITCH 5.0,0.28830992375360665,0.33725250971630005,R10PAC_OECD
737,ENGAGE-INDCi2030-1000f-NDCp,WITCH 5.0,0.28573367766505875,0.33363037209056934,R10PAC_OECD
738,ENGAGE-INDCi2030-1200,WITCH 5.0,0.29170521081916045,0.3220755316305281,R10PAC_OECD
739,ENGAGE-INDCi2030-1200-NDCp,WITCH 5.0,0.28993601450728906,0.31769169783486956,R10PAC_OECD
740,ENGAGE-INDCi2030-1200f,WITCH 5.0,0.28204000893775194,0.3332876172438347,R10PAC_OECD
741,ENGAGE-INDCi2030-1200f-NDCp,WITCH 5.0,0.2829210779161266,0.3365911955105382,R10PAC_OECD
742,ENGAGE-INDCi2030-1400,WITCH 5.0,0.2915743402916224,0.32329324285793914,R10PAC_OECD
743,ENGAGE-INDCi2030-1400-NDCp,WITCH 5.0,0.2911433419851654,0.3289788090288808,R10PAC_OECD
744,ENGAGE-INDCi2030-1400f,WITCH 5.0,0.28208757914008387,0.33910419033002637,R10PAC_OECD
745,ENGAGE-INDCi2030-1400f-NDCp,WITCH 5.0,0.28482443312962624,0.3467512716904677,R10PAC_OECD
746,ENGAGE-INDCi2030-1600-NDCp,WITCH 5.0,0.29386188236442323,0.34123472762637236,R10PAC_OECD
747,ENGAGE-INDCi2030-500f,WITCH 5.0,0.2957148725613503,0.3270286318962894,R10PAC_OECD
748,ENGAGE-INDCi2030-600f,WITCH 5.0,0.29433875982278773,0.33184667647788546,R10PAC_OECD
749,ENGAGE-INDCi2030-600f-NDCp,WITCH 5.0,0.2958118502463205,0.3366253372202734,R10PAC_OECD
750,ENGAGE-INDCi2030-700f,WITCH 5.0,0.2935830068581138,0.3342134677008479,R10PAC_OECD
751,ENGAGE-INDCi2030-700f-NDCp,WITCH 5.0,0.2928684540222888,0.33374530835203825,R10PAC_OECD
752,ENGAGE-INDCi2030-800,WITCH 5.0,0.2924874581480371,0.3379070014809243,R10PAC_OECD
753,ENGAGE-INDCi2030-800-NDCp,WITCH 5.0,0.291106396040932,0.33863289879185,R10PAC_OECD
754,ENGAGE-INDCi2030-800f,WITCH 5.0,0.2909662953867292,0.3344195204587268,R10PAC_OECD
755,ENGAGE-INDCi2030-800f-NDCp,WITCH 5.0,0.29048337809321517,0.3371092126694181,R10PAC_OECD
756,ENGAGE-INDCi2030-900,WITCH 5.0,0.290526766964043,0.32690464082630566,R10PAC_OECD
757,ENGAGE-INDCi2030-900-NDCp,WITCH 5.0,0.28147322841742684,0.33315570455676324,R10PAC_OECD
758,ENGAGE-INDCi2030-900f,WITCH 5.0,0.29080028951137016,0.33910455328552075,R10PAC_OECD
759,ENGAGE-INDCi2030-900f-NDCp,WITCH 5.0,0.2908275156953426,0.3413184683090732,R10PAC_OECD
760,ENGAGE-INDCi2030-1000,IMAGE 3.0,0.44560905673499257,0.5319089392327497,R10REF_ECON
761,ENGAGE-INDCi2030-1000f,IMAGE 3.0,0.49351752080950095,0.5413039667129746,R10REF_ECON
762,ENGAGE-INDCi2030-1200,IMAGE 3.0,0.4265774250560479,0.5307804884084564,R10REF_ECON
763,ENGAGE-INDCi2030-1200f,IMAGE 3.0,0.47842716526419277,0.5611382400623778,R10REF_ECON
764,ENGAGE-INDCi2030-1400f,IMAGE 3.0,0.508900193453788,0.5719938188961216,R10REF_ECON
765,ENGAGE-INDCi2030-800f,IMAGE 3.0,0.4859769639023653,0.5418333398762016,R10REF_ECON
766,ENGAGE-NPi2020-1000,IMAGE 3.0,0.4161181325613729,0.5137001628151244,R10REF_ECON
767,ENGAGE-NPi2020-1200,IMAGE 3.0,0.42366463938828064,0.5387035789931125,R10REF_ECON
768,ENGAGE-NPi2020-1400,IMAGE 3.0,0.46066499565089114,0.5744375411957879,R10REF_ECON
769,ENGAGE-NPi2020-1400f,IMAGE 3.0,0.4941928532105711,0.5922317348847665,R10REF_ECON
770,SSP2021-SSP1-SPA1-19-Default,IMAGE 3.2,0.6885722514548902,1.1090835029088126,R10REF_ECON
771,SSP2021-SSP1-SPA1-19-Lifestyle-Renewables,IMAGE 3.2,0.9151205903048001,1.2517528683658001,R10REF_ECON
772,SSP2021-SSP1-SPA1-19-Renewables,IMAGE 3.2,0.7945465949254242,1.2119357594940814,R10REF_ECON
773,SSP2021-SSP1-SPA1-26-Default,IMAGE 3.2,0.6910830589942175,1.0648515638656426,R10REF_ECON
774,SSP2021-SSP1-SPA1-26-Lifestyle,IMAGE 3.2,0.6571929935718226,1.0348952462715142,R10REF_ECON
775,SSP2021-SSP1-SPA1-26-Lifestyle-Renewables,IMAGE 3.2,0.8525448587154005,1.2004495306835086,R10REF_ECON
776,SSP2021-SSP1-SPA1-26-Renewables,IMAGE 3.2,0.7707399484055804,1.1148418758109364,R10REF_ECON
777,SSP2021-SSP2-SPA0-26-Default,IMAGE 3.2,0.7614888171180946,1.0510143147708741,R10REF_ECON
778,SSP2021-SSP2-SPA2-19-Renewables,IMAGE 3.2,1.1352577478200754,1.5025417449748173,R10REF_ECON
779,SSP2021-SSP2-SPA2-26-Default,IMAGE 3.2,0.7952426325728109,1.13410703802097,R10REF_ECON
780,SSP2021-SSP2-SPA2-26-Lifestyle,IMAGE 3.2,0.7384331654323136,1.0758765350596542,R10REF_ECON
781,SSP2021-SSP2-SPA2-26-Lifestyle-Renewables,IMAGE 3.2,0.89914434845748,1.228327876139032,R10REF_ECON
782,SSP2021-SSP2-SPA2-26-Renewables,IMAGE 3.2,1.0300072217026508,1.317794457844194,R10REF_ECON
783,NAVIGATE Demand-1.5°C-ele_u,IMAGE 3.3,0.5867090885432382,0.9978782940535496,R10REF_ECON
784,NAVIGATE Demand-1.5°C-tec_u,IMAGE 3.3,0.524605347262195,0.9228678302074637,R10REF_ECON
785,NAVIGATE Demand-2.0°C-ele_u,IMAGE 3.3,0.5924477827025147,1.0125762119077728,R10REF_ECON
786,NAVIGATE Demand-2.0°C-ref,IMAGE 3.3,0.5704247312684184,0.959277936286089,R10REF_ECON
787,NAVIGATE Demand-2.0°C-tec_u,IMAGE 3.3,0.5329226326302908,0.9091130949143935,R10REF_ECON
788,NGFS Phase 5-Below 2°C,MESSAGEix-GLOBIOM 2.0-M-R12-NGFS,0.39756814412274305,0.7143845517355573,R10REF_ECON
789,NGFS Phase 5-Delayed Transition,MESSAGEix-GLOBIOM 2.0-M-R12-NGFS,0.40277217215548616,0.73070417207477,R10REF_ECON
790,NGFS Phase 5-Low Demand,MESSAGEix-GLOBIOM 2.0-M-R12-NGFS,0.31953666356652577,0.6445967916674766,R10REF_ECON
791,NGFS Phase 5-Nationally Determined Contributions (NDCs),MESSAGEix-GLOBIOM 2.0-M-R12-NGFS,0.4311370227439987,0.7311353946823009,R10REF_ECON
792,NGFS Phase 5-Net-Zero 2050,MESSAGEix-GLOBIOM 2.0-M-R12-NGFS,0.44689995643932423,0.805048582487623,R10REF_ECON
793,ENGAGE-INDCi2030-1000,POLES-JRC ENGAGE,0.4081493866354257,0.5286762476385367,R10REF_ECON
794,ENGAGE-INDCi2030-1000-COV,POLES-JRC ENGAGE,0.4112592507888907,0.5301056480514327,R10REF_ECON
795,ENGAGE-INDCi2030-1000-COV-NDCp,POLES-JRC ENGAGE,0.40386309055288744,0.5320208258962524,R10REF_ECON
796,ENGAGE-INDCi2030-1000-NDCp,POLES-JRC ENGAGE,0.4227155913223752,0.5634570343968026,R10REF_ECON
797,ENGAGE-INDCi2030-1000f,POLES-JRC ENGAGE,0.4456367358192232,0.4963101651180825,R10REF_ECON
798,ENGAGE-INDCi2030-1000f-COV,POLES-JRC ENGAGE,0.4085386590940328,0.4965290857335887,R10REF_ECON
799,ENGAGE-INDCi2030-1000f-COV-NDCp,POLES-JRC ENGAGE,0.4015567529718317,0.4853790976399929,R10REF_ECON
800,ENGAGE-INDCi2030-1000f-NDCp,POLES-JRC ENGAGE,0.4410775257312554,0.5160941982862445,R10REF_ECON
801,ENGAGE-INDCi2030-1200,POLES-JRC ENGAGE,0.3821215956195527,0.4868455066247019,R10REF_ECON
802,ENGAGE-INDCi2030-1200f,POLES-JRC ENGAGE,0.3738124584174995,0.44439563576530944,R10REF_ECON
803,ENGAGE-INDCi2030-300f,POLES-JRC ENGAGE,0.6108870039474843,0.5932556937942548,R10REF_ECON
804,ENGAGE-INDCi2030-400f,POLES-JRC ENGAGE,0.6082886223561923,0.5886684082200135,R10REF_ECON
805,ENGAGE-INDCi2030-500f,POLES-JRC ENGAGE,0.5780444743672415,0.5914419702321189,R10REF_ECON
806,ENGAGE-INDCi2030-600f,POLES-JRC ENGAGE,0.5481924462186006,0.5531200570843657,R10REF_ECON
807,ENGAGE-INDCi2030-600f-COV,POLES-JRC ENGAGE,0.5515566004997812,0.5679219388811763,R10REF_ECON
808,ENGAGE-INDCi2030-600f-COV-NDCp,POLES-JRC ENGAGE,0.5502277282223802,0.5533942142327178,R10REF_ECON
809,ENGAGE-INDCi2030-600f-NDCp,POLES-JRC ENGAGE,0.5445637815645491,0.5763162814212902,R10REF_ECON
810,ENGAGE-INDCi2030-700f,POLES-JRC ENGAGE,0.5265693022953645,0.5386841584630254,R10REF_ECON
811,ENGAGE-INDCi2030-800f,POLES-JRC ENGAGE,0.5182158774854428,0.5423193296254841,R10REF_ECON
812,ENGAGE-INDCi2030-900,POLES-JRC ENGAGE,0.45993682918410594,0.5876413292382126,R10REF_ECON
813,ENGAGE-INDCi2030-900f,POLES-JRC ENGAGE,0.5005518341464337,0.5147525272351575,R10REF_ECON
814,ENGAGE-NPi2020-1000f,POLES-JRC ENGAGE,0.4003157771526186,0.4733461829715395,R10REF_ECON
815,ENGAGE-NPi2020-1000f-COV,POLES-JRC ENGAGE,0.4100093850582837,0.48358271073987946,R10REF_ECON
816,ENGAGE-NPi2020-1200f,POLES-JRC ENGAGE,0.37822454815720774,0.4609680405895572,R10REF_ECON
817,ENGAGE-NPi2020-900f,POLES-JRC ENGAGE,0.4238011589327947,0.4852319828477072,R10REF_ECON
818,NGFS Phase 2-Delayed Transition,REMIND-MAgPIE 2.1-4.2,0.5238176952410338,0.6997851539991331,R10REF_ECON
819,RESCUE-End-of-Century-Budget-1150,REMIND-MAgPIE 3.2.0-4.8.0,1.0927894277697368,0.6387031567115127,R10REF_ECON
820,RESCUE-End-of-Century-Budget-1150-with-OAE,REMIND-MAgPIE 3.2.0-4.8.0,1.0314063014287107,0.6431751228516357,R10REF_ECON
821,RESCUE-End-of-Century-Budget-500,REMIND-MAgPIE 3.2.0-4.8.0,1.631470112938172,0.7405989413364353,R10REF_ECON
822,RESCUE-End-of-Century-Budget-500-with-OAE,REMIND-MAgPIE 3.2.0-4.8.0,1.5857527273712353,0.719495568006516,R10REF_ECON
823,RESCUE-Peak-Budget-1150,REMIND-MAgPIE 3.2.0-4.8.0,0.7088392735181126,0.7413654363973694,R10REF_ECON
824,RESCUE-Peak-Budget-1150-with-OAE,REMIND-MAgPIE 3.2.0-4.8.0,0.7096112130373293,0.7419041364599526,R10REF_ECON
825,NGFS Phase 5-Below 2°C,REMIND-MAgPIE 3.3-4.8,0.5777473413129012,0.7085625290281617,R10REF_ECON
826,NGFS Phase 5-Delayed Transition,REMIND-MAgPIE 3.3-4.8,0.6010022236411565,0.7338879666501716,R10REF_ECON
827,NGFS Phase 5-Low Demand,REMIND-MAgPIE 3.3-4.8,0.37787897189110187,0.5117348204049914,R10REF_ECON
828,NGFS Phase 5-Net-Zero 2050,REMIND-MAgPIE 3.3-4.8,0.6854158092982722,0.9280153238059844,R10REF_ECON
829,ENGAGE-INDCi2030-1000,WITCH 5.0,0.44213390745846226,0.5080419786395969,R10REF_ECON
830,ENGAGE-INDCi2030-1000-NDCp,WITCH 5.0,0.44805582577889314,0.509621122707265,R10REF_ECON
831,ENGAGE-INDCi2030-1000f,WITCH 5.0,0.4388496220049289,0.5044886983856727,R10REF_ECON
832,ENGAGE-INDCi2030-1000f-NDCp,WITCH 5.0,0.4401923915726711,0.5011302864495117,R10REF_ECON
833,ENGAGE-INDCi2030-1200,WITCH 5.0,0.46195473330087045,0.5170769059740457,R10REF_ECON
834,ENGAGE-INDCi2030-1200-NDCp,WITCH 5.0,0.4636948229910592,0.5198291577440234,R10REF_ECON
835,ENGAGE-INDCi2030-1200f,WITCH 5.0,0.4493946930753996,0.5137468543197216,R10REF_ECON
836,ENGAGE-INDCi2030-1200f-NDCp,WITCH 5.0,0.4496068243109048,0.515168324388646,R10REF_ECON
837,ENGAGE-INDCi2030-1400,WITCH 5.0,0.4647910981400283,0.5252111569663638,R10REF_ECON
838,ENGAGE-INDCi2030-1400-NDCp,WITCH 5.0,0.4654089119012423,0.5266855734578608,R10REF_ECON
839,ENGAGE-INDCi2030-1400f,WITCH 5.0,0.45679722333483785,0.5239921757053074,R10REF_ECON
840,ENGAGE-INDCi2030-1400f-NDCp,WITCH 5.0,0.4578795735096407,0.5255144409462035,R10REF_ECON
841,ENGAGE-INDCi2030-1600-NDCp,WITCH 5.0,0.4760846447293423,0.5268035391709165,R10REF_ECON
842,ENGAGE-INDCi2030-500f,WITCH 5.0,0.42916412769295,0.48980594804893995,R10REF_ECON
843,ENGAGE-INDCi2030-600f,WITCH 5.0,0.42371864274459903,0.48717552000699066,R10REF_ECON
844,ENGAGE-INDCi2030-600f-NDCp,WITCH 5.0,0.42752316578243826,0.5004786460557413,R10REF_ECON
845,ENGAGE-INDCi2030-700f,WITCH 5.0,0.43099684966918445,0.5034616391782103,R10REF_ECON
846,ENGAGE-INDCi2030-700f-NDCp,WITCH 5.0,0.43256167774116383,0.505025372686773,R10REF_ECON
847,ENGAGE-INDCi2030-800,WITCH 5.0,0.43728735462276486,0.48905504727035737,R10REF_ECON
848,ENGAGE-INDCi2030-800-NDCp,WITCH 5.0,0.4382588092100627,0.4899163203320379,R10REF_ECON
849,ENGAGE-INDCi2030-800f,WITCH 5.0,0.43352746966305694,0.5045366848088906,R10REF_ECON
850,ENGAGE-INDCi2030-800f-NDCp,WITCH 5.0,0.4335771449269874,0.5053657637216489,R10REF_ECON
851,ENGAGE-INDCi2030-900,WITCH 5.0,0.44714090471556805,0.5145423159568377,R10REF_ECON
852,ENGAGE-INDCi2030-900-NDCp,WITCH 5.0,0.4382500988572483,0.5058979444301627,R10REF_ECON
853,ENGAGE-INDCi2030-900f,WITCH 5.0,0.43505693971718057,0.5018258100639523,R10REF_ECON
854,ENGAGE-INDCi2030-900f-NDCp,WITCH 5.0,0.4354010818601462,0.5041953315823932,R10REF_ECON
855,ENGAGE-INDCi2030-1000,IMAGE 3.0,0.4274970437081845,0.4607094817093075,R10NORTH_AM
856,ENGAGE-INDCi2030-1000f,IMAGE 3.0,0.49784817211487886,0.46238136175833255,R10NORTH_AM
857,ENGAGE-INDCi2030-1200,IMAGE 3.0,0.4254495954902747,0.43689453764453984,R10NORTH_AM
858,ENGAGE-INDCi2030-1200f,IMAGE 3.0,0.47044565123581106,0.45973886748472614,R10NORTH_AM
859,ENGAGE-INDCi2030-1400f,IMAGE 3.0,0.47697940781806936,0.46068114200042093,R10NORTH_AM
860,ENGAGE-INDCi2030-800f,IMAGE 3.0,0.501853293376546,0.49028705907909487,R10NORTH_AM
861,ENGAGE-NPi2020-1000,IMAGE 3.0,0.40739095238864287,0.41100253546551624,R10NORTH_AM
862,ENGAGE-NPi2020-1200,IMAGE 3.0,0.41023372724257606,0.3881040926014014,R10NORTH_AM
863,ENGAGE-NPi2020-1400,IMAGE 3.0,0.42852763731222526,0.40810886327803414,R10NORTH_AM
864,ENGAGE-NPi2020-1400f,IMAGE 3.0,0.44911132221974054,0.4122458477926098,R10NORTH_AM
865,SSP2021-SSP1-SPA1-19-Default,IMAGE 3.2,0.5228818468564584,0.728698068185485,R10NORTH_AM
866,SSP2021-SSP1-SPA1-19-Lifestyle-Renewables,IMAGE 3.2,0.6279574717576959,0.803977231388838,R10NORTH_AM
867,SSP2021-SSP1-SPA1-19-Renewables,IMAGE 3.2,0.6030989860008911,0.8465330277741124,R10NORTH_AM
868,SSP2021-SSP1-SPA1-26-Default,IMAGE 3.2,0.4687745129487838,0.6844668063370646,R10NORTH_AM
869,SSP2021-SSP1-SPA1-26-Lifestyle,IMAGE 3.2,0.4211689682099583,0.6363603961300157,R10NORTH_AM
870,SSP2021-SSP1-SPA1-26-Lifestyle-Renewables,IMAGE 3.2,0.5507608558591143,0.6924770108471088,R10NORTH_AM
871,SSP2021-SSP1-SPA1-26-Renewables,IMAGE 3.2,0.5499361614619975,0.7641302352263144,R10NORTH_AM
872,SSP2021-SSP2-SPA0-26-Default,IMAGE 3.2,0.5447010818962605,0.6301463998149388,R10NORTH_AM
873,SSP2021-SSP2-SPA2-19-Renewables,IMAGE 3.2,0.7745559119676358,1.033710785053285,R10NORTH_AM
874,SSP2021-SSP2-SPA2-26-Default,IMAGE 3.2,0.5215537373852043,0.633564791347271,R10NORTH_AM
875,SSP2021-SSP2-SPA2-26-Lifestyle,IMAGE 3.2,0.441108035009041,0.5625256280994068,R10NORTH_AM
876,SSP2021-SSP2-SPA2-26-Lifestyle-Renewables,IMAGE 3.2,0.5550872018050889,0.728872504312145,R10NORTH_AM
877,SSP2021-SSP2-SPA2-26-Renewables,IMAGE 3.2,0.6686334713194984,0.8251552664609275,R10NORTH_AM
878,NAVIGATE Demand-1.5°C-ele_u,IMAGE 3.3,0.468044671893333,0.666171714515553,R10NORTH_AM
879,NAVIGATE Demand-1.5°C-tec_u,IMAGE 3.3,0.4337709852608562,0.6320773648893503,R10NORTH_AM
880,NAVIGATE Demand-2.0°C-ele_u,IMAGE 3.3,0.43854598727955435,0.6343836827292979,R10NORTH_AM
881,NAVIGATE Demand-2.0°C-ref,IMAGE 3.3,0.4324715919307423,0.6158151456294902,R10NORTH_AM
882,NAVIGATE Demand-2.0°C-tec_u,IMAGE 3.3,0.4005843799598825,0.5801890336936002,R10NORTH_AM
883,NGFS Phase 5-Below 2°C,MESSAGEix-GLOBIOM 2.0-M-R12-NGFS,0.4550971033584656,0.7109928940814705,R10NORTH_AM
884,NGFS Phase 5-Delayed Transition,MESSAGEix-GLOBIOM 2.0-M-R12-NGFS,0.4421160369480598,0.6859275189724621,R10NORTH_AM
885,NGFS Phase 5-Low Demand,MESSAGEix-GLOBIOM 2.0-M-R12-NGFS,0.37237353772539206,0.6289439702364508,R10NORTH_AM
886,NGFS Phase 5-Nationally Determined Contributions (NDCs),MESSAGEix-GLOBIOM 2.0-M-R12-NGFS,0.43710081981898496,0.6842488689794144,R10NORTH_AM
887,NGFS Phase 5-Net-Zero 2050,MESSAGEix-GLOBIOM 2.0-M-R12-NGFS,0.501056506707319,0.7639930044036202,R10NORTH_AM
888,ENGAGE-INDCi2030-1000,POLES-JRC ENGAGE,0.3180899807298743,0.49598685419818445,R10NORTH_AM
889,ENGAGE-INDCi2030-1000-COV,POLES-JRC ENGAGE,0.3144143865423141,0.4764949599226331,R10NORTH_AM
890,ENGAGE-INDCi2030-1000-COV-NDCp,POLES-JRC ENGAGE,0.31080708740115903,0.4747446561076246,R10NORTH_AM
891,ENGAGE-INDCi2030-1000-NDCp,POLES-JRC ENGAGE,0.32303654115804303,0.5006964813215747,R10NORTH_AM
892,ENGAGE-INDCi2030-1000f,POLES-JRC ENGAGE,0.36954319426224047,0.448229666242428,R10NORTH_AM
893,ENGAGE-INDCi2030-1000f-COV,POLES-JRC ENGAGE,0.32139026287871725,0.41996198328343015,R10NORTH_AM
894,ENGAGE-INDCi2030-1000f-COV-NDCp,POLES-JRC ENGAGE,0.28629943138923136,0.36963374528349224,R10NORTH_AM
895,ENGAGE-INDCi2030-1000f-NDCp,POLES-JRC ENGAGE,0.3364858711261723,0.4377077387850344,R10NORTH_AM
896,ENGAGE-INDCi2030-1200,POLES-JRC ENGAGE,0.28753313297153615,0.4231748618819716,R10NORTH_AM
897,ENGAGE-INDCi2030-1200f,POLES-JRC ENGAGE,0.2745610554618861,0.3577669265371335,R10NORTH_AM
898,ENGAGE-INDCi2030-300f,POLES-JRC ENGAGE,0.4572125377824184,0.4575937546500418,R10NORTH_AM
899,ENGAGE-INDCi2030-400f,POLES-JRC ENGAGE,0.4243388656181253,0.45871125310639693,R10NORTH_AM
900,ENGAGE-INDCi2030-500f,POLES-JRC ENGAGE,0.4311543525873818,0.4846058162898391,R10NORTH_AM
901,ENGAGE-INDCi2030-600f,POLES-JRC ENGAGE,0.4091287613767183,0.4955692376671912,R10NORTH_AM
902,ENGAGE-INDCi2030-600f-COV,POLES-JRC ENGAGE,0.4194050482212262,0.508371541230828,R10NORTH_AM
903,ENGAGE-INDCi2030-600f-COV-NDCp,POLES-JRC ENGAGE,0.41132479287110885,0.5123798991378723,R10NORTH_AM
904,ENGAGE-INDCi2030-600f-NDCp,POLES-JRC ENGAGE,0.43703761441371264,0.5221494453103497,R10NORTH_AM
905,ENGAGE-INDCi2030-700f,POLES-JRC ENGAGE,0.4071706882263741,0.5062144830155688,R10NORTH_AM
906,ENGAGE-INDCi2030-800f,POLES-JRC ENGAGE,0.3993816766666411,0.5042035317668119,R10NORTH_AM
907,ENGAGE-INDCi2030-900,POLES-JRC ENGAGE,0.2943745966357757,0.45919425235971467,R10NORTH_AM
908,ENGAGE-INDCi2030-900f,POLES-JRC ENGAGE,0.37457763512032116,0.4721518833563314,R10NORTH_AM
909,ENGAGE-NPi2020-1000f,POLES-JRC ENGAGE,0.27939397235582986,0.3487540266294398,R10NORTH_AM
910,ENGAGE-NPi2020-1000f-COV,POLES-JRC ENGAGE,0.2729667430798246,0.34823931774325645,R10NORTH_AM
911,ENGAGE-NPi2020-1200f,POLES-JRC ENGAGE,0.25298873407448563,0.3292056787780145,R10NORTH_AM
912,ENGAGE-NPi2020-900f,POLES-JRC ENGAGE,0.30769550374517113,0.3701238556558415,R10NORTH_AM
913,NGFS Phase 2-Delayed Transition,REMIND-MAgPIE 2.1-4.2,0.5803796762772272,0.7933397581152906,R10NORTH_AM
914,RESCUE-End-of-Century-Budget-1150,REMIND-MAgPIE 3.2.0-4.8.0,0.5182320532756339,0.49914068379249776,R10NORTH_AM
915,RESCUE-End-of-Century-Budget-1150-with-OAE,REMIND-MAgPIE 3.2.0-4.8.0,0.503847250928152,0.5026942804461064,R10NORTH_AM
916,RESCUE-End-of-Century-Budget-500,REMIND-MAgPIE 3.2.0-4.8.0,0.5257230201606405,0.5214781610635315,R10NORTH_AM
917,RESCUE-End-of-Century-Budget-500-with-OAE,REMIND-MAgPIE 3.2.0-4.8.0,0.5045955851333882,0.5246153657037773,R10NORTH_AM
918,RESCUE-Peak-Budget-1150,REMIND-MAgPIE 3.2.0-4.8.0,0.5175595278249101,0.5692237182120652,R10NORTH_AM
919,RESCUE-Peak-Budget-1150-with-OAE,REMIND-MAgPIE 3.2.0-4.8.0,0.5173338895818625,0.5685107447679152,R10NORTH_AM
920,NGFS Phase 5-Below 2°C,REMIND-MAgPIE 3.3-4.8,0.429064869394884,0.5217169251931262,R10NORTH_AM
921,NGFS Phase 5-Delayed Transition,REMIND-MAgPIE 3.3-4.8,0.47103578194872386,0.5959551213657971,R10NORTH_AM
922,NGFS Phase 5-Low Demand,REMIND-MAgPIE 3.3-4.8,0.3480872596648707,0.44903293148895834,R10NORTH_AM
923,NGFS Phase 5-Net-Zero 2050,REMIND-MAgPIE 3.3-4.8,0.4933777112681759,0.6542205922204136,R10NORTH_AM
924,ENGAGE-INDCi2030-1000,WITCH 5.0,0.5285419906084123,0.62470533052337,R10NORTH_AM
925,ENGAGE-INDCi2030-1000-NDCp,WITCH 5.0,0.550771648529336,0.6504725034536404,R10NORTH_AM
926,ENGAGE-INDCi2030-1000f,WITCH 5.0,0.548640721417097,0.6337294243632852,R10NORTH_AM
927,ENGAGE-INDCi2030-1000f-NDCp,WITCH 5.0,0.5617999676797253,0.6596606134629718,R10NORTH_AM
928,ENGAGE-INDCi2030-1200,WITCH 5.0,0.5588015441239484,0.6392219989483298,R10NORTH_AM
929,ENGAGE-INDCi2030-1200-NDCp,WITCH 5.0,0.5620060901173988,0.6596451406731708,R10NORTH_AM
930,ENGAGE-INDCi2030-1200f,WITCH 5.0,0.5554144612419785,0.643669836947534,R10NORTH_AM
931,ENGAGE-INDCi2030-1200f-NDCp,WITCH 5.0,0.5573001366319673,0.652070138691486,R10NORTH_AM
932,ENGAGE-INDCi2030-1400,WITCH 5.0,0.551775441093025,0.6504958031641865,R10NORTH_AM
933,ENGAGE-INDCi2030-1400-NDCp,WITCH 5.0,0.5494717379745055,0.6519290173492029,R10NORTH_AM
934,ENGAGE-INDCi2030-1400f,WITCH 5.0,0.5504899116279712,0.6507212606332314,R10NORTH_AM
935,ENGAGE-INDCi2030-1400f-NDCp,WITCH 5.0,0.5492952297423161,0.654105505609152,R10NORTH_AM
936,ENGAGE-INDCi2030-1600-NDCp,WITCH 5.0,0.5627554284450418,0.6709514792266158,R10NORTH_AM
937,ENGAGE-INDCi2030-500f,WITCH 5.0,0.5333463027716023,0.606894298025018,R10NORTH_AM
938,ENGAGE-INDCi2030-600f,WITCH 5.0,0.5294609814576614,0.6037312839180958,R10NORTH_AM
939,ENGAGE-INDCi2030-600f-NDCp,WITCH 5.0,0.5416363688132558,0.6255345158814475,R10NORTH_AM
940,ENGAGE-INDCi2030-700f,WITCH 5.0,0.5358933108963166,0.6109377665014628,R10NORTH_AM
941,ENGAGE-INDCi2030-700f-NDCp,WITCH 5.0,0.545839820746902,0.6341264638980022,R10NORTH_AM
942,ENGAGE-INDCi2030-800,WITCH 5.0,0.5307027132532801,0.6059213792851306,R10NORTH_AM
943,ENGAGE-INDCi2030-800-NDCp,WITCH 5.0,0.5441303326460697,0.6223720643693902,R10NORTH_AM
944,ENGAGE-INDCi2030-800f,WITCH 5.0,0.5437197545669742,0.6236762497472241,R10NORTH_AM
945,ENGAGE-INDCi2030-800f-NDCp,WITCH 5.0,0.5468307569973186,0.6407208396854697,R10NORTH_AM
946,ENGAGE-INDCi2030-900,WITCH 5.0,0.5430492537231957,0.6189573859117572,R10NORTH_AM
947,ENGAGE-INDCi2030-900-NDCp,WITCH 5.0,0.5352804208321955,0.6348927884729123,R10NORTH_AM
948,ENGAGE-INDCi2030-900f,WITCH 5.0,0.5455154968031048,0.6285120323123428,R10NORTH_AM
949,ENGAGE-INDCi2030-900f-NDCp,WITCH 5.0,0.5562138407225247,0.6539114835770707,R10NORTH_AM
