model,scenario,environmental_score,environmental_score_2050,Region
IMAGE 3.0,ENGAGE-INDCi2030-1000,0.5658769015464612,0.7904745709937088,R10LATIN_AM
IMAGE 3.0,ENGAGE-INDCi2030-1000f,0.5908043918811693,0.7879513207362575,R10LATIN_AM
IMAGE 3.0,ENGAGE-INDCi2030-1200,0.5685107551875759,0.7894386757255053,R10LATIN_AM
IMAGE 3.0,ENGAGE-INDCi2030-1200f,0.5891284798530777,0.7885968153779379,R10LATIN_AM
IMAGE 3.0,ENGAGE-INDCi2030-1400f,0.5864860830096392,0.7883192196783411,R10LATIN_AM
IMAGE 3.0,ENGAGE-INDCi2030-800f,0.5899732643518912,0.7899322012617742,R10LATIN_AM
IMAGE 3.0,ENGAGE-NPi2020-1000,0.570431489549001,0.7890188661842681,R10LATIN_AM
IMAGE 3.0,ENGAGE-NPi2020-1200,0.5744382745078352,0.7898283153868945,R10LATIN_AM
IMAGE 3.0,ENGAGE-NPi2020-1400,0.5621545171163688,0.7891999834820195,R10LATIN_AM
IMAGE 3.0,ENGAGE-NPi2020-1400f,0.5713810333176548,0.7890709808925275,R10LATIN_AM
IMAGE 3.2,SSP2021-SSP1-SPA1-19-Default,1.4051082402798256,1.6343636034898688,R10LATIN_AM
IMAGE 3.2,SSP2021-SSP1-SPA1-19-Lifestyle-Renewables,1.0807585618317104,1.0,R10LATIN_AM
IMAGE 3.2,SSP2021-SSP1-SPA1-19-Renewables,0.3885769929154299,0.6094205251597299,R10LATIN_AM
IMAGE 3.2,SSP2021-SSP1-SPA1-26-Default,0.39713351424579896,0.6316123543138071,R10LATIN_AM
IMAGE 3.2,SSP2021-SSP1-SPA1-26-Lifestyle,0.07973732583453984,0.0007762827852522367,R10LATIN_AM
IMAGE 3.2,SSP2021-SSP1-SPA1-26-Lifestyle-Renewables,0.07824644394243412,0.00019853562898553692,R10LATIN_AM
IMAGE 3.2,SSP2021-SSP1-SPA1-26-Renewables,0.3802328514614703,0.6100530409420766,R10LATIN_AM
IMAGE 3.2,SSP2021-SSP2-SPA0-26-Default,1.941458857437904,1.9169526637186038,R10LATIN_AM
IMAGE 3.2,SSP2021-SSP2-SPA2-19-Renewables,1.3403454722521135,1.6811134316985519,R10LATIN_AM
IMAGE 3.2,SSP2021-SSP2-SPA2-26-Default,1.3676285354874307,1.7081857656820123,R10LATIN_AM
IMAGE 3.2,SSP2021-SSP2-SPA2-26-Lifestyle,1.4405409719242623,1.2984342731919507,R10LATIN_AM
IMAGE 3.2,SSP2021-SSP2-SPA2-26-Lifestyle-Renewables,1.4414001101142249,1.297900738569656,R10LATIN_AM
IMAGE 3.2,SSP2021-SSP2-SPA2-26-Renewables,1.3807735094692561,1.70952509365803,R10LATIN_AM
IMAGE 3.3,NAVIGATE Demand-1.5°C-ele_u,0.34148623785647086,0.6814906191867306,R10LATIN_AM
IMAGE 3.3,NAVIGATE Demand-1.5°C-tec_u,0.3408351836526499,0.6812734213309725,R10LATIN_AM
IMAGE 3.3,NAVIGATE Demand-2.0°C-ele_u,0.5177633446128052,0.7312915033109417,R10LATIN_AM
IMAGE 3.3,NAVIGATE Demand-2.0°C-ref,0.519134320821449,0.7305666989897236,R10LATIN_AM
IMAGE 3.3,NAVIGATE Demand-2.0°C-tec_u,0.5159725241520997,0.7304171718338363,R10LATIN_AM
MESSAGEix-GLOBIOM 2.0-M-R12-NGFS,NGFS Phase 5-Below 2°C,0.4426131495404423,0.68455363623189,R10LATIN_AM
MESSAGEix-GLOBIOM 2.0-M-R12-NGFS,NGFS Phase 5-Delayed Transition,0.44695297146850854,0.727645578272272,R10LATIN_AM
MESSAGEix-GLOBIOM 2.0-M-R12-NGFS,NGFS Phase 5-Low Demand,0.5155775214132199,0.644786702454024,R10LATIN_AM
MESSAGEix-GLOBIOM 2.0-M-R12-NGFS,NGFS Phase 5-Nationally Determined Contributions (NDCs),0.530741816776425,0.7794956689144614,R10LATIN_AM
MESSAGEix-GLOBIOM 2.0-M-R12-NGFS,NGFS Phase 5-Net-Zero 2050,0.4233896660805513,0.638686617900156,R10LATIN_AM
POLES-JRC ENGAGE,ENGAGE-INDCi2030-1000,0.6139390979455849,0.7482079143786854,R10LATIN_AM
POLES-JRC ENGAGE,ENGAGE-INDCi2030-1000-COV,0.6166949823726176,0.7485939444377401,R10LATIN_AM
POLES-JRC ENGAGE,ENGAGE-INDCi2030-1000-COV-NDCp,0.6139575644857356,0.7487356049639252,R10LATIN_AM
POLES-JRC ENGAGE,ENGAGE-INDCi2030-1000-NDCp,0.6201955899417482,0.7476787887374655,R10LATIN_AM
POLES-JRC ENGAGE,ENGAGE-INDCi2030-1000f,1.6311881151397016,1.7486749225967024,R10LATIN_AM
POLES-JRC ENGAGE,ENGAGE-INDCi2030-1000f-COV,0.6396336674564469,0.745063706722972,R10LATIN_AM
POLES-JRC ENGAGE,ENGAGE-INDCi2030-1000f-COV-NDCp,0.6389043096034818,0.7434878102471639,R10LATIN_AM
POLES-JRC ENGAGE,ENGAGE-INDCi2030-1000f-NDCp,1.6384480028060233,1.7486915282444893,R10LATIN_AM
POLES-JRC ENGAGE,ENGAGE-INDCi2030-1200,0.6231485447743552,0.7475383582592648,R10LATIN_AM
POLES-JRC ENGAGE,ENGAGE-INDCi2030-1200f,1.6395937740910833,1.7417614379012845,R10LATIN_AM
POLES-JRC ENGAGE,ENGAGE-INDCi2030-300f,1.63093550414772,1.7486587269649099,R10LATIN_AM
POLES-JRC ENGAGE,ENGAGE-INDCi2030-400f,1.6288139665197483,1.7485517127902805,R10LATIN_AM
POLES-JRC ENGAGE,ENGAGE-INDCi2030-500f,1.6275201809815747,1.7484166125200118,R10LATIN_AM
POLES-JRC ENGAGE,ENGAGE-INDCi2030-600f,1.6271979328076513,1.7483561351607868,R10LATIN_AM
POLES-JRC ENGAGE,ENGAGE-INDCi2030-600f-COV,1.6313471247373332,1.748303038089467,R10LATIN_AM
POLES-JRC ENGAGE,ENGAGE-INDCi2030-600f-COV-NDCp,1.632100164870796,1.748334404313065,R10LATIN_AM
POLES-JRC ENGAGE,ENGAGE-INDCi2030-600f-NDCp,1.6277656027098337,1.7480065965252647,R10LATIN_AM
POLES-JRC ENGAGE,ENGAGE-INDCi2030-700f,1.6272010340586691,1.7481779832110695,R10LATIN_AM
POLES-JRC ENGAGE,ENGAGE-INDCi2030-800f,1.6282367109326028,1.748011311709205,R10LATIN_AM
POLES-JRC ENGAGE,ENGAGE-INDCi2030-900,0.60884571604699,0.7487140791242008,R10LATIN_AM
POLES-JRC ENGAGE,ENGAGE-INDCi2030-900f,1.6345215370857904,1.7481990990347984,R10LATIN_AM
POLES-JRC ENGAGE,ENGAGE-NPi2020-1000f,1.4661735087765404,1.5952069608030768,R10LATIN_AM
POLES-JRC ENGAGE,ENGAGE-NPi2020-1000f-COV,0.4611875429359198,0.5936064633675842,R10LATIN_AM
POLES-JRC ENGAGE,ENGAGE-NPi2020-1200f,1.4616380701292084,1.5927667506103436,R10LATIN_AM
POLES-JRC ENGAGE,ENGAGE-NPi2020-900f,1.4737194163662615,1.597779606162114,R10LATIN_AM
REMIND-MAgPIE 2.1-4.2,NGFS Phase 2-Delayed Transition,0.6359644521593809,0.722036064175048,R10LATIN_AM
REMIND-MAgPIE 3.2.0-4.8.0,RESCUE-End-of-Century-Budget-1150,1.5575091543984088,1.7466422599513698,R10LATIN_AM
REMIND-MAgPIE 3.2.0-4.8.0,RESCUE-End-of-Century-Budget-1150-with-OAE,1.5639992138661394,1.759524293222881,R10LATIN_AM
REMIND-MAgPIE 3.2.0-4.8.0,RESCUE-End-of-Century-Budget-500,1.3851672136763633,1.614276298680966,R10LATIN_AM
REMIND-MAgPIE 3.2.0-4.8.0,RESCUE-End-of-Century-Budget-500-with-OAE,1.428129844491726,1.619339887834951,R10LATIN_AM
REMIND-MAgPIE 3.2.0-4.8.0,RESCUE-Peak-Budget-1150,1.7127352086971857,1.7722331545187837,R10LATIN_AM
REMIND-MAgPIE 3.2.0-4.8.0,RESCUE-Peak-Budget-1150-with-OAE,1.7131203423056771,1.7707043706716117,R10LATIN_AM
REMIND-MAgPIE 3.3-4.8,NGFS Phase 5-Below 2°C,0.6136116787802925,0.740817661138948,R10LATIN_AM
REMIND-MAgPIE 3.3-4.8,NGFS Phase 5-Delayed Transition,0.6936310932769412,0.8186310678274175,R10LATIN_AM
REMIND-MAgPIE 3.3-4.8,NGFS Phase 5-Low Demand,1.6887536645104655,1.7633584289953452,R10LATIN_AM
REMIND-MAgPIE 3.3-4.8,NGFS Phase 5-Net-Zero 2050,1.6329769687430105,1.6828013288183232,R10LATIN_AM
WITCH 5.0,ENGAGE-INDCi2030-1000,1.1725651808300908,1.4351925992967498,R10LATIN_AM
WITCH 5.0,ENGAGE-INDCi2030-1000-NDCp,1.1579073805734823,1.429575459434491,R10LATIN_AM
WITCH 5.0,ENGAGE-INDCi2030-1000f,1.1757094324807689,1.459429064141539,R10LATIN_AM
WITCH 5.0,ENGAGE-INDCi2030-1000f-NDCp,1.1261168695549262,1.452227915552435,R10LATIN_AM
WITCH 5.0,ENGAGE-INDCi2030-1200,1.2070640101230703,1.4725879399893538,R10LATIN_AM
WITCH 5.0,ENGAGE-INDCi2030-1200-NDCp,1.1638502975479312,1.4616506530905105,R10LATIN_AM
WITCH 5.0,ENGAGE-INDCi2030-1200f,1.1747289043352773,1.47005172267311,R10LATIN_AM
WITCH 5.0,ENGAGE-INDCi2030-1200f-NDCp,1.125506000019574,1.4634259357592765,R10LATIN_AM
WITCH 5.0,ENGAGE-INDCi2030-1400,1.173554327238449,1.4766070719271183,R10LATIN_AM
WITCH 5.0,ENGAGE-INDCi2030-1400-NDCp,1.1251339436256462,1.4692156310365827,R10LATIN_AM
WITCH 5.0,ENGAGE-INDCi2030-1400f,1.1734222494116697,1.4762525701692697,R10LATIN_AM
WITCH 5.0,ENGAGE-INDCi2030-1400f-NDCp,1.1275004211010906,1.4695336277893247,R10LATIN_AM
WITCH 5.0,ENGAGE-INDCi2030-1600-NDCp,1.1309131900808689,1.4731228104888319,R10LATIN_AM
WITCH 5.0,ENGAGE-INDCi2030-500f,1.1860345149339206,1.388535489626715,R10LATIN_AM
WITCH 5.0,ENGAGE-INDCi2030-600f,1.180116416793445,1.3931270441354817,R10LATIN_AM
WITCH 5.0,ENGAGE-INDCi2030-600f-NDCp,1.1276342694494572,1.390908333156994,R10LATIN_AM
WITCH 5.0,ENGAGE-INDCi2030-700f,1.1783778873193798,1.4072148971845435,R10LATIN_AM
WITCH 5.0,ENGAGE-INDCi2030-700f-NDCp,1.127049601974433,1.416800203589046,R10LATIN_AM
WITCH 5.0,ENGAGE-INDCi2030-800,1.193653502832851,1.4213112383720794,R10LATIN_AM
WITCH 5.0,ENGAGE-INDCi2030-800-NDCp,1.1668474875191346,1.4267916971543664,R10LATIN_AM
WITCH 5.0,ENGAGE-INDCi2030-800f,1.1771721580818628,1.4343598310773367,R10LATIN_AM
WITCH 5.0,ENGAGE-INDCi2030-800f-NDCp,1.1265715044160416,1.431872725113491,R10LATIN_AM
WITCH 5.0,ENGAGE-INDCi2030-900,1.2075209088482055,1.4381923943500405,R10LATIN_AM
WITCH 5.0,ENGAGE-INDCi2030-900-NDCp,1.1566146734443277,1.4055538414527313,R10LATIN_AM
WITCH 5.0,ENGAGE-INDCi2030-900f,1.1763712306166785,1.441263989523512,R10LATIN_AM
WITCH 5.0,ENGAGE-INDCi2030-900f-NDCp,1.1261529453021901,1.4504687542845809,R10LATIN_AM
IMAGE 3.0,ENGAGE-INDCi2030-1000,1.8208272006048376,1.8802305008262348,R10INDIA+
IMAGE 3.0,ENGAGE-INDCi2030-1000f,1.821027942689752,1.881062088923308,R10INDIA+
IMAGE 3.0,ENGAGE-INDCi2030-1200,1.820908020569214,1.880714594195477,R10INDIA+
IMAGE 3.0,ENGAGE-INDCi2030-1200f,1.8207698551966205,1.8803651492065963,R10INDIA+
IMAGE 3.0,ENGAGE-INDCi2030-1400f,1.820986431186489,1.8804415683641742,R10INDIA+
IMAGE 3.0,ENGAGE-INDCi2030-800f,1.8212400298076417,1.880670501354229,R10INDIA+
IMAGE 3.0,ENGAGE-NPi2020-1000,1.8205504056735116,1.8801442499955048,R10INDIA+
IMAGE 3.0,ENGAGE-NPi2020-1200,1.8207147128305532,1.880614552233036,R10INDIA+
IMAGE 3.0,ENGAGE-NPi2020-1400,1.8207502709623862,1.880448592518671,R10INDIA+
IMAGE 3.0,ENGAGE-NPi2020-1400f,1.8205792294223166,1.8806914268087165,R10INDIA+
IMAGE 3.2,SSP2021-SSP1-SPA1-19-Default,1.5030511709820178,1.823685546335215,R10INDIA+
IMAGE 3.2,SSP2021-SSP1-SPA1-19-Lifestyle-Renewables,1.7344798210693009,1.8269265817421938,R10INDIA+
IMAGE 3.2,SSP2021-SSP1-SPA1-19-Renewables,1.6022620582950882,1.840069607234101,R10INDIA+
IMAGE 3.2,SSP2021-SSP1-SPA1-26-Default,1.7144932264112056,1.8624614360636955,R10INDIA+
IMAGE 3.2,SSP2021-SSP1-SPA1-26-Lifestyle,1.732453829871035,1.8270831737136257,R10INDIA+
IMAGE 3.2,SSP2021-SSP1-SPA1-26-Lifestyle-Renewables,1.7311139382621437,1.8270831737136257,R10INDIA+
IMAGE 3.2,SSP2021-SSP1-SPA1-26-Renewables,1.7090740914198295,1.863209414797148,R10INDIA+
IMAGE 3.2,SSP2021-SSP2-SPA0-26-Default,1.8542601350402776,1.9099426885783042,R10INDIA+
IMAGE 3.2,SSP2021-SSP2-SPA2-19-Renewables,1.7707790328001773,1.7989238456020638,R10INDIA+
IMAGE 3.2,SSP2021-SSP2-SPA2-26-Default,1.8569842172632072,1.908164673566196,R10INDIA+
IMAGE 3.2,SSP2021-SSP2-SPA2-26-Lifestyle,1.8384088945684078,1.9053560286041284,R10INDIA+
IMAGE 3.2,SSP2021-SSP2-SPA2-26-Lifestyle-Renewables,1.8410110480803985,1.9078871427324995,R10INDIA+
IMAGE 3.2,SSP2021-SSP2-SPA2-26-Renewables,1.841640892708901,1.9029005735240934,R10INDIA+
IMAGE 3.3,NAVIGATE Demand-1.5°C-ele_u,1.8234813293021759,1.8886459641005806,R10INDIA+
IMAGE 3.3,NAVIGATE Demand-1.5°C-tec_u,1.8240674045870175,1.8860167607255003,R10INDIA+
IMAGE 3.3,NAVIGATE Demand-2.0°C-ele_u,1.8525132330950482,1.9215521626163756,R10INDIA+
IMAGE 3.3,NAVIGATE Demand-2.0°C-ref,1.8513752773251007,1.9190416266516492,R10INDIA+
IMAGE 3.3,NAVIGATE Demand-2.0°C-tec_u,1.8513739095331112,1.9175369513259057,R10INDIA+
MESSAGEix-GLOBIOM 2.0-M-R12-NGFS,NGFS Phase 5-Below 2°C,1.3923389370579313,1.4202549669070046,R10INDIA+
MESSAGEix-GLOBIOM 2.0-M-R12-NGFS,NGFS Phase 5-Delayed Transition,1.3905587316396526,1.4269123373712869,R10INDIA+
MESSAGEix-GLOBIOM 2.0-M-R12-NGFS,NGFS Phase 5-Low Demand,1.4230481808053608,1.3372608534384018,R10INDIA+
MESSAGEix-GLOBIOM 2.0-M-R12-NGFS,NGFS Phase 5-Nationally Determined Contributions (NDCs),1.481218103622102,1.4619579258265252,R10INDIA+
MESSAGEix-GLOBIOM 2.0-M-R12-NGFS,NGFS Phase 5-Net-Zero 2050,1.340920718399443,1.2849358584572088,R10INDIA+
POLES-JRC ENGAGE,ENGAGE-INDCi2030-1000,1.8443560217887784,1.9324104233504416,R10INDIA+
POLES-JRC ENGAGE,ENGAGE-INDCi2030-1000-COV,1.848411166132021,1.9287783109466172,R10INDIA+
POLES-JRC ENGAGE,ENGAGE-INDCi2030-1000-COV-NDCp,1.8480643731588966,1.928552584143933,R10INDIA+
POLES-JRC ENGAGE,ENGAGE-INDCi2030-1000-NDCp,1.8489941763434568,1.9328239670819507,R10INDIA+
POLES-JRC ENGAGE,ENGAGE-INDCi2030-1000f,1.8535075302747501,1.929220287083521,R10INDIA+
POLES-JRC ENGAGE,ENGAGE-INDCi2030-1000f-COV,1.8533681543960787,1.9248969309313413,R10INDIA+
POLES-JRC ENGAGE,ENGAGE-INDCi2030-1000f-COV-NDCp,1.8533629689687177,1.9234676675418845,R10INDIA+
POLES-JRC ENGAGE,ENGAGE-INDCi2030-1000f-NDCp,1.8535160792225618,1.9297113830032213,R10INDIA+
POLES-JRC ENGAGE,ENGAGE-INDCi2030-1200,1.8516073514401947,1.927664759356129,R10INDIA+
POLES-JRC ENGAGE,ENGAGE-INDCi2030-1200f,1.8533348695582865,1.9207358127339575,R10INDIA+
POLES-JRC ENGAGE,ENGAGE-INDCi2030-300f,1.8520895961847983,1.93334797937062,R10INDIA+
POLES-JRC ENGAGE,ENGAGE-INDCi2030-400f,1.8533366213918547,1.933529376078872,R10INDIA+
POLES-JRC ENGAGE,ENGAGE-INDCi2030-500f,1.8531844921648082,1.9326592833288412,R10INDIA+
POLES-JRC ENGAGE,ENGAGE-INDCi2030-600f,1.8533597455949522,1.9329879374772188,R10INDIA+
POLES-JRC ENGAGE,ENGAGE-INDCi2030-600f-COV,1.8534426423593904,1.9325702155069244,R10INDIA+
POLES-JRC ENGAGE,ENGAGE-INDCi2030-600f-COV-NDCp,1.8534158743424713,1.933761319285603,R10INDIA+
POLES-JRC ENGAGE,ENGAGE-INDCi2030-600f-NDCp,1.852143762878721,1.932811228549068,R10INDIA+
POLES-JRC ENGAGE,ENGAGE-INDCi2030-700f,1.853284276604842,1.932254096074903,R10INDIA+
POLES-JRC ENGAGE,ENGAGE-INDCi2030-800f,1.853351827307225,1.9319691605713791,R10INDIA+
POLES-JRC ENGAGE,ENGAGE-INDCi2030-900,1.8411470831322296,1.9334685368458233,R10INDIA+
POLES-JRC ENGAGE,ENGAGE-INDCi2030-900f,1.85316368038202,1.9301360347354042,R10INDIA+
POLES-JRC ENGAGE,ENGAGE-NPi2020-1000f,1.7324438481832558,1.7829488094027885,R10INDIA+
POLES-JRC ENGAGE,ENGAGE-NPi2020-1000f-COV,1.728539221380177,1.7756314903900843,R10INDIA+
POLES-JRC ENGAGE,ENGAGE-NPi2020-1200f,1.7279889354197915,1.771793523294873,R10INDIA+
POLES-JRC ENGAGE,ENGAGE-NPi2020-900f,1.7373709151299712,1.7927276206015132,R10INDIA+
REMIND-MAgPIE 2.1-4.2,NGFS Phase 2-Delayed Transition,1.3758363287364588,1.235801505044746,R10INDIA+
REMIND-MAgPIE 3.2.0-4.8.0,RESCUE-End-of-Century-Budget-1150,1.7792410752793126,1.849156096675126,R10INDIA+
REMIND-MAgPIE 3.2.0-4.8.0,RESCUE-End-of-Century-Budget-1150-with-OAE,1.7795275552863734,1.849156096675126,R10INDIA+
REMIND-MAgPIE 3.2.0-4.8.0,RESCUE-End-of-Century-Budget-500,1.778576621650372,1.849156096675126,R10INDIA+
REMIND-MAgPIE 3.2.0-4.8.0,RESCUE-End-of-Century-Budget-500-with-OAE,1.7792410752793126,1.849156096675126,R10INDIA+
REMIND-MAgPIE 3.2.0-4.8.0,RESCUE-Peak-Budget-1150,1.7275741810217107,1.5898920591543284,R10INDIA+
REMIND-MAgPIE 3.2.0-4.8.0,RESCUE-Peak-Budget-1150-with-OAE,1.7200927031409976,1.6644099928880205,R10INDIA+
REMIND-MAgPIE 3.3-4.8,NGFS Phase 5-Below 2°C,1.6863885552946658,1.6591988417935353,R10INDIA+
REMIND-MAgPIE 3.3-4.8,NGFS Phase 5-Delayed Transition,1.673124980936377,1.5854443667802567,R10INDIA+
REMIND-MAgPIE 3.3-4.8,NGFS Phase 5-Low Demand,1.6249888402736428,1.5738637886468876,R10INDIA+
REMIND-MAgPIE 3.3-4.8,NGFS Phase 5-Net-Zero 2050,1.6966298405732365,1.6649814962730156,R10INDIA+
WITCH 5.0,ENGAGE-INDCi2030-1000,1.0723195849810891,1.3693949326487425,R10INDIA+
WITCH 5.0,ENGAGE-INDCi2030-1000-NDCp,1.0722738217912986,1.3701432925496027,R10INDIA+
WITCH 5.0,ENGAGE-INDCi2030-1000f,1.0723195849810891,1.3888208486235571,R10INDIA+
WITCH 5.0,ENGAGE-INDCi2030-1000f-NDCp,1.0722738217912986,1.3970164425109914,R10INDIA+
WITCH 5.0,ENGAGE-INDCi2030-1200,1.0723195849810891,1.4044746842168094,R10INDIA+
WITCH 5.0,ENGAGE-INDCi2030-1200-NDCp,1.0722738217912986,1.4160134772260615,R10INDIA+
WITCH 5.0,ENGAGE-INDCi2030-1200f,1.0723195849810891,1.4352237685048939,R10INDIA+
WITCH 5.0,ENGAGE-INDCi2030-1200f-NDCp,1.0722738217912986,1.4502140075350567,R10INDIA+
WITCH 5.0,ENGAGE-INDCi2030-1400,1.0723195849810891,1.4995572506849666,R10INDIA+
WITCH 5.0,ENGAGE-INDCi2030-1400-NDCp,1.0722738217912986,1.5042519519946866,R10INDIA+
WITCH 5.0,ENGAGE-INDCi2030-1400f,1.0723195849810891,1.5046111630654484,R10INDIA+
WITCH 5.0,ENGAGE-INDCi2030-1400f-NDCp,1.0722738217912986,1.515804172537503,R10INDIA+
WITCH 5.0,ENGAGE-INDCi2030-1600-NDCp,1.0722738217912986,1.5576292366157736,R10INDIA+
WITCH 5.0,ENGAGE-INDCi2030-500f,1.0723195849810891,1.1599831623308257,R10INDIA+
WITCH 5.0,ENGAGE-INDCi2030-600f,1.0723195849810891,1.2094472704594639,R10INDIA+
WITCH 5.0,ENGAGE-INDCi2030-600f-NDCp,1.0722738217912986,1.2240571835584664,R10INDIA+
WITCH 5.0,ENGAGE-INDCi2030-700f,1.0723195849810891,1.3286631582792707,R10INDIA+
WITCH 5.0,ENGAGE-INDCi2030-700f-NDCp,1.0722738217912986,1.3394785289918762,R10INDIA+
WITCH 5.0,ENGAGE-INDCi2030-800,1.0723195849810891,1.1632963359858173,R10INDIA+
WITCH 5.0,ENGAGE-INDCi2030-800-NDCp,1.0722738217912986,1.1840382138643843,R10INDIA+
WITCH 5.0,ENGAGE-INDCi2030-800f,1.0723195849810891,1.3577158266027314,R10INDIA+
WITCH 5.0,ENGAGE-INDCi2030-800f-NDCp,1.0722738217912986,1.3679879511272808,R10INDIA+
WITCH 5.0,ENGAGE-INDCi2030-900,1.0723195849810891,1.223833930526017,R10INDIA+
WITCH 5.0,ENGAGE-INDCi2030-900-NDCp,1.0722738217912986,1.3371861179790905,R10INDIA+
WITCH 5.0,ENGAGE-INDCi2030-900f,1.0723195849810891,1.3743285704589683,R10INDIA+
WITCH 5.0,ENGAGE-INDCi2030-900f-NDCp,1.0722738217912986,1.3821940254987086,R10INDIA+
IMAGE 3.0,ENGAGE-INDCi2030-1000,0.7911394745402668,0.8811732026457201,R10AFRICA
IMAGE 3.0,ENGAGE-INDCi2030-1000f,1.7898379850754977,1.8801306898911343,R10AFRICA
IMAGE 3.0,ENGAGE-INDCi2030-1200,0.7884093612877429,0.87999257094967,R10AFRICA
IMAGE 3.0,ENGAGE-INDCi2030-1200f,0.7918124411686281,0.8793044818664966,R10AFRICA
IMAGE 3.0,ENGAGE-INDCi2030-1400f,1.7912187315522978,1.8797362340629085,R10AFRICA
IMAGE 3.0,ENGAGE-INDCi2030-800f,1.7893557324050327,1.8792770099201959,R10AFRICA
IMAGE 3.0,ENGAGE-NPi2020-1000,0.7884971980724147,0.879879112110143,R10AFRICA
IMAGE 3.0,ENGAGE-NPi2020-1200,0.7883011246322823,0.8806645054215557,R10AFRICA
IMAGE 3.0,ENGAGE-NPi2020-1400,0.7904864836239001,0.8798990470759024,R10AFRICA
IMAGE 3.0,ENGAGE-NPi2020-1400f,1.7918300905089557,1.8807185512716622,R10AFRICA
IMAGE 3.2,SSP2021-SSP1-SPA1-19-Default,1.4875882890311076,1.7004012837548785,R10AFRICA
IMAGE 3.2,SSP2021-SSP1-SPA1-19-Lifestyle-Renewables,1.656437262101823,1.6722823119318218,R10AFRICA
IMAGE 3.2,SSP2021-SSP1-SPA1-19-Renewables,1.4791336968956645,1.6867737395564304,R10AFRICA
IMAGE 3.2,SSP2021-SSP1-SPA1-26-Default,1.5285807356314138,1.7256066516934176,R10AFRICA
IMAGE 3.2,SSP2021-SSP1-SPA1-26-Lifestyle,1.656176672342438,1.6724091524088123,R10AFRICA
IMAGE 3.2,SSP2021-SSP1-SPA1-26-Lifestyle-Renewables,1.6563836035470532,1.6722120023004594,R10AFRICA
IMAGE 3.2,SSP2021-SSP1-SPA1-26-Renewables,0.5218255863859944,0.7132212431899841,R10AFRICA
IMAGE 3.2,SSP2021-SSP2-SPA0-26-Default,1.850643971698744,1.9229756660858284,R10AFRICA
IMAGE 3.2,SSP2021-SSP2-SPA2-19-Renewables,1.434625604425674,1.7163924844961596,R10AFRICA
IMAGE 3.2,SSP2021-SSP2-SPA2-26-Default,1.5283156392838393,1.8222014858479874,R10AFRICA
IMAGE 3.2,SSP2021-SSP2-SPA2-26-Lifestyle,1.7640124746477444,1.7620845590882688,R10AFRICA
IMAGE 3.2,SSP2021-SSP2-SPA2-26-Lifestyle-Renewables,1.7643505855551973,1.7619253671029658,R10AFRICA
IMAGE 3.2,SSP2021-SSP2-SPA2-26-Renewables,1.5818720764282366,1.8250660510644345,R10AFRICA
IMAGE 3.3,NAVIGATE Demand-1.5°C-ele_u,1.4221139628059423,1.707290401153195,R10AFRICA
IMAGE 3.3,NAVIGATE Demand-1.5°C-tec_u,1.421994047232195,1.706680220740924,R10AFRICA
IMAGE 3.3,NAVIGATE Demand-2.0°C-ele_u,1.6922536527146663,1.8728927950212788,R10AFRICA
IMAGE 3.3,NAVIGATE Demand-2.0°C-ref,1.6924931536007444,1.8726960734218827,R10AFRICA
IMAGE 3.3,NAVIGATE Demand-2.0°C-tec_u,1.6921984305291529,1.8724322702037446,R10AFRICA
MESSAGEix-GLOBIOM 2.0-M-R12-NGFS,NGFS Phase 5-Below 2°C,0.5987620690191924,0.8076210012563734,R10AFRICA
MESSAGEix-GLOBIOM 2.0-M-R12-NGFS,NGFS Phase 5-Delayed Transition,0.6004962775300109,0.8205177374188233,R10AFRICA
MESSAGEix-GLOBIOM 2.0-M-R12-NGFS,NGFS Phase 5-Low Demand,0.7180147710119567,0.7497540513929103,R10AFRICA
MESSAGEix-GLOBIOM 2.0-M-R12-NGFS,NGFS Phase 5-Nationally Determined Contributions (NDCs),0.7378493700640288,0.8328624148622871,R10AFRICA
MESSAGEix-GLOBIOM 2.0-M-R12-NGFS,NGFS Phase 5-Net-Zero 2050,0.5751630860274065,0.7009216007737027,R10AFRICA
POLES-JRC ENGAGE,ENGAGE-INDCi2030-1000,1.7818086917710105,1.8520431144040135,R10AFRICA
POLES-JRC ENGAGE,ENGAGE-INDCi2030-1000-COV,1.781952717386258,1.8521574359744433,R10AFRICA
POLES-JRC ENGAGE,ENGAGE-INDCi2030-1000-COV-NDCp,1.7818735644985577,1.852171874511885,R10AFRICA
POLES-JRC ENGAGE,ENGAGE-INDCi2030-1000-NDCp,1.7821840559807212,1.8520435099803825,R10AFRICA
POLES-JRC ENGAGE,ENGAGE-INDCi2030-1000f,1.7709738582583152,1.8521799838274347,R10AFRICA
POLES-JRC ENGAGE,ENGAGE-INDCi2030-1000f-COV,1.7768825805246555,1.8522947009742319,R10AFRICA
POLES-JRC ENGAGE,ENGAGE-INDCi2030-1000f-COV-NDCp,1.7767718752830959,1.8523259515073254,R10AFRICA
POLES-JRC ENGAGE,ENGAGE-INDCi2030-1000f-NDCp,1.772121711131489,1.8522078719613977,R10AFRICA
POLES-JRC ENGAGE,ENGAGE-INDCi2030-1200,1.7810075067857176,1.8522428804699889,R10AFRICA
POLES-JRC ENGAGE,ENGAGE-INDCi2030-1200f,1.7758240806535759,1.8523475104193956,R10AFRICA
POLES-JRC ENGAGE,ENGAGE-INDCi2030-300f,1.7676887414157185,1.8520367851821216,R10AFRICA
POLES-JRC ENGAGE,ENGAGE-INDCi2030-400f,1.7701345928459506,1.852025115679258,R10AFRICA
POLES-JRC ENGAGE,ENGAGE-INDCi2030-500f,1.7685193027304666,1.8520342139357275,R10AFRICA
POLES-JRC ENGAGE,ENGAGE-INDCi2030-600f,1.7689422674740176,1.8520326316302542,R10AFRICA
POLES-JRC ENGAGE,ENGAGE-INDCi2030-600f-COV,1.7722490085591303,1.8520448944976713,R10AFRICA
POLES-JRC ENGAGE,ENGAGE-INDCi2030-600f-COV-NDCp,1.7709212256680404,1.852041136522172,R10AFRICA
POLES-JRC ENGAGE,ENGAGE-INDCi2030-600f-NDCp,1.7676253647049487,1.8520039523435556,R10AFRICA
POLES-JRC ENGAGE,ENGAGE-INDCi2030-700f,1.7688012338923254,1.852041136522172,R10AFRICA
POLES-JRC ENGAGE,ENGAGE-INDCi2030-800f,1.7689569556387452,1.852049048049538,R10AFRICA
POLES-JRC ENGAGE,ENGAGE-INDCi2030-900,1.7802278100414162,1.8520316426893342,R10AFRICA
POLES-JRC ENGAGE,ENGAGE-INDCi2030-900f,1.768097153996067,1.8521224274658514,R10AFRICA
POLES-JRC ENGAGE,ENGAGE-NPi2020-1000f,1.5994683188231025,1.6775152163006783,R10AFRICA
POLES-JRC ENGAGE,ENGAGE-NPi2020-1000f-COV,1.5980661430976972,1.6767353374906389,R10AFRICA
POLES-JRC ENGAGE,ENGAGE-NPi2020-1200f,1.598219416816662,1.6765488232330006,R10AFRICA
POLES-JRC ENGAGE,ENGAGE-NPi2020-900f,1.6013403798182733,1.6780346080722142,R10AFRICA
REMIND-MAgPIE 2.1-4.2,NGFS Phase 2-Delayed Transition,0.8586340564711666,0.937930268358396,R10AFRICA
REMIND-MAgPIE 3.2.0-4.8.0,RESCUE-End-of-Century-Budget-1150,1.8132577881708474,1.944103194814211,R10AFRICA
REMIND-MAgPIE 3.2.0-4.8.0,RESCUE-End-of-Century-Budget-1150-with-OAE,1.806398639477327,1.9496871289521853,R10AFRICA
REMIND-MAgPIE 3.2.0-4.8.0,RESCUE-End-of-Century-Budget-500,1.7204756468669418,1.9340950166293163,R10AFRICA
REMIND-MAgPIE 3.2.0-4.8.0,RESCUE-End-of-Century-Budget-500-with-OAE,1.7205777486172815,1.9354586832186098,R10AFRICA
REMIND-MAgPIE 3.2.0-4.8.0,RESCUE-Peak-Budget-1150,1.845604432671624,1.9195537862654626,R10AFRICA
REMIND-MAgPIE 3.2.0-4.8.0,RESCUE-Peak-Budget-1150-with-OAE,1.843934141824723,1.9127856724568573,R10AFRICA
REMIND-MAgPIE 3.3-4.8,NGFS Phase 5-Below 2°C,1.8387207710317792,1.8826749593816412,R10AFRICA
REMIND-MAgPIE 3.3-4.8,NGFS Phase 5-Delayed Transition,1.8597330554645217,1.8842605821605078,R10AFRICA
REMIND-MAgPIE 3.3-4.8,NGFS Phase 5-Low Demand,0.7195791124996538,0.8012883365841019,R10AFRICA
REMIND-MAgPIE 3.3-4.8,NGFS Phase 5-Net-Zero 2050,1.8397507410894907,1.866008405504216,R10AFRICA
WITCH 5.0,ENGAGE-INDCi2030-1000,1.3040825336676807,1.5394645523393797,R10AFRICA
WITCH 5.0,ENGAGE-INDCi2030-1000-NDCp,1.3050075006660697,1.5419884604049925,R10AFRICA
WITCH 5.0,ENGAGE-INDCi2030-1000f,1.30729754136116,1.5580882796151663,R10AFRICA
WITCH 5.0,ENGAGE-INDCi2030-1000f-NDCp,1.3068639253934446,1.5603487914250163,R10AFRICA
WITCH 5.0,ENGAGE-INDCi2030-1200,1.3048050752531077,1.56234762900421,R10AFRICA
WITCH 5.0,ENGAGE-INDCi2030-1200-NDCp,1.3048716624616299,1.5655289115190385,R10AFRICA
WITCH 5.0,ENGAGE-INDCi2030-1200f,1.3043008719587668,1.5736624564179134,R10AFRICA
WITCH 5.0,ENGAGE-INDCi2030-1200f-NDCp,1.3037581640500977,1.5781345124003845,R10AFRICA
WITCH 5.0,ENGAGE-INDCi2030-1400,1.3048523897587232,1.598006874342985,R10AFRICA
WITCH 5.0,ENGAGE-INDCi2030-1400-NDCp,1.3044805938320656,1.599494514641767,R10AFRICA
WITCH 5.0,ENGAGE-INDCi2030-1400f,1.3037141369861642,1.597093702180898,R10AFRICA
WITCH 5.0,ENGAGE-INDCi2030-1400f-NDCp,1.3038174641008387,1.600894302008475,R10AFRICA
WITCH 5.0,ENGAGE-INDCi2030-1600-NDCp,1.3045468121863262,1.6191307039828913,R10AFRICA
WITCH 5.0,ENGAGE-INDCi2030-500f,1.3177927474128954,1.5143340586973681,R10AFRICA
WITCH 5.0,ENGAGE-INDCi2030-600f,1.3147169463483115,1.5174311999074397,R10AFRICA
WITCH 5.0,ENGAGE-INDCi2030-600f-NDCp,1.3136932796677483,1.5205791387766734,R10AFRICA
WITCH 5.0,ENGAGE-INDCi2030-700f,1.3124612830179294,1.5206493510827723,R10AFRICA
WITCH 5.0,ENGAGE-INDCi2030-700f-NDCp,1.3106901643205535,1.5228233985461403,R10AFRICA
WITCH 5.0,ENGAGE-INDCi2030-800,1.3041401651498374,1.5109303483309229,R10AFRICA
WITCH 5.0,ENGAGE-INDCi2030-800-NDCp,1.3050131288514781,1.515697719945301,R10AFRICA
WITCH 5.0,ENGAGE-INDCi2030-800f,1.3096265120812838,1.5387561427012646,R10AFRICA
WITCH 5.0,ENGAGE-INDCi2030-800f-NDCp,1.3091111351305895,1.5414277552636158,R10AFRICA
WITCH 5.0,ENGAGE-INDCi2030-900,1.3048924557255288,1.5208503225172576,R10AFRICA
WITCH 5.0,ENGAGE-INDCi2030-900-NDCp,1.3044235455277455,1.523123558780564,R10AFRICA
WITCH 5.0,ENGAGE-INDCi2030-900f,1.3083172761608308,1.5526696356951675,R10AFRICA
WITCH 5.0,ENGAGE-INDCi2030-900f-NDCp,1.3078556689352843,1.5583618385077311,R10AFRICA
IMAGE 3.0,ENGAGE-INDCi2030-1000,1.7671288934408704,1.8560581927815534,R10CHINA+
IMAGE 3.0,ENGAGE-INDCi2030-1000f,1.7839016439320998,1.8553348760149797,R10CHINA+
IMAGE 3.0,ENGAGE-INDCi2030-1200,1.7774261775440272,1.8553332204670672,R10CHINA+
IMAGE 3.0,ENGAGE-INDCi2030-1200f,1.7936767610799977,1.855228684441729,R10CHINA+
IMAGE 3.0,ENGAGE-INDCi2030-1400f,1.7929981337199825,1.8552487875235244,R10CHINA+
IMAGE 3.0,ENGAGE-INDCi2030-800f,1.7891199534067173,1.8559751000434643,R10CHINA+
IMAGE 3.0,ENGAGE-NPi2020-1000,1.7690531342206748,1.85611219517775,R10CHINA+
IMAGE 3.0,ENGAGE-NPi2020-1200,1.7775316948311977,1.8561047846299503,R10CHINA+
IMAGE 3.0,ENGAGE-NPi2020-1400,1.7653393809486402,1.8561368707252093,R10CHINA+
IMAGE 3.0,ENGAGE-NPi2020-1400f,1.78322881541632,1.8553084660839931,R10CHINA+
IMAGE 3.2,SSP2021-SSP1-SPA1-19-Default,1.250201722785163,1.6037290429853217,R10CHINA+
IMAGE 3.2,SSP2021-SSP1-SPA1-19-Lifestyle-Renewables,1.26388197749955,1.7209618641840725,R10CHINA+
IMAGE 3.2,SSP2021-SSP1-SPA1-19-Renewables,1.1948306837039289,1.5514883542077964,R10CHINA+
IMAGE 3.2,SSP2021-SSP1-SPA1-26-Default,1.2411840677318313,1.6322647706851723,R10CHINA+
IMAGE 3.2,SSP2021-SSP1-SPA1-26-Lifestyle,1.2830587132135478,1.715788784643375,R10CHINA+
IMAGE 3.2,SSP2021-SSP1-SPA1-26-Lifestyle-Renewables,1.267777925275546,1.7157384884273297,R10CHINA+
IMAGE 3.2,SSP2021-SSP1-SPA1-26-Renewables,1.205450166908061,1.5493758579804435,R10CHINA+
IMAGE 3.2,SSP2021-SSP2-SPA0-26-Default,1.870636880906026,1.926052892463399,R10CHINA+
IMAGE 3.2,SSP2021-SSP2-SPA2-19-Renewables,1.4148477177036762,1.637043955806289,R10CHINA+
IMAGE 3.2,SSP2021-SSP2-SPA2-26-Default,1.472524452863811,1.8027610623043464,R10CHINA+
IMAGE 3.2,SSP2021-SSP2-SPA2-26-Lifestyle,1.5664549989134389,1.7534679115629992,R10CHINA+
IMAGE 3.2,SSP2021-SSP2-SPA2-26-Lifestyle-Renewables,1.5355844451627036,1.753468384576688,R10CHINA+
IMAGE 3.2,SSP2021-SSP2-SPA2-26-Renewables,1.55028118809234,1.7891591667825129,R10CHINA+
IMAGE 3.3,NAVIGATE Demand-1.5°C-ele_u,1.4177697146279802,1.7206305537895275,R10CHINA+
IMAGE 3.3,NAVIGATE Demand-1.5°C-tec_u,1.416973454720549,1.7188185088455814,R10CHINA+
IMAGE 3.3,NAVIGATE Demand-2.0°C-ele_u,1.6599485264898886,1.9128320982227012,R10CHINA+
IMAGE 3.3,NAVIGATE Demand-2.0°C-ref,1.6596295369126701,1.9119019396810653,R10CHINA+
IMAGE 3.3,NAVIGATE Demand-2.0°C-tec_u,1.6590773693606442,1.9115904289524512,R10CHINA+
MESSAGEix-GLOBIOM 2.0-M-R12-NGFS,NGFS Phase 5-Below 2°C,1.5345352598761888,1.5433706683025044,R10CHINA+
MESSAGEix-GLOBIOM 2.0-M-R12-NGFS,NGFS Phase 5-Delayed Transition,1.534009055689323,1.5451937855396536,R10CHINA+
MESSAGEix-GLOBIOM 2.0-M-R12-NGFS,NGFS Phase 5-Low Demand,1.5372872886511004,1.5333211385590304,R10CHINA+
MESSAGEix-GLOBIOM 2.0-M-R12-NGFS,NGFS Phase 5-Nationally Determined Contributions (NDCs),0.547303175497422,0.5491905141476598,R10CHINA+
MESSAGEix-GLOBIOM 2.0-M-R12-NGFS,NGFS Phase 5-Net-Zero 2050,1.5285608076847441,1.5173353299702972,R10CHINA+
POLES-JRC ENGAGE,ENGAGE-INDCi2030-1000,1.5927348453258294,1.7479324212226373,R10CHINA+
POLES-JRC ENGAGE,ENGAGE-INDCi2030-1000-COV,1.5946834056067076,1.7420051965275802,R10CHINA+
POLES-JRC ENGAGE,ENGAGE-INDCi2030-1000-COV-NDCp,1.5872941989120415,1.7416864861665498,R10CHINA+
POLES-JRC ENGAGE,ENGAGE-INDCi2030-1000-NDCp,1.5872668052791727,1.7452566551146385,R10CHINA+
POLES-JRC ENGAGE,ENGAGE-INDCi2030-1000f,1.6684096808687245,1.7445186523796,R10CHINA+
POLES-JRC ENGAGE,ENGAGE-INDCi2030-1000f-COV,1.6388488654567033,1.7237485214235666,R10CHINA+
POLES-JRC ENGAGE,ENGAGE-INDCi2030-1000f-COV-NDCp,1.6334756495238232,1.7165310232236348,R10CHINA+
POLES-JRC ENGAGE,ENGAGE-INDCi2030-1000f-NDCp,1.6595125449933095,1.7299203606986042,R10CHINA+
POLES-JRC ENGAGE,ENGAGE-INDCi2030-1200,1.610326073061604,1.7343882159039663,R10CHINA+
POLES-JRC ENGAGE,ENGAGE-INDCi2030-1200f,1.640452898124193,1.7099270862475846,R10CHINA+
POLES-JRC ENGAGE,ENGAGE-INDCi2030-300f,1.6761927086644963,1.7453778132086162,R10CHINA+
POLES-JRC ENGAGE,ENGAGE-INDCi2030-400f,1.665571805863641,1.74524100415941,R10CHINA+
POLES-JRC ENGAGE,ENGAGE-INDCi2030-500f,1.6712777340243037,1.745660405980657,R10CHINA+
POLES-JRC ENGAGE,ENGAGE-INDCi2030-600f,1.6729833639565541,1.7478776976029549,R10CHINA+
POLES-JRC ENGAGE,ENGAGE-INDCi2030-600f-COV,1.6681060931901728,1.7454644954221934,R10CHINA+
POLES-JRC ENGAGE,ENGAGE-INDCi2030-600f-COV-NDCp,1.6684512228614263,1.7460800266963825,R10CHINA+
POLES-JRC ENGAGE,ENGAGE-INDCi2030-600f-NDCp,1.6697412070949555,1.7457164429672116,R10CHINA+
POLES-JRC ENGAGE,ENGAGE-INDCi2030-700f,1.6715437683435104,1.7481038155994826,R10CHINA+
POLES-JRC ENGAGE,ENGAGE-INDCi2030-800f,1.672751947964599,1.744942650984901,R10CHINA+
POLES-JRC ENGAGE,ENGAGE-INDCi2030-900,1.565435735541849,1.7461586098142465,R10CHINA+
POLES-JRC ENGAGE,ENGAGE-INDCi2030-900f,1.6672784141399217,1.7460047269956998,R10CHINA+
POLES-JRC ENGAGE,ENGAGE-NPi2020-1000f,1.6110539610206902,1.6587003058627472,R10CHINA+
POLES-JRC ENGAGE,ENGAGE-NPi2020-1000f-COV,1.6022640667025225,1.6537025071243792,R10CHINA+
POLES-JRC ENGAGE,ENGAGE-NPi2020-1200f,1.6022643677314552,1.6473741582970496,R10CHINA+
POLES-JRC ENGAGE,ENGAGE-NPi2020-900f,1.6246527172803003,1.66913785129204,R10CHINA+
REMIND-MAgPIE 2.1-4.2,NGFS Phase 2-Delayed Transition,1.2697838551636527,1.1384126295351995,R10CHINA+
REMIND-MAgPIE 3.2.0-4.8.0,RESCUE-End-of-Century-Budget-1150,1.5285830647473961,1.8676980393543294,R10CHINA+
REMIND-MAgPIE 3.2.0-4.8.0,RESCUE-End-of-Century-Budget-1150-with-OAE,1.491140384079398,1.8675735437206955,R10CHINA+
REMIND-MAgPIE 3.2.0-4.8.0,RESCUE-End-of-Century-Budget-500,1.1025487872615634,1.8678984110250294,R10CHINA+
REMIND-MAgPIE 3.2.0-4.8.0,RESCUE-End-of-Century-Budget-500-with-OAE,1.0623819526327096,1.8679138808966644,R10CHINA+
REMIND-MAgPIE 3.2.0-4.8.0,RESCUE-Peak-Budget-1150,1.5767800244676309,1.6141932528722094,R10CHINA+
REMIND-MAgPIE 3.2.0-4.8.0,RESCUE-Peak-Budget-1150-with-OAE,1.5705526632190705,1.5982732816387255,R10CHINA+
REMIND-MAgPIE 3.3-4.8,NGFS Phase 5-Below 2°C,1.4710597527164002,1.5000889530138384,R10CHINA+
REMIND-MAgPIE 3.3-4.8,NGFS Phase 5-Delayed Transition,1.3725216637489126,1.47631691693478,R10CHINA+
REMIND-MAgPIE 3.3-4.8,NGFS Phase 5-Low Demand,1.4515702495929554,1.4936446464870459,R10CHINA+
REMIND-MAgPIE 3.3-4.8,NGFS Phase 5-Net-Zero 2050,1.4815323974060037,1.52659105310619,R10CHINA+
WITCH 5.0,ENGAGE-INDCi2030-1000,1.2185729751935628,1.3272995807708052,R10CHINA+
WITCH 5.0,ENGAGE-INDCi2030-1000-NDCp,1.218572788487827,1.3272995807708052,R10CHINA+
WITCH 5.0,ENGAGE-INDCi2030-1000f,1.2117164637658362,1.3278003404998329,R10CHINA+
WITCH 5.0,ENGAGE-INDCi2030-1000f-NDCp,1.215449550848102,1.3277670642794155,R10CHINA+
WITCH 5.0,ENGAGE-INDCi2030-1200,1.2186134913087534,1.3293017549438837,R10CHINA+
WITCH 5.0,ENGAGE-INDCi2030-1200-NDCp,1.2186134913087534,1.3310128718757004,R10CHINA+
WITCH 5.0,ENGAGE-INDCi2030-1200f,1.218786428484687,1.332223543357383,R10CHINA+
WITCH 5.0,ENGAGE-INDCi2030-1200f-NDCp,1.219120807273896,1.3342507392012417,R10CHINA+
WITCH 5.0,ENGAGE-INDCi2030-1400,1.219120807273896,1.3426381104594942,R10CHINA+
WITCH 5.0,ENGAGE-INDCi2030-1400-NDCp,1.2197340459248096,1.342950055559402,R10CHINA+
WITCH 5.0,ENGAGE-INDCi2030-1400f,1.2197340459248096,1.3419721390655863,R10CHINA+
WITCH 5.0,ENGAGE-INDCi2030-1400f-NDCp,1.2197340459248096,1.3438798239828653,R10CHINA+
WITCH 5.0,ENGAGE-INDCi2030-1600-NDCp,1.2206988189277577,1.3516519529206539,R10CHINA+
WITCH 5.0,ENGAGE-INDCi2030-500f,1.2071359804069968,1.3243822625264192,R10CHINA+
WITCH 5.0,ENGAGE-INDCi2030-600f,1.2071359804069968,1.3243822625264192,R10CHINA+
WITCH 5.0,ENGAGE-INDCi2030-600f-NDCp,1.2071359804069968,1.3243822625264192,R10CHINA+
WITCH 5.0,ENGAGE-INDCi2030-700f,1.2071359804069968,1.3243822625264192,R10CHINA+
WITCH 5.0,ENGAGE-INDCi2030-700f-NDCp,1.2071359804069968,1.3243822625264192,R10CHINA+
WITCH 5.0,ENGAGE-INDCi2030-800,1.2185736847573985,1.3243822625264192,R10CHINA+
WITCH 5.0,ENGAGE-INDCi2030-800-NDCp,1.2185736576566968,1.3243822625264192,R10CHINA+
WITCH 5.0,ENGAGE-INDCi2030-800f,1.2071359804069968,1.3272995807708052,R10CHINA+
WITCH 5.0,ENGAGE-INDCi2030-800f-NDCp,1.2071359804069968,1.3272995807708052,R10CHINA+
WITCH 5.0,ENGAGE-INDCi2030-900,1.218573517873053,1.3243822625264192,R10CHINA+
WITCH 5.0,ENGAGE-INDCi2030-900-NDCp,1.2185734994441113,1.3243822625264192,R10CHINA+
WITCH 5.0,ENGAGE-INDCi2030-900f,1.2071359804069968,1.3272995807708052,R10CHINA+
WITCH 5.0,ENGAGE-INDCi2030-900f-NDCp,1.2071359804069968,1.3278317216675586,R10CHINA+
IMAGE 3.0,ENGAGE-INDCi2030-1000,0.8121817764052582,0.8703824304132717,R10MIDDLE_EAST
IMAGE 3.0,ENGAGE-INDCi2030-1000f,0.8121817764052582,0.8703824304132717,R10MIDDLE_EAST
IMAGE 3.0,ENGAGE-INDCi2030-1200,0.8121817764052582,0.8702952660891714,R10MIDDLE_EAST
IMAGE 3.0,ENGAGE-INDCi2030-1200f,0.8121817764052582,0.8703824304132717,R10MIDDLE_EAST
IMAGE 3.0,ENGAGE-INDCi2030-1400f,1.8121817764052581,1.8703824304132717,R10MIDDLE_EAST
IMAGE 3.0,ENGAGE-INDCi2030-800f,0.8121817764052582,0.8703824304132717,R10MIDDLE_EAST
IMAGE 3.0,ENGAGE-NPi2020-1000,0.8121817764052582,0.8703824304132717,R10MIDDLE_EAST
IMAGE 3.0,ENGAGE-NPi2020-1200,0.8121817764052582,0.8703824304132717,R10MIDDLE_EAST
IMAGE 3.0,ENGAGE-NPi2020-1400,0.8121817764052582,0.8703824304132717,R10MIDDLE_EAST
IMAGE 3.0,ENGAGE-NPi2020-1400f,1.8121817764052581,1.8703824304132717,R10MIDDLE_EAST
IMAGE 3.2,SSP2021-SSP1-SPA1-19-Default,1.805003177046443,1.8605710833974172,R10MIDDLE_EAST
IMAGE 3.2,SSP2021-SSP1-SPA1-19-Lifestyle-Renewables,0.8117798493754345,0.8698239550622014,R10MIDDLE_EAST
IMAGE 3.2,SSP2021-SSP1-SPA1-19-Renewables,1.8049920545327423,1.8606454743801815,R10MIDDLE_EAST
IMAGE 3.2,SSP2021-SSP1-SPA1-26-Default,0.8055242694007979,0.864564036396342,R10MIDDLE_EAST
IMAGE 3.2,SSP2021-SSP1-SPA1-26-Lifestyle,0.811775432930698,0.8698168282323638,R10MIDDLE_EAST
IMAGE 3.2,SSP2021-SSP1-SPA1-26-Lifestyle-Renewables,0.8117762141320378,0.8698174149674287,R10MIDDLE_EAST
IMAGE 3.2,SSP2021-SSP1-SPA1-26-Renewables,0.8055266721706839,0.8648693718804928,R10MIDDLE_EAST
IMAGE 3.2,SSP2021-SSP2-SPA0-26-Default,1.8121817764052581,1.8703824304132717,R10MIDDLE_EAST
IMAGE 3.2,SSP2021-SSP2-SPA2-19-Renewables,1.8047847789430844,1.8594363728277727,R10MIDDLE_EAST
IMAGE 3.2,SSP2021-SSP2-SPA2-26-Default,1.80641370577729,1.870182681233013,R10MIDDLE_EAST
IMAGE 3.2,SSP2021-SSP2-SPA2-26-Lifestyle,0.8121817764052582,0.8703824304132717,R10MIDDLE_EAST
IMAGE 3.2,SSP2021-SSP2-SPA2-26-Lifestyle-Renewables,0.8121817764052582,0.8703824304132717,R10MIDDLE_EAST
IMAGE 3.2,SSP2021-SSP2-SPA2-26-Renewables,1.8081759607883514,1.8701764024751335,R10MIDDLE_EAST
IMAGE 3.3,NAVIGATE Demand-1.5°C-ele_u,0.8054428025383463,0.8604445606178018,R10MIDDLE_EAST
IMAGE 3.3,NAVIGATE Demand-1.5°C-tec_u,0.8054428025383463,0.8604445606178018,R10MIDDLE_EAST
IMAGE 3.3,NAVIGATE Demand-2.0°C-ele_u,0.8116715067480411,0.8703824304132717,R10MIDDLE_EAST
IMAGE 3.3,NAVIGATE Demand-2.0°C-ref,0.8116715067480411,0.8703824304132717,R10MIDDLE_EAST
IMAGE 3.3,NAVIGATE Demand-2.0°C-tec_u,0.811668447476597,0.8703824304132717,R10MIDDLE_EAST
MESSAGEix-GLOBIOM 2.0-M-R12-NGFS,NGFS Phase 5-Below 2°C,1.813299687306552,1.8708258426631599,R10MIDDLE_EAST
MESSAGEix-GLOBIOM 2.0-M-R12-NGFS,NGFS Phase 5-Delayed Transition,1.8132991565923198,1.8708260849538312,R10MIDDLE_EAST
MESSAGEix-GLOBIOM 2.0-M-R12-NGFS,NGFS Phase 5-Low Demand,0.8132863628773382,0.8708244770538439,R10MIDDLE_EAST
MESSAGEix-GLOBIOM 2.0-M-R12-NGFS,NGFS Phase 5-Nationally Determined Contributions (NDCs),1.8132789345551368,1.87082630182378,R10MIDDLE_EAST
MESSAGEix-GLOBIOM 2.0-M-R12-NGFS,NGFS Phase 5-Net-Zero 2050,1.8132853019393598,1.8708595483164312,R10MIDDLE_EAST
POLES-JRC ENGAGE,ENGAGE-INDCi2030-1000,0.8082293759890012,0.8683536708503364,R10MIDDLE_EAST
POLES-JRC ENGAGE,ENGAGE-INDCi2030-1000-COV,0.8082261513842824,0.8683429000417711,R10MIDDLE_EAST
POLES-JRC ENGAGE,ENGAGE-INDCi2030-1000-COV-NDCp,0.8082274782166481,0.8683439759531586,R10MIDDLE_EAST
POLES-JRC ENGAGE,ENGAGE-INDCi2030-1000-NDCp,0.8082301238399707,0.8683435432496656,R10MIDDLE_EAST
POLES-JRC ENGAGE,ENGAGE-INDCi2030-1000f,0.8082306304486923,0.868346420143159,R10MIDDLE_EAST
POLES-JRC ENGAGE,ENGAGE-INDCi2030-1000f-COV,0.8082298263078643,0.8683421281922973,R10MIDDLE_EAST
POLES-JRC ENGAGE,ENGAGE-INDCi2030-1000f-COV-NDCp,0.8082305500346096,0.8683409119446417,R10MIDDLE_EAST
POLES-JRC ENGAGE,ENGAGE-INDCi2030-1000f-NDCp,0.8082300836329295,0.8683364796575122,R10MIDDLE_EAST
POLES-JRC ENGAGE,ENGAGE-INDCi2030-1200,0.8082309521050234,0.8683435666390436,R10MIDDLE_EAST
POLES-JRC ENGAGE,ENGAGE-INDCi2030-1200f,0.8082309521050234,0.8683426895373688,R10MIDDLE_EAST
POLES-JRC ENGAGE,ENGAGE-INDCi2030-300f,0.8082205947711631,0.8683577522967959,R10MIDDLE_EAST
POLES-JRC ENGAGE,ENGAGE-INDCi2030-400f,0.8082188176199345,0.8683577522967959,R10MIDDLE_EAST
POLES-JRC ENGAGE,ENGAGE-INDCi2030-500f,0.8082194287669634,0.868353659155647,R10MIDDLE_EAST
POLES-JRC ENGAGE,ENGAGE-INDCi2030-600f,0.8082206832266543,0.8683536708503364,R10MIDDLE_EAST
POLES-JRC ENGAGE,ENGAGE-INDCi2030-600f-COV,0.8082217607753635,0.8683497063507667,R10MIDDLE_EAST
POLES-JRC ENGAGE,ENGAGE-INDCi2030-600f-COV-NDCp,0.808223634423492,0.8683497063507667,R10MIDDLE_EAST
POLES-JRC ENGAGE,ENGAGE-INDCi2030-600f-NDCp,0.8082261835499153,0.8683456132096177,R10MIDDLE_EAST
POLES-JRC ENGAGE,ENGAGE-INDCi2030-700f,0.8082225649161909,0.8683513786912925,R10MIDDLE_EAST
POLES-JRC ENGAGE,ENGAGE-INDCi2030-800f,0.8082242053634795,0.8683497882135897,R10MIDDLE_EAST
POLES-JRC ENGAGE,ENGAGE-INDCi2030-900,0.8082081868781931,0.8683577522967959,R10MIDDLE_EAST
POLES-JRC ENGAGE,ENGAGE-INDCi2030-900f,0.8082247923862836,0.8683468528466513,R10MIDDLE_EAST
POLES-JRC ENGAGE,ENGAGE-NPi2020-1000f,0.807663759413662,0.8673481030170264,R10MIDDLE_EAST
POLES-JRC ENGAGE,ENGAGE-NPi2020-1000f-COV,0.807663711165212,0.8673431912476482,R10MIDDLE_EAST
POLES-JRC ENGAGE,ENGAGE-NPi2020-1200f,0.807663759413662,0.8673380221951125,R10MIDDLE_EAST
POLES-JRC ENGAGE,ENGAGE-NPi2020-900f,0.8076633734260644,0.867349833830998,R10MIDDLE_EAST
REMIND-MAgPIE 2.1-4.2,NGFS Phase 2-Delayed Transition,1.8182630300339357,1.879124856420185,R10MIDDLE_EAST
REMIND-MAgPIE 3.2.0-4.8.0,RESCUE-End-of-Century-Budget-1150,0.8154231915387706,0.8745301643489524,R10MIDDLE_EAST
REMIND-MAgPIE 3.2.0-4.8.0,RESCUE-End-of-Century-Budget-1150-with-OAE,0.8158240275793287,0.8748987324162946,R10MIDDLE_EAST
REMIND-MAgPIE 3.2.0-4.8.0,RESCUE-End-of-Century-Budget-500,0.8158606015590666,0.8740702601716285,R10MIDDLE_EAST
REMIND-MAgPIE 3.2.0-4.8.0,RESCUE-End-of-Century-Budget-500-with-OAE,1.8152728318442932,1.8746354695110503,R10MIDDLE_EAST
REMIND-MAgPIE 3.2.0-4.8.0,RESCUE-Peak-Budget-1150,0.8163829814312786,0.8759619921907391,R10MIDDLE_EAST
REMIND-MAgPIE 3.2.0-4.8.0,RESCUE-Peak-Budget-1150-with-OAE,0.8151438993298652,0.874294839547939,R10MIDDLE_EAST
REMIND-MAgPIE 3.3-4.8,NGFS Phase 5-Below 2°C,0.8137747764116067,0.8726975321657129,R10MIDDLE_EAST
REMIND-MAgPIE 3.3-4.8,NGFS Phase 5-Delayed Transition,0.8146758262760516,0.8739864458589383,R10MIDDLE_EAST
REMIND-MAgPIE 3.3-4.8,NGFS Phase 5-Low Demand,1.8126694294684258,1.8709933078076848,R10MIDDLE_EAST
REMIND-MAgPIE 3.3-4.8,NGFS Phase 5-Net-Zero 2050,1.8125656184754337,1.8708654372537092,R10MIDDLE_EAST
WITCH 5.0,ENGAGE-INDCi2030-1000,0.8003438109208982,0.855977446498859,R10MIDDLE_EAST
WITCH 5.0,ENGAGE-INDCi2030-1000-NDCp,0.8003438109208982,0.855977446498859,R10MIDDLE_EAST
WITCH 5.0,ENGAGE-INDCi2030-1000f,0.8003438109208982,0.855977446498859,R10MIDDLE_EAST
WITCH 5.0,ENGAGE-INDCi2030-1000f-NDCp,0.8003438109208982,0.855977446498859,R10MIDDLE_EAST
WITCH 5.0,ENGAGE-INDCi2030-1200,0.8003438109208982,0.8562121142899293,R10MIDDLE_EAST
WITCH 5.0,ENGAGE-INDCi2030-1200-NDCp,0.8003438109208982,0.8564654252342111,R10MIDDLE_EAST
WITCH 5.0,ENGAGE-INDCi2030-1200f,0.8003438109208982,0.8566475304672824,R10MIDDLE_EAST
WITCH 5.0,ENGAGE-INDCi2030-1200f-NDCp,0.8003438109208982,0.8569493322812585,R10MIDDLE_EAST
WITCH 5.0,ENGAGE-INDCi2030-1400,0.8003438109208982,0.8581997744947942,R10MIDDLE_EAST
WITCH 5.0,ENGAGE-INDCi2030-1400-NDCp,0.8003438109208982,0.8582478379272377,R10MIDDLE_EAST
WITCH 5.0,ENGAGE-INDCi2030-1400f,0.8003438109208982,0.8581016123520433,R10MIDDLE_EAST
WITCH 5.0,ENGAGE-INDCi2030-1400f-NDCp,0.8003438109208982,0.8583869850799739,R10MIDDLE_EAST
WITCH 5.0,ENGAGE-INDCi2030-1600-NDCp,0.8003438109208982,0.8595542045972935,R10MIDDLE_EAST
WITCH 5.0,ENGAGE-INDCi2030-500f,0.8003438109208982,0.8556915757615969,R10MIDDLE_EAST
WITCH 5.0,ENGAGE-INDCi2030-600f,0.8003438109208982,0.8556915757615969,R10MIDDLE_EAST
WITCH 5.0,ENGAGE-INDCi2030-600f-NDCp,0.8003438109208982,0.8556915757615969,R10MIDDLE_EAST
WITCH 5.0,ENGAGE-INDCi2030-700f,0.8003438109208982,0.8556915757615969,R10MIDDLE_EAST
WITCH 5.0,ENGAGE-INDCi2030-700f-NDCp,0.8003438109208982,0.8556915757615969,R10MIDDLE_EAST
WITCH 5.0,ENGAGE-INDCi2030-800,0.8003438109208982,0.8556915757615969,R10MIDDLE_EAST
WITCH 5.0,ENGAGE-INDCi2030-800-NDCp,0.8003438109208982,0.8556915757615969,R10MIDDLE_EAST
WITCH 5.0,ENGAGE-INDCi2030-800f,0.8003438109208982,0.855977446498859,R10MIDDLE_EAST
WITCH 5.0,ENGAGE-INDCi2030-800f-NDCp,0.8003438109208982,0.855977446498859,R10MIDDLE_EAST
WITCH 5.0,ENGAGE-INDCi2030-900,0.8003438109208982,0.8556915757615969,R10MIDDLE_EAST
WITCH 5.0,ENGAGE-INDCi2030-900-NDCp,0.8003438109208982,0.8556915757615969,R10MIDDLE_EAST
WITCH 5.0,ENGAGE-INDCi2030-900f,0.8003438109208982,0.855977446498859,R10MIDDLE_EAST
WITCH 5.0,ENGAGE-INDCi2030-900f-NDCp,0.8003438109208982,0.855977446498859,R10MIDDLE_EAST
IMAGE 3.0,ENGAGE-INDCi2030-1000,1.801412808947778,1.833170603045092,R10EUROPE
IMAGE 3.0,ENGAGE-INDCi2030-1000f,1.8739000560217225,1.7997104566991444,R10EUROPE
IMAGE 3.0,ENGAGE-INDCi2030-1200,1.8062559776603604,1.8220168961891559,R10EUROPE
IMAGE 3.0,ENGAGE-INDCi2030-1200f,1.8831178453554616,1.800210241882123,R10EUROPE
IMAGE 3.0,ENGAGE-INDCi2030-1400f,1.8814452860927817,1.798750520301457,R10EUROPE
IMAGE 3.0,ENGAGE-INDCi2030-800f,1.8690901241217168,1.8335343065496084,R10EUROPE
IMAGE 3.0,ENGAGE-NPi2020-1000,1.8046270384201595,1.8375973219917567,R10EUROPE
IMAGE 3.0,ENGAGE-NPi2020-1200,1.8077227299017435,1.8341451246681637,R10EUROPE
IMAGE 3.0,ENGAGE-NPi2020-1400,1.7784974243420908,1.8202751654818483,R10EUROPE
IMAGE 3.0,ENGAGE-NPi2020-1400f,1.859282636730284,1.8125785411100948,R10EUROPE
IMAGE 3.2,SSP2021-SSP1-SPA1-19-Default,1.2825157922530523,1.484941839709286,R10EUROPE
IMAGE 3.2,SSP2021-SSP1-SPA1-19-Lifestyle-Renewables,1.2637389250762825,1.1625551117771784,R10EUROPE
IMAGE 3.2,SSP2021-SSP1-SPA1-19-Renewables,1.3322812973207856,1.4876952969159232,R10EUROPE
IMAGE 3.2,SSP2021-SSP1-SPA1-26-Default,1.3872359958273548,1.4848906461031173,R10EUROPE
IMAGE 3.2,SSP2021-SSP1-SPA1-26-Lifestyle,1.2516963484734358,1.1445504379368592,R10EUROPE
IMAGE 3.2,SSP2021-SSP1-SPA1-26-Lifestyle-Renewables,1.243921793071574,1.1577413863035706,R10EUROPE
IMAGE 3.2,SSP2021-SSP1-SPA1-26-Renewables,1.376028769070065,1.4945421536890453,R10EUROPE
IMAGE 3.2,SSP2021-SSP2-SPA0-26-Default,1.8859403874168765,1.8913892352188977,R10EUROPE
IMAGE 3.2,SSP2021-SSP2-SPA2-19-Renewables,1.6263406192044956,1.749625947768119,R10EUROPE
IMAGE 3.2,SSP2021-SSP2-SPA2-26-Default,1.745217321689786,1.8449886829753206,R10EUROPE
IMAGE 3.2,SSP2021-SSP2-SPA2-26-Lifestyle,1.4194549734250266,1.273450865323473,R10EUROPE
IMAGE 3.2,SSP2021-SSP2-SPA2-26-Lifestyle-Renewables,1.4190714367123185,1.2734821247307337,R10EUROPE
IMAGE 3.2,SSP2021-SSP2-SPA2-26-Renewables,1.7932705354019491,1.8681985562253947,R10EUROPE
IMAGE 3.3,NAVIGATE Demand-1.5°C-ele_u,1.6055308861621336,1.7401352515475668,R10EUROPE
IMAGE 3.3,NAVIGATE Demand-1.5°C-tec_u,1.600224998776362,1.728398595154394,R10EUROPE
IMAGE 3.3,NAVIGATE Demand-2.0°C-ele_u,1.835870179759906,1.9372296690625386,R10EUROPE
IMAGE 3.3,NAVIGATE Demand-2.0°C-ref,1.8349752381398896,1.923539345722614,R10EUROPE
IMAGE 3.3,NAVIGATE Demand-2.0°C-tec_u,1.8297291641129978,1.9193218651702377,R10EUROPE
MESSAGEix-GLOBIOM 2.0-M-R12-NGFS,NGFS Phase 5-Below 2°C,1.5655821392650822,1.7351692580741682,R10EUROPE
MESSAGEix-GLOBIOM 2.0-M-R12-NGFS,NGFS Phase 5-Delayed Transition,1.564782316791851,1.7383618988724014,R10EUROPE
MESSAGEix-GLOBIOM 2.0-M-R12-NGFS,NGFS Phase 5-Low Demand,1.566296839603299,1.7197371825677268,R10EUROPE
MESSAGEix-GLOBIOM 2.0-M-R12-NGFS,NGFS Phase 5-Nationally Determined Contributions (NDCs),1.592322824395303,1.7461278541038094,R10EUROPE
MESSAGEix-GLOBIOM 2.0-M-R12-NGFS,NGFS Phase 5-Net-Zero 2050,1.5293352968231653,1.7024685857395472,R10EUROPE
POLES-JRC ENGAGE,ENGAGE-INDCi2030-1000,1.5361467452771647,1.6968283323752003,R10EUROPE
POLES-JRC ENGAGE,ENGAGE-INDCi2030-1000-COV,1.5375066441464882,1.694380616866047,R10EUROPE
POLES-JRC ENGAGE,ENGAGE-INDCi2030-1000-COV-NDCp,1.53625264910344,1.693379101655399,R10EUROPE
POLES-JRC ENGAGE,ENGAGE-INDCi2030-1000-NDCp,1.5378978968492487,1.6966379617153238,R10EUROPE
POLES-JRC ENGAGE,ENGAGE-INDCi2030-1000f,1.5788154973190442,1.6935913819820103,R10EUROPE
POLES-JRC ENGAGE,ENGAGE-INDCi2030-1000f-COV,1.5584628798983737,1.6906627898614253,R10EUROPE
POLES-JRC ENGAGE,ENGAGE-INDCi2030-1000f-COV-NDCp,1.5546221085718106,1.6887777470528569,R10EUROPE
POLES-JRC ENGAGE,ENGAGE-INDCi2030-1000f-NDCp,1.5679084075693384,1.6923964125287614,R10EUROPE
POLES-JRC ENGAGE,ENGAGE-INDCi2030-1200,1.540545492506125,1.6917086112870308,R10EUROPE
POLES-JRC ENGAGE,ENGAGE-INDCi2030-1200f,1.5567520141864422,1.687198141227992,R10EUROPE
POLES-JRC ENGAGE,ENGAGE-INDCi2030-300f,1.5860387185659413,1.6964333091986132,R10EUROPE
POLES-JRC ENGAGE,ENGAGE-INDCi2030-400f,1.5833164657333243,1.6968966580766556,R10EUROPE
POLES-JRC ENGAGE,ENGAGE-INDCi2030-500f,1.583806033790088,1.696863874723463,R10EUROPE
POLES-JRC ENGAGE,ENGAGE-INDCi2030-600f,1.583658728151855,1.6968947105507235,R10EUROPE
POLES-JRC ENGAGE,ENGAGE-INDCi2030-600f-COV,1.5741421143509244,1.6968142128121921,R10EUROPE
POLES-JRC ENGAGE,ENGAGE-INDCi2030-600f-COV-NDCp,1.5777220877407068,1.6968163226319515,R10EUROPE
POLES-JRC ENGAGE,ENGAGE-INDCi2030-600f-NDCp,1.5865154531769503,1.697594196948048,R10EUROPE
POLES-JRC ENGAGE,ENGAGE-INDCi2030-700f,1.584932475541848,1.6967942506713856,R10EUROPE
POLES-JRC ENGAGE,ENGAGE-INDCi2030-800f,1.5839734265608079,1.6969580051435205,R10EUROPE
POLES-JRC ENGAGE,ENGAGE-INDCi2030-900,1.5345689010203647,1.6967794819330662,R10EUROPE
POLES-JRC ENGAGE,ENGAGE-INDCi2030-900f,1.5754852739431753,1.6949251126579306,R10EUROPE
POLES-JRC ENGAGE,ENGAGE-NPi2020-1000f,1.5641846995870983,1.6815759584493084,R10EUROPE
POLES-JRC ENGAGE,ENGAGE-NPi2020-1000f-COV,1.5557353820922741,1.6800950272716786,R10EUROPE
POLES-JRC ENGAGE,ENGAGE-NPi2020-1200f,1.555254295269226,1.6786368172299229,R10EUROPE
POLES-JRC ENGAGE,ENGAGE-NPi2020-900f,1.574524997415149,1.6849812075418078,R10EUROPE
REMIND-MAgPIE 2.1-4.2,NGFS Phase 2-Delayed Transition,1.7985709539116073,1.8703824304132717,R10EUROPE
REMIND-MAgPIE 3.2.0-4.8.0,RESCUE-End-of-Century-Budget-1150,1.643275708695585,1.8714858091359523,R10EUROPE
REMIND-MAgPIE 3.2.0-4.8.0,RESCUE-End-of-Century-Budget-1150-with-OAE,1.6023257161650621,1.8714116420036109,R10EUROPE
REMIND-MAgPIE 3.2.0-4.8.0,RESCUE-End-of-Century-Budget-500,1.4851538006880183,1.8526233958322935,R10EUROPE
REMIND-MAgPIE 3.2.0-4.8.0,RESCUE-End-of-Century-Budget-500-with-OAE,1.4924488983169881,1.8714972194640054,R10EUROPE
REMIND-MAgPIE 3.2.0-4.8.0,RESCUE-Peak-Budget-1150,1.7355142075721752,1.871686630909678,R10EUROPE
REMIND-MAgPIE 3.2.0-4.8.0,RESCUE-Peak-Budget-1150-with-OAE,1.7295042648062144,1.8716021944820875,R10EUROPE
REMIND-MAgPIE 3.3-4.8,NGFS Phase 5-Below 2°C,1.43013457921765,1.647222657460038,R10EUROPE
REMIND-MAgPIE 3.3-4.8,NGFS Phase 5-Delayed Transition,1.2073665570845793,1.3488802329685932,R10EUROPE
REMIND-MAgPIE 3.3-4.8,NGFS Phase 5-Low Demand,1.167690735187466,1.5459879449122593,R10EUROPE
REMIND-MAgPIE 3.3-4.8,NGFS Phase 5-Net-Zero 2050,1.3979688320145032,1.5994441908056218,R10EUROPE
WITCH 5.0,ENGAGE-INDCi2030-1000,1.1857144712789898,1.4411238648196405,R10EUROPE
WITCH 5.0,ENGAGE-INDCi2030-1000-NDCp,1.18571380708665,1.4411228988790266,R10EUROPE
WITCH 5.0,ENGAGE-INDCi2030-1000f,1.0403015343598763,1.4411238648196405,R10EUROPE
WITCH 5.0,ENGAGE-INDCi2030-1000f-NDCp,1.1020311030316423,1.4411228988790266,R10EUROPE
WITCH 5.0,ENGAGE-INDCi2030-1200,1.1857144712789898,1.4851322007644763,R10EUROPE
WITCH 5.0,ENGAGE-INDCi2030-1200-NDCp,1.18571380708665,1.4879444428882276,R10EUROPE
WITCH 5.0,ENGAGE-INDCi2030-1200f,1.1857144712789898,1.6061446732426767,R10EUROPE
WITCH 5.0,ENGAGE-INDCi2030-1200f-NDCp,1.18571380708665,1.606695047094197,R10EUROPE
WITCH 5.0,ENGAGE-INDCi2030-1400,1.1857144712789898,1.6371865393589649,R10EUROPE
WITCH 5.0,ENGAGE-INDCi2030-1400-NDCp,1.18571380708665,1.6435746468121297,R10EUROPE
WITCH 5.0,ENGAGE-INDCi2030-1400f,1.1857144712789898,1.6418408069271604,R10EUROPE
WITCH 5.0,ENGAGE-INDCi2030-1400f-NDCp,1.18571380708665,1.6446020054544745,R10EUROPE
WITCH 5.0,ENGAGE-INDCi2030-1600-NDCp,1.18571380708665,1.6572667708476319,R10EUROPE
WITCH 5.0,ENGAGE-INDCi2030-500f,1.0315731256258973,1.3667249104185997,R10EUROPE
WITCH 5.0,ENGAGE-INDCi2030-600f,1.0315731256258973,1.3667249104185997,R10EUROPE
WITCH 5.0,ENGAGE-INDCi2030-600f-NDCp,1.0315724614335575,1.366723944477986,R10EUROPE
WITCH 5.0,ENGAGE-INDCi2030-700f,1.0315731256258973,1.384418935649855,R10EUROPE
WITCH 5.0,ENGAGE-INDCi2030-700f-NDCp,1.0315724614335575,1.3844179723267733,R10EUROPE
WITCH 5.0,ENGAGE-INDCi2030-800,1.1857144712789898,1.3667249104185997,R10EUROPE
WITCH 5.0,ENGAGE-INDCi2030-800-NDCp,1.18571380708665,1.366723944477986,R10EUROPE
WITCH 5.0,ENGAGE-INDCi2030-800f,1.0315731256258973,1.4085690808604459,R10EUROPE
WITCH 5.0,ENGAGE-INDCi2030-800f-NDCp,1.0315724614335575,1.4411228988790266,R10EUROPE
WITCH 5.0,ENGAGE-INDCi2030-900,1.1857144712789898,1.384418935749229,R10EUROPE
WITCH 5.0,ENGAGE-INDCi2030-900-NDCp,1.18571380708665,1.3844179723165924,R10EUROPE
WITCH 5.0,ENGAGE-INDCi2030-900f,1.0315731256258973,1.4411238648196405,R10EUROPE
WITCH 5.0,ENGAGE-INDCi2030-900f-NDCp,1.0315724614335575,1.4411228988790266,R10EUROPE
IMAGE 3.0,ENGAGE-INDCi2030-1000,1.2121606454145268,1.6694159834010256,R10REST_ASIA
IMAGE 3.0,ENGAGE-INDCi2030-1000f,1.2186021886210971,1.6652114299802643,R10REST_ASIA
IMAGE 3.0,ENGAGE-INDCi2030-1200,1.212866634149973,1.6667256479385213,R10REST_ASIA
IMAGE 3.0,ENGAGE-INDCi2030-1200f,1.2208704026918185,1.664734869143481,R10REST_ASIA
IMAGE 3.0,ENGAGE-INDCi2030-1400f,1.2190291983953379,1.6647787076972755,R10REST_ASIA
IMAGE 3.0,ENGAGE-INDCi2030-800f,1.2197747050688477,1.6698822474305386,R10REST_ASIA
IMAGE 3.0,ENGAGE-NPi2020-1000,1.2113745159576226,1.6712770550558806,R10REST_ASIA
IMAGE 3.0,ENGAGE-NPi2020-1200,1.212439553316394,1.6697197839587503,R10REST_ASIA
IMAGE 3.0,ENGAGE-NPi2020-1400,1.2089136742333013,1.667024043601471,R10REST_ASIA
IMAGE 3.0,ENGAGE-NPi2020-1400f,1.2180664296358956,1.6653516265433856,R10REST_ASIA
IMAGE 3.2,SSP2021-SSP1-SPA1-19-Default,1.3151585476332,1.5552848785603732,R10REST_ASIA
IMAGE 3.2,SSP2021-SSP1-SPA1-19-Lifestyle-Renewables,1.6328724211642507,1.707731793448535,R10REST_ASIA
IMAGE 3.2,SSP2021-SSP1-SPA1-19-Renewables,1.3284314240258117,1.5625238027217783,R10REST_ASIA
IMAGE 3.2,SSP2021-SSP1-SPA1-26-Default,1.3715299233312133,1.6135524592829371,R10REST_ASIA
IMAGE 3.2,SSP2021-SSP1-SPA1-26-Lifestyle,1.6355798064838565,1.7128740065435655,R10REST_ASIA
IMAGE 3.2,SSP2021-SSP1-SPA1-26-Lifestyle-Renewables,1.6286572306190532,1.7091659585827448,R10REST_ASIA
IMAGE 3.2,SSP2021-SSP1-SPA1-26-Renewables,1.3800366876873973,1.6144732730266482,R10REST_ASIA
IMAGE 3.2,SSP2021-SSP2-SPA0-26-Default,2.0,2.0,R10REST_ASIA
IMAGE 3.2,SSP2021-SSP2-SPA2-19-Renewables,1.4757480834132541,1.6526075120546568,R10REST_ASIA
IMAGE 3.2,SSP2021-SSP2-SPA2-26-Default,1.5838005791217789,1.7401911253256501,R10REST_ASIA
IMAGE 3.2,SSP2021-SSP2-SPA2-26-Lifestyle,1.830314041022616,1.8915090274535133,R10REST_ASIA
IMAGE 3.2,SSP2021-SSP2-SPA2-26-Lifestyle-Renewables,1.8266623680830718,1.885856505505216,R10REST_ASIA
IMAGE 3.2,SSP2021-SSP2-SPA2-26-Renewables,1.6401403713074316,1.7526579936705313,R10REST_ASIA
IMAGE 3.3,NAVIGATE Demand-1.5°C-ele_u,1.4923517676420965,1.6776474975097622,R10REST_ASIA
IMAGE 3.3,NAVIGATE Demand-1.5°C-tec_u,1.495548424105938,1.6790866263549233,R10REST_ASIA
IMAGE 3.3,NAVIGATE Demand-2.0°C-ele_u,1.7854479247013186,1.8578649494249908,R10REST_ASIA
IMAGE 3.3,NAVIGATE Demand-2.0°C-ref,1.7865343168645116,1.8607689171828898,R10REST_ASIA
IMAGE 3.3,NAVIGATE Demand-2.0°C-tec_u,1.7885064893820133,1.8558666080093342,R10REST_ASIA
MESSAGEix-GLOBIOM 2.0-M-R12-NGFS,NGFS Phase 5-Below 2°C,1.4324320677825257,1.780630362425126,R10REST_ASIA
MESSAGEix-GLOBIOM 2.0-M-R12-NGFS,NGFS Phase 5-Delayed Transition,1.4333635525916093,1.7841858716302166,R10REST_ASIA
MESSAGEix-GLOBIOM 2.0-M-R12-NGFS,NGFS Phase 5-Low Demand,1.46619492045537,1.7442343665888982,R10REST_ASIA
MESSAGEix-GLOBIOM 2.0-M-R12-NGFS,NGFS Phase 5-Nationally Determined Contributions (NDCs),1.4921335874058954,1.7937594341903547,R10REST_ASIA
MESSAGEix-GLOBIOM 2.0-M-R12-NGFS,NGFS Phase 5-Net-Zero 2050,1.401819195834758,1.7113079041637804,R10REST_ASIA
POLES-JRC ENGAGE,ENGAGE-INDCi2030-1000,1.5742090435544336,1.7579278854788933,R10REST_ASIA
POLES-JRC ENGAGE,ENGAGE-INDCi2030-1000-COV,1.59622754668721,1.7851427627082117,R10REST_ASIA
POLES-JRC ENGAGE,ENGAGE-INDCi2030-1000-COV-NDCp,1.5921691581126747,1.784725448755644,R10REST_ASIA
POLES-JRC ENGAGE,ENGAGE-INDCi2030-1000-NDCp,1.6000778467554746,1.7906470341526521,R10REST_ASIA
POLES-JRC ENGAGE,ENGAGE-INDCi2030-1000f,1.6065087093824002,1.752400322840026,R10REST_ASIA
POLES-JRC ENGAGE,ENGAGE-INDCi2030-1000f-COV,1.6204345135478297,1.7778871540717591,R10REST_ASIA
POLES-JRC ENGAGE,ENGAGE-INDCi2030-1000f-COV-NDCp,1.6197181324163679,1.775964104556691,R10REST_ASIA
POLES-JRC ENGAGE,ENGAGE-INDCi2030-1000f-NDCp,1.6226521361746398,1.7849016586886566,R10REST_ASIA
POLES-JRC ENGAGE,ENGAGE-INDCi2030-1200,1.5868498680585268,1.7497618320837187,R10REST_ASIA
POLES-JRC ENGAGE,ENGAGE-INDCi2030-1200f,1.6003897586141314,1.7418169647211417,R10REST_ASIA
POLES-JRC ENGAGE,ENGAGE-INDCi2030-300f,1.6109260616752903,1.7589347075938644,R10REST_ASIA
POLES-JRC ENGAGE,ENGAGE-INDCi2030-400f,1.6079324147145833,1.7588961566513657,R10REST_ASIA
POLES-JRC ENGAGE,ENGAGE-INDCi2030-500f,1.6081659068070766,1.7583660811919823,R10REST_ASIA
POLES-JRC ENGAGE,ENGAGE-INDCi2030-600f,1.6077011316295877,1.7585087196792348,R10REST_ASIA
POLES-JRC ENGAGE,ENGAGE-INDCi2030-600f-COV,1.6234743287652353,1.7933133137133448,R10REST_ASIA
POLES-JRC ENGAGE,ENGAGE-INDCi2030-600f-COV-NDCp,1.623854719856317,1.793043296486914,R10REST_ASIA
POLES-JRC ENGAGE,ENGAGE-INDCi2030-600f-NDCp,1.625726191008258,1.7921669050607356,R10REST_ASIA
POLES-JRC ENGAGE,ENGAGE-INDCi2030-700f,1.6078294749651967,1.7580114125209776,R10REST_ASIA
POLES-JRC ENGAGE,ENGAGE-INDCi2030-800f,1.6073817091454394,1.7574943480046892,R10REST_ASIA
POLES-JRC ENGAGE,ENGAGE-INDCi2030-900,1.5696620225214355,1.7593382074587047,R10REST_ASIA
POLES-JRC ENGAGE,ENGAGE-INDCi2030-900f,1.6065296949536267,1.7546110587635035,R10REST_ASIA
POLES-JRC ENGAGE,ENGAGE-NPi2020-1000f,1.4982154303252857,1.6219609600845148,R10REST_ASIA
POLES-JRC ENGAGE,ENGAGE-NPi2020-1000f-COV,1.489474387657402,1.6189147931112653,R10REST_ASIA
POLES-JRC ENGAGE,ENGAGE-NPi2020-1200f,1.491496071319178,1.6176368293673724,R10REST_ASIA
POLES-JRC ENGAGE,ENGAGE-NPi2020-900f,1.5091725493147314,1.6269089735544577,R10REST_ASIA
REMIND-MAgPIE 2.1-4.2,NGFS Phase 2-Delayed Transition,1.580786492976183,1.7957566174090691,R10REST_ASIA
REMIND-MAgPIE 3.2.0-4.8.0,RESCUE-End-of-Century-Budget-1150,1.5738907226396106,1.8941641014351513,R10REST_ASIA
REMIND-MAgPIE 3.2.0-4.8.0,RESCUE-End-of-Century-Budget-1150-with-OAE,1.54750279444777,1.8831747571745758,R10REST_ASIA
REMIND-MAgPIE 3.2.0-4.8.0,RESCUE-End-of-Century-Budget-500,1.5777832843108313,1.754175388700013,R10REST_ASIA
REMIND-MAgPIE 3.2.0-4.8.0,RESCUE-End-of-Century-Budget-500-with-OAE,1.5603816593435074,1.7281095711357994,R10REST_ASIA
REMIND-MAgPIE 3.2.0-4.8.0,RESCUE-Peak-Budget-1150,1.7376923254821008,1.8464174588041136,R10REST_ASIA
REMIND-MAgPIE 3.2.0-4.8.0,RESCUE-Peak-Budget-1150-with-OAE,1.7350232179467608,1.7835603690536928,R10REST_ASIA
REMIND-MAgPIE 3.3-4.8,NGFS Phase 5-Below 2°C,1.5945704658377986,1.736401552443926,R10REST_ASIA
REMIND-MAgPIE 3.3-4.8,NGFS Phase 5-Delayed Transition,1.6094393451650342,1.7634510304872837,R10REST_ASIA
REMIND-MAgPIE 3.3-4.8,NGFS Phase 5-Low Demand,1.663711922749582,1.899234100868619,R10REST_ASIA
REMIND-MAgPIE 3.3-4.8,NGFS Phase 5-Net-Zero 2050,1.5575327279542706,1.5518162808772256,R10REST_ASIA
WITCH 5.0,ENGAGE-INDCi2030-1000,1.0390769963385906,1.4306657058558818,R10REST_ASIA
WITCH 5.0,ENGAGE-INDCi2030-1000-NDCp,1.0393282969697275,1.431982129392364,R10REST_ASIA
WITCH 5.0,ENGAGE-INDCi2030-1000f,1.0397548186970627,1.464237440956811,R10REST_ASIA
WITCH 5.0,ENGAGE-INDCi2030-1000f-NDCp,1.0396828216185232,1.4700127820850104,R10REST_ASIA
WITCH 5.0,ENGAGE-INDCi2030-1200,1.0394437202541982,1.4804311911238364,R10REST_ASIA
WITCH 5.0,ENGAGE-INDCi2030-1200-NDCp,1.0394574157458345,1.4862150406995658,R10REST_ASIA
WITCH 5.0,ENGAGE-INDCi2030-1200f,1.039715746029151,1.4965947297788986,R10REST_ASIA
WITCH 5.0,ENGAGE-INDCi2030-1200f-NDCp,1.0395940274859126,1.5020781864455834,R10REST_ASIA
WITCH 5.0,ENGAGE-INDCi2030-1400,1.039321544742821,1.5100708600384602,R10REST_ASIA
WITCH 5.0,ENGAGE-INDCi2030-1400-NDCp,1.0392718830454697,1.511457000970187,R10REST_ASIA
WITCH 5.0,ENGAGE-INDCi2030-1400f,1.0393499466369136,1.5103868330167671,R10REST_ASIA
WITCH 5.0,ENGAGE-INDCi2030-1400f-NDCp,1.03927362769666,1.5113605123667675,R10REST_ASIA
WITCH 5.0,ENGAGE-INDCi2030-1600-NDCp,1.0389666393704606,1.5155119595505027,R10REST_ASIA
WITCH 5.0,ENGAGE-INDCi2030-500f,1.0358600502449342,1.2249865289244606,R10REST_ASIA
WITCH 5.0,ENGAGE-INDCi2030-600f,1.023492855850937,1.2744881702603472,R10REST_ASIA
WITCH 5.0,ENGAGE-INDCi2030-600f-NDCp,1.0204666847236223,1.315953284848695,R10REST_ASIA
WITCH 5.0,ENGAGE-INDCi2030-700f,1.016837623603173,1.3519356250217263,R10REST_ASIA
WITCH 5.0,ENGAGE-INDCi2030-700f-NDCp,1.0140334015280676,1.369232195013206,R10REST_ASIA
WITCH 5.0,ENGAGE-INDCi2030-800,1.0392408904521158,1.2281967338418975,R10REST_ASIA
WITCH 5.0,ENGAGE-INDCi2030-800-NDCp,1.0392822658464105,1.2287820719881561,R10REST_ASIA
WITCH 5.0,ENGAGE-INDCi2030-800f,1.0,1.3867826585443104,R10REST_ASIA
WITCH 5.0,ENGAGE-INDCi2030-800f-NDCp,1.0030667165354514,1.3973674606777606,R10REST_ASIA
WITCH 5.0,ENGAGE-INDCi2030-900,1.0394701362009555,1.3372796312945505,R10REST_ASIA
WITCH 5.0,ENGAGE-INDCi2030-900-NDCp,1.0391011341906,1.3711385766114343,R10REST_ASIA
WITCH 5.0,ENGAGE-INDCi2030-900f,1.0399391444198105,1.4339114198684504,R10REST_ASIA
WITCH 5.0,ENGAGE-INDCi2030-900f-NDCp,1.0398632275339155,1.4483363973385843,R10REST_ASIA
IMAGE 3.0,ENGAGE-INDCi2030-1000,0.7221501144997267,0.8480749360634858,R10PAC_OECD
IMAGE 3.0,ENGAGE-INDCi2030-1000f,0.7345912276939243,0.8450198504791627,R10PAC_OECD
IMAGE 3.0,ENGAGE-INDCi2030-1200,0.7260566230637834,0.8456942303756069,R10PAC_OECD
IMAGE 3.0,ENGAGE-INDCi2030-1200f,0.7305735241372466,0.844185182376474,R10PAC_OECD
IMAGE 3.0,ENGAGE-INDCi2030-1400f,0.7304705450928309,0.8438760206197482,R10PAC_OECD
IMAGE 3.0,ENGAGE-INDCi2030-800f,0.7384018031803078,0.8502749153041751,R10PAC_OECD
IMAGE 3.0,ENGAGE-NPi2020-1000,0.7269397675728548,0.84912709276323,R10PAC_OECD
IMAGE 3.0,ENGAGE-NPi2020-1200,0.7254825730146278,0.8469576980301984,R10PAC_OECD
IMAGE 3.0,ENGAGE-NPi2020-1400,0.7209238754897642,0.8443349711332062,R10PAC_OECD
IMAGE 3.0,ENGAGE-NPi2020-1400f,0.7281546965434799,0.8446363027919898,R10PAC_OECD
IMAGE 3.2,SSP2021-SSP1-SPA1-19-Default,1.4854131024400041,1.6950007342368387,R10PAC_OECD
IMAGE 3.2,SSP2021-SSP1-SPA1-19-Lifestyle-Renewables,1.6723012175830858,1.6911949363159176,R10PAC_OECD
IMAGE 3.2,SSP2021-SSP1-SPA1-19-Renewables,1.484963006402767,1.6955954680237806,R10PAC_OECD
IMAGE 3.2,SSP2021-SSP1-SPA1-26-Default,1.5178035676737025,1.7479985719372677,R10PAC_OECD
IMAGE 3.2,SSP2021-SSP1-SPA1-26-Lifestyle,1.6699098769598848,1.6907430514790502,R10PAC_OECD
IMAGE 3.2,SSP2021-SSP1-SPA1-26-Lifestyle-Renewables,0.6662921522709625,0.689157476051257,R10PAC_OECD
IMAGE 3.2,SSP2021-SSP1-SPA1-26-Renewables,1.5221605910113292,1.7536665420378288,R10PAC_OECD
IMAGE 3.2,SSP2021-SSP2-SPA0-26-Default,1.8304800683450924,1.8903401248096976,R10PAC_OECD
IMAGE 3.2,SSP2021-SSP2-SPA2-19-Renewables,1.478225882887088,1.700625592974505,R10PAC_OECD
IMAGE 3.2,SSP2021-SSP2-SPA2-26-Default,1.5599213211899137,1.802370165277853,R10PAC_OECD
IMAGE 3.2,SSP2021-SSP2-SPA2-26-Lifestyle,0.7049247309054244,0.7147030667558012,R10PAC_OECD
IMAGE 3.2,SSP2021-SSP2-SPA2-26-Lifestyle-Renewables,0.7045019067454632,0.7145411006714248,R10PAC_OECD
IMAGE 3.2,SSP2021-SSP2-SPA2-26-Renewables,1.6176704519700773,1.822201871262585,R10PAC_OECD
IMAGE 3.3,NAVIGATE Demand-1.5°C-ele_u,0.531670429997574,0.762011008525234,R10PAC_OECD
IMAGE 3.3,NAVIGATE Demand-1.5°C-tec_u,0.5242048251565717,0.7468280419056178,R10PAC_OECD
IMAGE 3.3,NAVIGATE Demand-2.0°C-ele_u,0.8116015776455743,0.8755886892312904,R10PAC_OECD
IMAGE 3.3,NAVIGATE Demand-2.0°C-ref,0.8062432935961842,0.8673613409788796,R10PAC_OECD
IMAGE 3.3,NAVIGATE Demand-2.0°C-tec_u,0.8059502639371205,0.8656235931060926,R10PAC_OECD
MESSAGEix-GLOBIOM 2.0-M-R12-NGFS,NGFS Phase 5-Below 2°C,0.5860272058543174,0.7046147709644542,R10PAC_OECD
MESSAGEix-GLOBIOM 2.0-M-R12-NGFS,NGFS Phase 5-Delayed Transition,0.586301277513761,0.7097968187912829,R10PAC_OECD
MESSAGEix-GLOBIOM 2.0-M-R12-NGFS,NGFS Phase 5-Low Demand,0.5939450472530714,0.7006931857559203,R10PAC_OECD
MESSAGEix-GLOBIOM 2.0-M-R12-NGFS,NGFS Phase 5-Nationally Determined Contributions (NDCs),0.6006468293156942,0.707114060383727,R10PAC_OECD
MESSAGEix-GLOBIOM 2.0-M-R12-NGFS,NGFS Phase 5-Net-Zero 2050,0.5824580477421387,0.6939710555590614,R10PAC_OECD
POLES-JRC ENGAGE,ENGAGE-INDCi2030-1000,1.61231035281276,1.708067803193563,R10PAC_OECD
POLES-JRC ENGAGE,ENGAGE-INDCi2030-1000-COV,0.6102927310584401,0.6972184611731796,R10PAC_OECD
POLES-JRC ENGAGE,ENGAGE-INDCi2030-1000-COV-NDCp,0.6103945831759192,0.6970671300756204,R10PAC_OECD
POLES-JRC ENGAGE,ENGAGE-INDCi2030-1000-NDCp,0.610875772946589,0.7019442587813169,R10PAC_OECD
POLES-JRC ENGAGE,ENGAGE-INDCi2030-1000f,1.6125007424911444,1.7016155730641238,R10PAC_OECD
POLES-JRC ENGAGE,ENGAGE-INDCi2030-1000f-COV,0.6117651344420099,0.6915766602548749,R10PAC_OECD
POLES-JRC ENGAGE,ENGAGE-INDCi2030-1000f-COV-NDCp,0.6116408087099336,0.6905399127356542,R10PAC_OECD
POLES-JRC ENGAGE,ENGAGE-INDCi2030-1000f-NDCp,0.6104119684249479,0.6950635655443631,R10PAC_OECD
POLES-JRC ENGAGE,ENGAGE-INDCi2030-1200,0.6153919518076197,0.6987332521595081,R10PAC_OECD
POLES-JRC ENGAGE,ENGAGE-INDCi2030-1200f,0.6147503937154244,0.6937266225145787,R10PAC_OECD
POLES-JRC ENGAGE,ENGAGE-INDCi2030-300f,0.6139731458747137,0.7073443246130549,R10PAC_OECD
POLES-JRC ENGAGE,ENGAGE-INDCi2030-400f,1.612632107128925,1.7078560383243624,R10PAC_OECD
POLES-JRC ENGAGE,ENGAGE-INDCi2030-500f,1.612413392215538,1.7078212580721113,R10PAC_OECD
POLES-JRC ENGAGE,ENGAGE-INDCi2030-600f,1.6126628069345266,1.7084279391388546,R10PAC_OECD
POLES-JRC ENGAGE,ENGAGE-INDCi2030-600f-COV,1.613444634304249,1.7012528471000468,R10PAC_OECD
POLES-JRC ENGAGE,ENGAGE-INDCi2030-600f-COV-NDCp,1.6106055807348594,1.7013087175052584,R10PAC_OECD
POLES-JRC ENGAGE,ENGAGE-INDCi2030-600f-NDCp,1.6109007907439716,1.7023836986351104,R10PAC_OECD
POLES-JRC ENGAGE,ENGAGE-INDCi2030-700f,1.6122124865816438,1.7083771254369855,R10PAC_OECD
POLES-JRC ENGAGE,ENGAGE-INDCi2030-800f,1.612281433935108,1.7078380315270971,R10PAC_OECD
POLES-JRC ENGAGE,ENGAGE-INDCi2030-900,0.6076751910035005,0.7073018976386777,R10PAC_OECD
POLES-JRC ENGAGE,ENGAGE-INDCi2030-900f,1.61223792840949,1.7044131633542143,R10PAC_OECD
POLES-JRC ENGAGE,ENGAGE-NPi2020-1000f,0.5773750765175364,0.6556628431159761,R10PAC_OECD
POLES-JRC ENGAGE,ENGAGE-NPi2020-1000f-COV,0.5754028260228761,0.655293950440507,R10PAC_OECD
POLES-JRC ENGAGE,ENGAGE-NPi2020-1200f,0.5759376132442098,0.6548004901949198,R10PAC_OECD
POLES-JRC ENGAGE,ENGAGE-NPi2020-900f,0.5788900525597019,0.6563335346469692,R10PAC_OECD
REMIND-MAgPIE 2.1-4.2,NGFS Phase 2-Delayed Transition,0.6902795565003847,0.8703824304132717,R10PAC_OECD
REMIND-MAgPIE 3.2.0-4.8.0,RESCUE-End-of-Century-Budget-1150,0.6456402272435152,0.8624204269117021,R10PAC_OECD
REMIND-MAgPIE 3.2.0-4.8.0,RESCUE-End-of-Century-Budget-1150-with-OAE,0.638606188583449,0.8632267057473035,R10PAC_OECD
REMIND-MAgPIE 3.2.0-4.8.0,RESCUE-End-of-Century-Budget-500,0.5954894951219887,0.8550967274883178,R10PAC_OECD
REMIND-MAgPIE 3.2.0-4.8.0,RESCUE-End-of-Century-Budget-500-with-OAE,0.6377745781014705,0.8575659564223483,R10PAC_OECD
REMIND-MAgPIE 3.2.0-4.8.0,RESCUE-Peak-Budget-1150,0.64443901210288,0.8632435032230462,R10PAC_OECD
REMIND-MAgPIE 3.2.0-4.8.0,RESCUE-Peak-Budget-1150-with-OAE,0.6372663716958171,0.8632267057473035,R10PAC_OECD
REMIND-MAgPIE 3.3-4.8,NGFS Phase 5-Below 2°C,0.53942508846195,0.8531482203022795,R10PAC_OECD
REMIND-MAgPIE 3.3-4.8,NGFS Phase 5-Delayed Transition,0.43293274618639116,0.6470263954757662,R10PAC_OECD
REMIND-MAgPIE 3.3-4.8,NGFS Phase 5-Low Demand,0.5664408789806621,0.8532322076809872,R10PAC_OECD
REMIND-MAgPIE 3.3-4.8,NGFS Phase 5-Net-Zero 2050,0.5185077748110785,0.8531650177780208,R10PAC_OECD
WITCH 5.0,ENGAGE-INDCi2030-1000,1.5174274447326064,1.5927072773089757,R10PAC_OECD
WITCH 5.0,ENGAGE-INDCi2030-1000-NDCp,1.52383907461967,1.5972524784974407,R10PAC_OECD
WITCH 5.0,ENGAGE-INDCi2030-1000f,1.5076996698977974,1.5948260060518997,R10PAC_OECD
WITCH 5.0,ENGAGE-INDCi2030-1000f-NDCp,1.5164465811040886,1.603238645907957,R10PAC_OECD
WITCH 5.0,ENGAGE-INDCi2030-1200,1.5228911531079476,1.6120424801745052,R10PAC_OECD
WITCH 5.0,ENGAGE-INDCi2030-1200-NDCp,1.5230187604347492,1.618854167233946,R10PAC_OECD
WITCH 5.0,ENGAGE-INDCi2030-1200f,1.5174274447326064,1.6122299808553713,R10PAC_OECD
WITCH 5.0,ENGAGE-INDCi2030-1200f-NDCp,1.5174274447326064,1.615611075491,R10PAC_OECD
WITCH 5.0,ENGAGE-INDCi2030-1400,1.5174274447326064,1.6280288172573456,R10PAC_OECD
WITCH 5.0,ENGAGE-INDCi2030-1400-NDCp,1.5174274447326064,1.6282431481937265,R10PAC_OECD
WITCH 5.0,ENGAGE-INDCi2030-1400f,1.5174274447326064,1.6245001899219704,R10PAC_OECD
WITCH 5.0,ENGAGE-INDCi2030-1400f-NDCp,1.5174274447326064,1.6268613194659574,R10PAC_OECD
WITCH 5.0,ENGAGE-INDCi2030-1600-NDCp,1.5207971861836858,1.6336729959940142,R10PAC_OECD
WITCH 5.0,ENGAGE-INDCi2030-500f,1.5076996698977974,1.5630435690040327,R10PAC_OECD
WITCH 5.0,ENGAGE-INDCi2030-600f,1.5076996698977974,1.5713143324576822,R10PAC_OECD
WITCH 5.0,ENGAGE-INDCi2030-600f-NDCp,1.5076996698977974,1.5828578821086272,R10PAC_OECD
WITCH 5.0,ENGAGE-INDCi2030-700f,1.5072978908410186,1.5828393066326767,R10PAC_OECD
WITCH 5.0,ENGAGE-INDCi2030-700f-NDCp,1.5039086634913679,1.5877215091332322,R10PAC_OECD
WITCH 5.0,ENGAGE-INDCi2030-800,1.5242178123435552,1.5894429514399584,R10PAC_OECD
WITCH 5.0,ENGAGE-INDCi2030-800-NDCp,1.5283614257800235,1.5895875468239935,R10PAC_OECD
WITCH 5.0,ENGAGE-INDCi2030-800f,1.5076996698977974,1.5878295124367758,R10PAC_OECD
WITCH 5.0,ENGAGE-INDCi2030-800f-NDCp,1.5076996698977974,1.5895151131736474,R10PAC_OECD
WITCH 5.0,ENGAGE-INDCi2030-900,1.52383907461967,1.594154706295717,R10PAC_OECD
WITCH 5.0,ENGAGE-INDCi2030-900-NDCp,1.5174274447326064,1.5877859462899486,R10PAC_OECD
WITCH 5.0,ENGAGE-INDCi2030-900f,1.5076996698977974,1.592781148667159,R10PAC_OECD
WITCH 5.0,ENGAGE-INDCi2030-900f-NDCp,1.5076996698977974,1.59278315870607,R10PAC_OECD
IMAGE 3.0,ENGAGE-INDCi2030-1000,1.7869703506248351,1.8561038743925593,R10REF_ECON
IMAGE 3.0,ENGAGE-INDCi2030-1000f,0.7887787277182011,0.8507572654166803,R10REF_ECON
IMAGE 3.0,ENGAGE-INDCi2030-1200,1.7863314770901568,1.8534276156617338,R10REF_ECON
IMAGE 3.0,ENGAGE-INDCi2030-1200f,1.7886372041547234,1.8508631611366932,R10REF_ECON
IMAGE 3.0,ENGAGE-INDCi2030-1400f,1.788338100374575,1.8504170666733453,R10REF_ECON
IMAGE 3.0,ENGAGE-INDCi2030-800f,1.7885202571407104,1.8558966313701468,R10REF_ECON
IMAGE 3.0,ENGAGE-NPi2020-1000,1.7847840657531464,1.856962594524845,R10REF_ECON
IMAGE 3.0,ENGAGE-NPi2020-1200,1.785896357067457,1.855365020771649,R10REF_ECON
IMAGE 3.0,ENGAGE-NPi2020-1400,1.7842570887566354,1.8536072816041154,R10REF_ECON
IMAGE 3.0,ENGAGE-NPi2020-1400f,1.7892269632208122,1.8521918066249428,R10REF_ECON
IMAGE 3.2,SSP2021-SSP1-SPA1-19-Default,0.6363321754534904,0.758158062760416,R10REF_ECON
IMAGE 3.2,SSP2021-SSP1-SPA1-19-Lifestyle-Renewables,0.559008167013856,0.6429382600557895,R10REF_ECON
IMAGE 3.2,SSP2021-SSP1-SPA1-19-Renewables,0.6262003289223004,0.7530959837731478,R10REF_ECON
IMAGE 3.2,SSP2021-SSP1-SPA1-26-Default,0.63589765593849,0.7792080003674665,R10REF_ECON
IMAGE 3.2,SSP2021-SSP1-SPA1-26-Lifestyle,0.5468008445009842,0.6406064225658369,R10REF_ECON
IMAGE 3.2,SSP2021-SSP1-SPA1-26-Lifestyle-Renewables,0.5409908878773521,0.6396980272022419,R10REF_ECON
IMAGE 3.2,SSP2021-SSP1-SPA1-26-Renewables,0.6341844468587812,0.7788903173059847,R10REF_ECON
IMAGE 3.2,SSP2021-SSP2-SPA0-26-Default,0.8349609157490547,0.8710191780389365,R10REF_ECON
IMAGE 3.2,SSP2021-SSP2-SPA2-19-Renewables,0.7096305651056661,0.8154343445124,R10REF_ECON
IMAGE 3.2,SSP2021-SSP2-SPA2-26-Default,0.7487143467850577,0.8697720135703956,R10REF_ECON
IMAGE 3.2,SSP2021-SSP2-SPA2-26-Lifestyle,0.6735724231908025,0.6983144769258618,R10REF_ECON
IMAGE 3.2,SSP2021-SSP2-SPA2-26-Lifestyle-Renewables,0.6667272608092162,0.6974887070173597,R10REF_ECON
IMAGE 3.2,SSP2021-SSP2-SPA2-26-Renewables,0.7862574242150995,0.8627828932047743,R10REF_ECON
IMAGE 3.3,NAVIGATE Demand-1.5°C-ele_u,0.6651711279268269,0.798723405634276,R10REF_ECON
IMAGE 3.3,NAVIGATE Demand-1.5°C-tec_u,0.663937093845085,0.7986873711477204,R10REF_ECON
IMAGE 3.3,NAVIGATE Demand-2.0°C-ele_u,0.8211509647955615,0.8755980250182116,R10REF_ECON
IMAGE 3.3,NAVIGATE Demand-2.0°C-ref,0.8197096496698644,0.8747206035553179,R10REF_ECON
IMAGE 3.3,NAVIGATE Demand-2.0°C-tec_u,0.818660160772908,0.8739671235719424,R10REF_ECON
MESSAGEix-GLOBIOM 2.0-M-R12-NGFS,NGFS Phase 5-Below 2°C,0.7983412222400503,0.8593233128833883,R10REF_ECON
MESSAGEix-GLOBIOM 2.0-M-R12-NGFS,NGFS Phase 5-Delayed Transition,0.7984153963144814,0.8593353902232991,R10REF_ECON
MESSAGEix-GLOBIOM 2.0-M-R12-NGFS,NGFS Phase 5-Low Demand,0.7982186812519806,0.8592180242710276,R10REF_ECON
MESSAGEix-GLOBIOM 2.0-M-R12-NGFS,NGFS Phase 5-Nationally Determined Contributions (NDCs),0.7983422226010835,0.859367665167743,R10REF_ECON
MESSAGEix-GLOBIOM 2.0-M-R12-NGFS,NGFS Phase 5-Net-Zero 2050,0.7984889623372481,0.8588781013560916,R10REF_ECON
POLES-JRC ENGAGE,ENGAGE-INDCi2030-1000,0.6933702171492596,0.7870277589568276,R10REF_ECON
POLES-JRC ENGAGE,ENGAGE-INDCi2030-1000-COV,0.6933964955532473,0.7865279120683152,R10REF_ECON
POLES-JRC ENGAGE,ENGAGE-INDCi2030-1000-COV-NDCp,0.6931956348811845,0.7865078576511377,R10REF_ECON
POLES-JRC ENGAGE,ENGAGE-INDCi2030-1000-NDCp,0.6940131274091904,0.7869717579428237,R10REF_ECON
POLES-JRC ENGAGE,ENGAGE-INDCi2030-1000f,0.7046393594532808,0.7864878032339604,R10REF_ECON
POLES-JRC ENGAGE,ENGAGE-INDCi2030-1000f-COV,0.7000182630847561,0.7863207461550213,R10REF_ECON
POLES-JRC ENGAGE,ENGAGE-INDCi2030-1000f-COV-NDCp,0.6993179826458233,0.7862762858905248,R10REF_ECON
POLES-JRC ENGAGE,ENGAGE-INDCi2030-1000f-NDCp,0.7036331047263357,0.7865279120683152,R10REF_ECON
POLES-JRC ENGAGE,ENGAGE-INDCi2030-1200,0.6944999283385018,0.7863417465352734,R10REF_ECON
POLES-JRC ENGAGE,ENGAGE-INDCi2030-1200f,0.6995606025638269,0.7860780120301304,R10REF_ECON
POLES-JRC ENGAGE,ENGAGE-INDCi2030-300f,0.7095470465345991,0.7873130614200667,R10REF_ECON
POLES-JRC ENGAGE,ENGAGE-INDCi2030-400f,0.7089750359289911,0.7872428709599463,R10REF_ECON
POLES-JRC ENGAGE,ENGAGE-INDCi2030-500f,0.7093386405782235,0.787138058251303,R10REF_ECON
POLES-JRC ENGAGE,ENGAGE-INDCi2030-600f,0.708688054942871,0.787090949290198,R10REF_ECON
POLES-JRC ENGAGE,ENGAGE-INDCi2030-600f-COV,0.7056728032219753,0.7869825419218718,R10REF_ECON
POLES-JRC ENGAGE,ENGAGE-INDCi2030-600f-COV-NDCp,0.7067148330038533,0.7869488656364231,R10REF_ECON
POLES-JRC ENGAGE,ENGAGE-INDCi2030-600f-NDCp,0.7097477771155525,0.7871096793590708,R10REF_ECON
POLES-JRC ENGAGE,ENGAGE-INDCi2030-700f,0.708330174302428,0.7870273805715977,R10REF_ECON
POLES-JRC ENGAGE,ENGAGE-INDCi2030-800f,0.7078104603225778,0.7869433790505915,R10REF_ECON
POLES-JRC ENGAGE,ENGAGE-INDCi2030-900,0.69137461953952,0.7873611163442464,R10REF_ECON
POLES-JRC ENGAGE,ENGAGE-INDCi2030-900f,0.7052038247745755,0.7866225083757551,R10REF_ECON
POLES-JRC ENGAGE,ENGAGE-NPi2020-1000f,0.697395366148148,0.781628958498612,R10REF_ECON
POLES-JRC ENGAGE,ENGAGE-NPi2020-1000f-COV,0.6955024104232903,0.7815336054207132,R10REF_ECON
POLES-JRC ENGAGE,ENGAGE-NPi2020-1200f,0.6956518851073575,0.7815320918797937,R10REF_ECON
POLES-JRC ENGAGE,ENGAGE-NPi2020-900f,0.7000606727862408,0.7817937452661726,R10REF_ECON
REMIND-MAgPIE 2.1-4.2,NGFS Phase 2-Delayed Transition,0.7990863458096312,0.868604256963626,R10REF_ECON
REMIND-MAgPIE 3.2.0-4.8.0,RESCUE-End-of-Century-Budget-1150,1.803438796268675,1.8711648017942408,R10REF_ECON
REMIND-MAgPIE 3.2.0-4.8.0,RESCUE-End-of-Century-Budget-1150-with-OAE,1.803438796268675,1.8711648017942408,R10REF_ECON
REMIND-MAgPIE 3.2.0-4.8.0,RESCUE-End-of-Century-Budget-500,1.735433909088273,1.8710243761617593,R10REF_ECON
REMIND-MAgPIE 3.2.0-4.8.0,RESCUE-End-of-Century-Budget-500-with-OAE,1.7354296818795143,1.8710243761617593,R10REF_ECON
REMIND-MAgPIE 3.2.0-4.8.0,RESCUE-Peak-Budget-1150,0.8026903578336938,0.8700135704569842,R10REF_ECON
REMIND-MAgPIE 3.2.0-4.8.0,RESCUE-Peak-Budget-1150-with-OAE,0.8026545378015794,0.8699614770771926,R10REF_ECON
REMIND-MAgPIE 3.3-4.8,NGFS Phase 5-Below 2°C,0.7680606187121514,0.8495153108510503,R10REF_ECON
REMIND-MAgPIE 3.3-4.8,NGFS Phase 5-Delayed Transition,0.7699426165485097,0.8525965857315179,R10REF_ECON
REMIND-MAgPIE 3.3-4.8,NGFS Phase 5-Low Demand,0.7702331815295097,0.8503491284890813,R10REF_ECON
REMIND-MAgPIE 3.3-4.8,NGFS Phase 5-Net-Zero 2050,0.7715360517659107,0.8532860950006842,R10REF_ECON
WITCH 5.0,ENGAGE-INDCi2030-1000,0.6311221464716623,0.7748233379643101,R10REF_ECON
WITCH 5.0,ENGAGE-INDCi2030-1000-NDCp,0.6311221464716623,0.7748233379643101,R10REF_ECON
WITCH 5.0,ENGAGE-INDCi2030-1000f,0.6311221464716623,0.7748233379643101,R10REF_ECON
WITCH 5.0,ENGAGE-INDCi2030-1000f-NDCp,0.6311221464716623,0.7748233379643101,R10REF_ECON
WITCH 5.0,ENGAGE-INDCi2030-1200,0.6311221464716623,0.774920560719618,R10REF_ECON
WITCH 5.0,ENGAGE-INDCi2030-1200-NDCp,0.6311221464716623,0.7750255072828484,R10REF_ECON
WITCH 5.0,ENGAGE-INDCi2030-1200f,0.6311221464716623,0.7751009534264662,R10REF_ECON
WITCH 5.0,ENGAGE-INDCi2030-1200f-NDCp,0.6311221464716623,0.775225989745549,R10REF_ECON
WITCH 5.0,ENGAGE-INDCi2030-1400,0.6311221464716623,0.7757440504495858,R10REF_ECON
WITCH 5.0,ENGAGE-INDCi2030-1400-NDCp,0.6311221464716623,0.7757639609411812,R10REF_ECON
WITCH 5.0,ENGAGE-INDCi2030-1400f,0.6311221464716623,0.7757033788204749,R10REF_ECON
WITCH 5.0,ENGAGE-INDCi2030-1400f-NDCp,0.6311221464716623,0.7758216085992002,R10REF_ECON
WITCH 5.0,ENGAGE-INDCi2030-1600-NDCp,0.6449731871289518,0.7763025807824822,R10REF_ECON
WITCH 5.0,ENGAGE-INDCi2030-500f,0.6311221464716623,0.7745835396343854,R10REF_ECON
WITCH 5.0,ENGAGE-INDCi2030-600f,0.6311221464716623,0.7748233379643101,R10REF_ECON
WITCH 5.0,ENGAGE-INDCi2030-600f-NDCp,0.6311221464716623,0.7748233379643101,R10REF_ECON
WITCH 5.0,ENGAGE-INDCi2030-700f,0.6311221464716623,0.7748233379643101,R10REF_ECON
WITCH 5.0,ENGAGE-INDCi2030-700f-NDCp,0.6311221464716623,0.7748233379643101,R10REF_ECON
WITCH 5.0,ENGAGE-INDCi2030-800,0.6311221464716623,0.7745835396343854,R10REF_ECON
WITCH 5.0,ENGAGE-INDCi2030-800-NDCp,0.6311221464716623,0.7748233379643101,R10REF_ECON
WITCH 5.0,ENGAGE-INDCi2030-800f,0.6311221464716623,0.7748233379643101,R10REF_ECON
WITCH 5.0,ENGAGE-INDCi2030-800f-NDCp,0.6311221464716623,0.7748233379643101,R10REF_ECON
WITCH 5.0,ENGAGE-INDCi2030-900,0.6311221464716623,0.7748233379643101,R10REF_ECON
WITCH 5.0,ENGAGE-INDCi2030-900-NDCp,0.6311221464716623,0.7747632881556655,R10REF_ECON
WITCH 5.0,ENGAGE-INDCi2030-900f,0.6311221464716623,0.7748233379643101,R10REF_ECON
WITCH 5.0,ENGAGE-INDCi2030-900f-NDCp,0.6311221464716623,0.7748233379643101,R10REF_ECON
IMAGE 3.0,ENGAGE-INDCi2030-1000,1.7856263490336968,1.8690262159004298,R10NORTH_AM
IMAGE 3.0,ENGAGE-INDCi2030-1000f,1.7966043528354096,1.868187502857483,R10NORTH_AM
IMAGE 3.0,ENGAGE-INDCi2030-1200,1.788979131650542,1.8687600198175942,R10NORTH_AM
IMAGE 3.0,ENGAGE-INDCi2030-1200f,1.7996780208868697,1.868190457414793,R10NORTH_AM
IMAGE 3.0,ENGAGE-INDCi2030-1400f,1.8002947074471614,1.868322078177556,R10NORTH_AM
IMAGE 3.0,ENGAGE-INDCi2030-800f,1.7989757460052647,1.869144399065235,R10NORTH_AM
IMAGE 3.0,ENGAGE-NPi2020-1000,1.7854048399397766,1.8692881231097498,R10NORTH_AM
IMAGE 3.0,ENGAGE-NPi2020-1200,1.7897595907628174,1.8692240759319247,R10NORTH_AM
IMAGE 3.0,ENGAGE-NPi2020-1400,1.7791262367613778,1.8690313625486479,R10NORTH_AM
IMAGE 3.0,ENGAGE-NPi2020-1400f,0.7965276110753569,0.8685237505410643,R10NORTH_AM
IMAGE 3.2,SSP2021-SSP1-SPA1-19-Default,1.5357925199580928,1.6684189144273804,R10NORTH_AM
IMAGE 3.2,SSP2021-SSP1-SPA1-19-Lifestyle-Renewables,1.4144808762169099,1.3126535015173912,R10NORTH_AM
IMAGE 3.2,SSP2021-SSP1-SPA1-19-Renewables,1.5325305031093954,1.672160901303379,R10NORTH_AM
IMAGE 3.2,SSP2021-SSP1-SPA1-26-Default,1.5822395536336233,1.6953178294832483,R10NORTH_AM
IMAGE 3.2,SSP2021-SSP1-SPA1-26-Lifestyle,0.3869861704197932,0.30826427852184773,R10NORTH_AM
IMAGE 3.2,SSP2021-SSP1-SPA1-26-Lifestyle-Renewables,1.3848813104475177,1.3073606619324414,R10NORTH_AM
IMAGE 3.2,SSP2021-SSP1-SPA1-26-Renewables,1.5759749099292768,1.6985890893963642,R10NORTH_AM
IMAGE 3.2,SSP2021-SSP2-SPA0-26-Default,1.8963457072198338,1.9005357484868233,R10NORTH_AM
IMAGE 3.2,SSP2021-SSP2-SPA2-19-Renewables,1.6178739901617591,1.7255963183012812,R10NORTH_AM
IMAGE 3.2,SSP2021-SSP2-SPA2-26-Default,1.7362926832936576,1.9053365226622552,R10NORTH_AM
IMAGE 3.2,SSP2021-SSP2-SPA2-26-Lifestyle,1.4581228764834842,1.3791664673697854,R10NORTH_AM
IMAGE 3.2,SSP2021-SSP2-SPA2-26-Lifestyle-Renewables,1.4663532500273035,1.3794420036660542,R10NORTH_AM
IMAGE 3.2,SSP2021-SSP2-SPA2-26-Renewables,1.735228459556724,1.815703930611717,R10NORTH_AM
IMAGE 3.3,NAVIGATE Demand-1.5°C-ele_u,1.6123285441075659,1.8023179932663445,R10NORTH_AM
IMAGE 3.3,NAVIGATE Demand-1.5°C-tec_u,1.601612287705096,1.797484623018888,R10NORTH_AM
IMAGE 3.3,NAVIGATE Demand-2.0°C-ele_u,1.884616173004818,1.927186258258289,R10NORTH_AM
IMAGE 3.3,NAVIGATE Demand-2.0°C-ref,1.8828868295847054,1.9222579618054842,R10NORTH_AM
IMAGE 3.3,NAVIGATE Demand-2.0°C-tec_u,1.8823720496276675,1.9203410250990651,R10NORTH_AM
MESSAGEix-GLOBIOM 2.0-M-R12-NGFS,NGFS Phase 5-Below 2°C,0.7383759380080249,0.8465209340277506,R10NORTH_AM
MESSAGEix-GLOBIOM 2.0-M-R12-NGFS,NGFS Phase 5-Delayed Transition,0.7388451145571744,0.8495497306676423,R10NORTH_AM
MESSAGEix-GLOBIOM 2.0-M-R12-NGFS,NGFS Phase 5-Low Demand,0.7506431285999167,0.8237328328409858,R10NORTH_AM
MESSAGEix-GLOBIOM 2.0-M-R12-NGFS,NGFS Phase 5-Nationally Determined Contributions (NDCs),0.7862901420609137,0.8637544506760151,R10NORTH_AM
MESSAGEix-GLOBIOM 2.0-M-R12-NGFS,NGFS Phase 5-Net-Zero 2050,0.731708933762132,0.8062705374606022,R10NORTH_AM
POLES-JRC ENGAGE,ENGAGE-INDCi2030-1000,1.7440933556335758,1.8238283358721379,R10NORTH_AM
POLES-JRC ENGAGE,ENGAGE-INDCi2030-1000-COV,1.7397509273815808,1.8203182076807929,R10NORTH_AM
POLES-JRC ENGAGE,ENGAGE-INDCi2030-1000-COV-NDCp,1.7384666924698133,1.8202210210329048,R10NORTH_AM
POLES-JRC ENGAGE,ENGAGE-INDCi2030-1000-NDCp,1.7404080082080426,1.8212617632665973,R10NORTH_AM
POLES-JRC ENGAGE,ENGAGE-INDCi2030-1000f,1.7547487282397396,1.8230531667175671,R10NORTH_AM
POLES-JRC ENGAGE,ENGAGE-INDCi2030-1000f-COV,1.746875816183924,1.8192147166766168,R10NORTH_AM
POLES-JRC ENGAGE,ENGAGE-INDCi2030-1000f-COV-NDCp,1.7456751146515987,1.8189070998085175,R10NORTH_AM
POLES-JRC ENGAGE,ENGAGE-INDCi2030-1000f-NDCp,1.748690742287172,1.819988618179259,R10NORTH_AM
POLES-JRC ENGAGE,ENGAGE-INDCi2030-1200,1.7466105432259054,1.8226219537863924,R10NORTH_AM
POLES-JRC ENGAGE,ENGAGE-INDCi2030-1200f,1.7513834226140506,1.821709244397527,R10NORTH_AM
POLES-JRC ENGAGE,ENGAGE-INDCi2030-300f,1.7560351422831442,1.8239789751763649,R10NORTH_AM
POLES-JRC ENGAGE,ENGAGE-INDCi2030-400f,1.7556716631259903,1.82399101786969,R10NORTH_AM
POLES-JRC ENGAGE,ENGAGE-INDCi2030-500f,1.7557689976724706,1.823929325475813,R10NORTH_AM
POLES-JRC ENGAGE,ENGAGE-INDCi2030-600f,1.7558872518826718,1.8239510868339273,R10NORTH_AM
POLES-JRC ENGAGE,ENGAGE-INDCi2030-600f-COV,1.7493075818160593,1.8209604846581429,R10NORTH_AM
POLES-JRC ENGAGE,ENGAGE-INDCi2030-600f-COV-NDCp,1.7502592812399267,1.8209938661589393,R10NORTH_AM
POLES-JRC ENGAGE,ENGAGE-INDCi2030-600f-NDCp,1.7521160466706167,1.821681567330411,R10NORTH_AM
POLES-JRC ENGAGE,ENGAGE-INDCi2030-700f,1.7560952863163426,1.8238591820690768,R10NORTH_AM
POLES-JRC ENGAGE,ENGAGE-INDCi2030-800f,1.7562534912732333,1.8238264343942443,R10NORTH_AM
POLES-JRC ENGAGE,ENGAGE-INDCi2030-900,1.7418404240711678,1.8240144694303768,R10NORTH_AM
POLES-JRC ENGAGE,ENGAGE-INDCi2030-900f,1.7552659088150668,1.82344740646748,R10NORTH_AM
POLES-JRC ENGAGE,ENGAGE-NPi2020-1000f,1.7375126686388656,1.8100227612642636,R10NORTH_AM
POLES-JRC ENGAGE,ENGAGE-NPi2020-1000f-COV,1.7358309601163975,1.8097005663989818,R10NORTH_AM
POLES-JRC ENGAGE,ENGAGE-NPi2020-1200f,1.736423829197271,1.8094814738905898,R10NORTH_AM
POLES-JRC ENGAGE,ENGAGE-NPi2020-900f,1.740064141235627,1.8105686966950114,R10NORTH_AM
REMIND-MAgPIE 2.1-4.2,NGFS Phase 2-Delayed Transition,1.8093819756721594,1.870368653733617,R10NORTH_AM
REMIND-MAgPIE 3.2.0-4.8.0,RESCUE-End-of-Century-Budget-1150,1.6735953007171944,1.8701025758152086,R10NORTH_AM
REMIND-MAgPIE 3.2.0-4.8.0,RESCUE-End-of-Century-Budget-1150-with-OAE,1.670421743287817,1.8701010630876516,R10NORTH_AM
REMIND-MAgPIE 3.2.0-4.8.0,RESCUE-End-of-Century-Budget-500,1.6358205017643122,1.783330254048853,R10NORTH_AM
REMIND-MAgPIE 3.2.0-4.8.0,RESCUE-End-of-Century-Budget-500-with-OAE,1.644100771812346,1.783330254048853,R10NORTH_AM
REMIND-MAgPIE 3.2.0-4.8.0,RESCUE-Peak-Budget-1150,1.8140093543808118,1.8704550413360121,R10NORTH_AM
REMIND-MAgPIE 3.2.0-4.8.0,RESCUE-Peak-Budget-1150-with-OAE,1.8140369188750358,1.8704580667911261,R10NORTH_AM
REMIND-MAgPIE 3.3-4.8,NGFS Phase 5-Below 2°C,0.7119089075194422,0.7597763296210918,R10NORTH_AM
REMIND-MAgPIE 3.3-4.8,NGFS Phase 5-Delayed Transition,1.3772712668727045,1.4003046111370618,R10NORTH_AM
REMIND-MAgPIE 3.3-4.8,NGFS Phase 5-Low Demand,0.6696577387214853,0.7605818570452457,R10NORTH_AM
REMIND-MAgPIE 3.3-4.8,NGFS Phase 5-Net-Zero 2050,0.7556958867220117,0.7914725101249223,R10NORTH_AM
WITCH 5.0,ENGAGE-INDCi2030-1000,1.4902975597676438,1.7436315625349275,R10NORTH_AM
WITCH 5.0,ENGAGE-INDCi2030-1000-NDCp,1.4902975598800094,1.7467846187742988,R10NORTH_AM
WITCH 5.0,ENGAGE-INDCi2030-1000f,1.4286329496313717,1.746798837686291,R10NORTH_AM
WITCH 5.0,ENGAGE-INDCi2030-1000f-NDCp,1.4638031977790942,1.7468005837274665,R10NORTH_AM
WITCH 5.0,ENGAGE-INDCi2030-1200,1.4902975597676438,1.7469137586602375,R10NORTH_AM
WITCH 5.0,ENGAGE-INDCi2030-1200-NDCp,1.4902975598800094,1.7470158671414886,R10NORTH_AM
WITCH 5.0,ENGAGE-INDCi2030-1200f,1.4875452916238485,1.7616222970622264,R10NORTH_AM
WITCH 5.0,ENGAGE-INDCi2030-1200f-NDCp,1.4902975598800094,1.7631008814855909,R10NORTH_AM
WITCH 5.0,ENGAGE-INDCi2030-1400,1.4902975597676438,1.7926278567196672,R10NORTH_AM
WITCH 5.0,ENGAGE-INDCi2030-1400-NDCp,1.4902975598800094,1.7973029843154809,R10NORTH_AM
WITCH 5.0,ENGAGE-INDCi2030-1400f,1.4902975597676438,1.7972495510303188,R10NORTH_AM
WITCH 5.0,ENGAGE-INDCi2030-1400f-NDCp,1.4902975598800094,1.7973281417098006,R10NORTH_AM
WITCH 5.0,ENGAGE-INDCi2030-1600-NDCp,1.5069039284785017,1.7981995140450417,R10NORTH_AM
WITCH 5.0,ENGAGE-INDCi2030-500f,1.4257072926204928,1.6742477583067468,R10NORTH_AM
WITCH 5.0,ENGAGE-INDCi2030-600f,1.4244257252846435,1.677548885850276,R10NORTH_AM
WITCH 5.0,ENGAGE-INDCi2030-600f-NDCp,1.4239786353552049,1.7200571649558354,R10NORTH_AM
WITCH 5.0,ENGAGE-INDCi2030-700f,1.4234076800225124,1.7352958644316758,R10NORTH_AM
WITCH 5.0,ENGAGE-INDCi2030-700f-NDCp,1.423024487358781,1.7355076722969025,R10NORTH_AM
WITCH 5.0,ENGAGE-INDCi2030-800,1.4902975597676438,1.6921921254897319,R10NORTH_AM
WITCH 5.0,ENGAGE-INDCi2030-800-NDCp,1.4902975598800094,1.6924752280427975,R10NORTH_AM
WITCH 5.0,ENGAGE-INDCi2030-800f,1.4224973456968135,1.7434726847094528,R10NORTH_AM
WITCH 5.0,ENGAGE-INDCi2030-800f-NDCp,1.4221881217089403,1.743563624810338,R10NORTH_AM
WITCH 5.0,ENGAGE-INDCi2030-900,1.4902975597676438,1.7407790589977443,R10NORTH_AM
WITCH 5.0,ENGAGE-INDCi2030-900-NDCp,1.4902975598800094,1.7356809590493623,R10NORTH_AM
WITCH 5.0,ENGAGE-INDCi2030-900f,1.4221278522613665,1.7468059516767505,R10NORTH_AM
WITCH 5.0,ENGAGE-INDCi2030-900f-NDCp,1.4224374632236856,1.746793795756845,R10NORTH_AM
