,scenario,model,forest_change_2050,forest_change_2100,bioenergy_threshold_breached
0,ENGAGE-INDCi2030-1000,IMAGE 3.0,0.0035688359714988738,0.018004905784487824,1
1,ENGAGE-INDCi2030-1000f,IMAGE 3.0,0.004078796923404959,0.01565129801255033,1
2,ENGAGE-INDCi2030-1200,IMAGE 3.0,0.0038179232585813794,0.017684825985500474,1
3,ENGAGE-INDCi2030-1200f,IMAGE 3.0,0.004101814290854822,0.015303357022971698,1
4,ENGAGE-INDCi2030-1400f,IMAGE 3.0,0.004113076134457494,0.015455097184575273,1
5,ENGAGE-INDCi2030-800f,IMAGE 3.0,0.003619807515926665,0.015529393749637188,1
6,ENGAGE-NPi2020-1000,IMAGE 3.0,0.0035700701461402473,0.01794335197757463,1
7,ENGAGE-NPi2020-1200,IMAGE 3.0,0.003614130170921992,0.017483163989518158,1
8,ENGAGE-NPi2020-1400,IMAGE 3.0,0.0038302341506292192,0.018736825284003056,1
9,ENGAGE-NPi2020-1400f,IMAGE 3.0,0.0039149910945988076,0.016430917858851868,1
10,SSP2021-SSP1-SPA1-19-Default,IMAGE 3.2,0.027962586900591058,0.07036873008417438,1
11,SSP2021-SSP1-SPA1-19-Lifestyle-Renewables,IMAGE 3.2,0.052720074435257225,0.07160975390682273,1
12,SSP2021-SSP1-SPA1-19-Renewables,IMAGE 3.2,0.029532587386698728,0.07164144157189278,1
13,SSP2021-SSP1-SPA1-26-Default,IMAGE 3.2,0.024661892919915995,0.06428492939987412,1
14,SSP2021-SSP1-SPA1-26-Lifestyle,IMAGE 3.2,0.05298459552740037,0.07267268663900023,1
15,SSP2021-SSP1-SPA1-26-Lifestyle-Renewables,IMAGE 3.2,0.0530045586204832,0.07345691181841957,1
16,SSP2021-SSP1-SPA1-26-Renewables,IMAGE 3.2,0.02639570315739692,0.06602783045553645,1
17,SSP2021-SSP2-SPA0-26-Default,IMAGE 3.2,-0.005624109347319883,-0.013798052401620908,1
18,SSP2021-SSP2-SPA2-19-Renewables,IMAGE 3.2,0.020990819392292304,0.06086473565465261,1
19,SSP2021-SSP2-SPA2-26-Default,IMAGE 3.2,0.0071527599189363245,0.04559285056850865,1
20,SSP2021-SSP2-SPA2-26-Lifestyle,IMAGE 3.2,0.03716541858900574,0.039075274239174895,1
21,SSP2021-SSP2-SPA2-26-Lifestyle-Renewables,IMAGE 3.2,0.03723428553399527,0.039613214401346186,1
22,SSP2021-SSP2-SPA2-26-Renewables,IMAGE 3.2,0.008755211997562129,0.03806273725091708,1
23,NAVIGATE Demand-1.5°C-ele_u,IMAGE 3.3,0.01807001077511383,0.06208116223625648,1
24,NAVIGATE Demand-1.5°C-tec_u,IMAGE 3.3,0.018433444403160137,0.06259355526998867,1
25,NAVIGATE Demand-2.0°C-ele_u,IMAGE 3.3,0.0007318934517571707,0.015754347867604712,1
26,NAVIGATE Demand-2.0°C-ref,IMAGE 3.3,0.0010388945892855772,0.015879337637688284,1
27,NAVIGATE Demand-2.0°C-tec_u,IMAGE 3.3,0.0011995531282688598,0.016090255800813857,1
28,NGFS Phase 5-Below 2°C,MESSAGEix-GLOBIOM 2.0-M-R12-NGFS,0.015982374346830863,0.039549381848539455,0
29,NGFS Phase 5-Delayed Transition,MESSAGEix-GLOBIOM 2.0-M-R12-NGFS,0.014450735632347611,0.03934149440860968,0
30,NGFS Phase 5-Low Demand,MESSAGEix-GLOBIOM 2.0-M-R12-NGFS,0.019736178200851273,0.03154006153498112,0
31,NGFS Phase 5-Nationally Determined Contributions (NDCs),MESSAGEix-GLOBIOM 2.0-M-R12-NGFS,0.012356384753111183,0.028082285798534168,0
32,NGFS Phase 5-Net-Zero 2050,MESSAGEix-GLOBIOM 2.0-M-R12-NGFS,0.022334876037671425,0.04238014471397883,1
33,ENGAGE-INDCi2030-1000,POLES-JRC ENGAGE,0.01037118320391578,0.02473372602674989,1
34,ENGAGE-INDCi2030-1000-COV,POLES-JRC ENGAGE,0.010487182353255298,0.024503820305317725,1
35,ENGAGE-INDCi2030-1000-COV-NDCp,POLES-JRC ENGAGE,0.010593496388433876,0.024881928643634366,1
36,ENGAGE-INDCi2030-1000-NDCp,POLES-JRC ENGAGE,0.01038681271892894,0.0244381356018204,1
37,ENGAGE-INDCi2030-1000f,POLES-JRC ENGAGE,0.01059314453916227,0.021723229585205228,1
38,ENGAGE-INDCi2030-1000f-COV,POLES-JRC ENGAGE,0.01095421596537921,0.022226318488479224,1
39,ENGAGE-INDCi2030-1000f-COV-NDCp,POLES-JRC ENGAGE,0.011207602996096522,0.02251172380291433,1
40,ENGAGE-INDCi2030-1000f-NDCp,POLES-JRC ENGAGE,0.010737958292009575,0.021858376742274255,1
41,ENGAGE-INDCi2030-1200,POLES-JRC ENGAGE,0.010811976267729562,0.02376814051511772,1
42,ENGAGE-INDCi2030-1200f,POLES-JRC ENGAGE,0.011390342396748354,0.022285781015383643,1
43,ENGAGE-INDCi2030-300f,POLES-JRC ENGAGE,0.010376757237113565,0.021333528739307772,1
44,ENGAGE-INDCi2030-400f,POLES-JRC ENGAGE,0.010378849814360602,0.021524712522478506,1
45,ENGAGE-INDCi2030-500f,POLES-JRC ENGAGE,0.010391757127114376,0.02153078655200974,1
46,ENGAGE-INDCi2030-600f,POLES-JRC ENGAGE,0.010351053721902315,0.021566045552702973,1
47,ENGAGE-INDCi2030-600f-COV,POLES-JRC ENGAGE,0.01028736900373839,0.02166721147748618,1
48,ENGAGE-INDCi2030-600f-COV-NDCp,POLES-JRC ENGAGE,0.010354368512408674,0.021703655654673304,1
49,ENGAGE-INDCi2030-600f-NDCp,POLES-JRC ENGAGE,0.010334720508345885,0.021577156582333223,1
50,ENGAGE-INDCi2030-700f,POLES-JRC ENGAGE,0.01036573879939695,0.021619230347866336,1
51,ENGAGE-INDCi2030-800f,POLES-JRC ENGAGE,0.010423275414498778,0.02158963797228447,1
52,ENGAGE-INDCi2030-900,POLES-JRC ENGAGE,0.010358072188952072,0.025579719822795388,1
53,ENGAGE-INDCi2030-900f,POLES-JRC ENGAGE,0.010503237791070985,0.0216598226427821,1
54,ENGAGE-NPi2020-1000f,POLES-JRC ENGAGE,0.021889117257584523,0.037575187411588606,1
55,ENGAGE-NPi2020-1000f-COV,POLES-JRC ENGAGE,0.02210776380232471,0.038294645098528535,1
56,ENGAGE-NPi2020-1200f,POLES-JRC ENGAGE,0.022199818682811123,0.03817784965873211,1
57,ENGAGE-NPi2020-900f,POLES-JRC ENGAGE,0.021593563869420518,0.03662249069432749,1
58,NGFS Phase 2-Delayed Transition,REMIND-MAgPIE 2.1-4.2,0.012232979967927049,0.018644144818177222,1
59,RESCUE-End-of-Century-Budget-1150,REMIND-MAgPIE 3.2.0-4.8.0,0.0007755585932334164,0.020893648760580807,1
60,RESCUE-End-of-Century-Budget-1150-with-OAE,REMIND-MAgPIE 3.2.0-4.8.0,0.00044714533188910943,0.022317578865577448,1
61,RESCUE-End-of-Century-Budget-500,REMIND-MAgPIE 3.2.0-4.8.0,0.006438290609937225,0.04283837550502323,1
62,RESCUE-End-of-Century-Budget-500-with-OAE,REMIND-MAgPIE 3.2.0-4.8.0,0.006410476858150049,0.04119678662150528,1
63,RESCUE-Peak-Budget-1150,REMIND-MAgPIE 3.2.0-4.8.0,0.004833478713832384,0.008818214477569086,1
64,RESCUE-Peak-Budget-1150-with-OAE,REMIND-MAgPIE 3.2.0-4.8.0,0.005573915900116189,0.00912362672103173,1
65,NGFS Phase 5-Below 2°C,REMIND-MAgPIE 3.3-4.8,0.012034090973669087,0.023507271286294762,0
66,NGFS Phase 5-Delayed Transition,REMIND-MAgPIE 3.3-4.8,0.016163108649708713,0.028654047426820706,1
67,NGFS Phase 5-Low Demand,REMIND-MAgPIE 3.3-4.8,0.012990839372980734,0.02803291983915035,1
68,NGFS Phase 5-Net-Zero 2050,REMIND-MAgPIE 3.3-4.8,0.015118291070111645,0.022436087625269108,1
69,ENGAGE-INDCi2030-1000,WITCH 5.0,0.039421864740464274,0.08761017746798994,1
70,ENGAGE-INDCi2030-1000-NDCp,WITCH 5.0,0.03935968650776428,0.08797432321797116,1
71,ENGAGE-INDCi2030-1000f,WITCH 5.0,0.03796710081639337,0.09079504184432652,1
72,ENGAGE-INDCi2030-1000f-NDCp,WITCH 5.0,0.0379201858794182,0.09069859920086176,1
73,ENGAGE-INDCi2030-1200,WITCH 5.0,0.03690816327024732,0.08631521074836673,1
74,ENGAGE-INDCi2030-1200-NDCp,WITCH 5.0,0.03688809181873781,0.087787515762767,1
75,ENGAGE-INDCi2030-1200f,WITCH 5.0,0.035345272228387736,0.08760308323907906,1
76,ENGAGE-INDCi2030-1200f-NDCp,WITCH 5.0,0.03519486920782078,0.0892203282517205,1
77,ENGAGE-INDCi2030-1400,WITCH 5.0,0.03306869377600591,0.08753668793364083,1
78,ENGAGE-INDCi2030-1400-NDCp,WITCH 5.0,0.03303179826096425,0.08919956598413148,1
79,ENGAGE-INDCi2030-1400f,WITCH 5.0,0.0330005281138428,0.08757910741007796,1
80,ENGAGE-INDCi2030-1400f-NDCp,WITCH 5.0,0.032940396077911216,0.08914524314888478,1
81,ENGAGE-INDCi2030-1600-NDCp,WITCH 5.0,0.0319138128274542,0.08789008212129312,1
82,ENGAGE-INDCi2030-500f,WITCH 5.0,0.045518317283244514,0.09028054198217628,1
83,ENGAGE-INDCi2030-600f,WITCH 5.0,0.04467400086271511,0.09075644738559602,1
84,ENGAGE-INDCi2030-600f-NDCp,WITCH 5.0,0.04331650053434338,0.0926321200495111,1
85,ENGAGE-INDCi2030-700f,WITCH 5.0,0.041893729863998086,0.09100331851282567,1
86,ENGAGE-INDCi2030-700f-NDCp,WITCH 5.0,0.04140606413366288,0.09291720369227208,1
87,ENGAGE-INDCi2030-800,WITCH 5.0,0.044156885777250465,0.08678223099555249,1
88,ENGAGE-INDCi2030-800-NDCp,WITCH 5.0,0.04380282188300294,0.08760006505143664,1
89,ENGAGE-INDCi2030-800f,WITCH 5.0,0.04003259820963906,0.09133133644476121,1
90,ENGAGE-INDCi2030-800f-NDCp,WITCH 5.0,0.03969202982989661,0.09306328151157967,1
91,ENGAGE-INDCi2030-900,WITCH 5.0,0.041403739874396106,0.08628189760424243,1
92,ENGAGE-INDCi2030-900-NDCp,WITCH 5.0,0.041656021000788634,0.08814163805888792,1
93,ENGAGE-INDCi2030-900f,WITCH 5.0,0.038809833963471596,0.09106279729231204,1
94,ENGAGE-INDCi2030-900f-NDCp,WITCH 5.0,0.0383142459886453,0.0927889460707847,1
