model,scenario,between_region_gini,carbon_budget_fairness,fairness_score
IMAGE 3.0,ENGAGE-INDCi2030-1000,0.23998629455932818,0.6974613970974132,0.9374476916567414
IMAGE 3.0,ENGAGE-INDCi2030-1000f,0.23998629455932818,0.7072342867641535,0.9472205813234816
IMAGE 3.0,ENGAGE-INDCi2030-1200,0.23998629455932818,0.6993267499569037,0.9393130445162319
IMAGE 3.0,ENGAGE-INDCi2030-1200f,0.23998629455932818,0.704249939371344,0.9442362339306721
IMAGE 3.0,ENGAGE-INDCi2030-1400f,0.23998629455932818,0.704249939371344,0.9442362339306721
IMAGE 3.0,ENGAGE-INDCi2030-800f,0.23998629455932818,0.7005428348143817,0.9405291293737099
IMAGE 3.0,ENGAGE-NPi2020-1000,0.23998629455932818,0.9543732342069473,1.1943595287662756
IMAGE 3.0,ENGAGE-NPi2020-1200,0.23998629455932818,0.9740345351966806,1.214020829756009
IMAGE 3.0,ENGAGE-NPi2020-1400,0.23998629455932818,1.0,1.239986294559328
IMAGE 3.0,ENGAGE-NPi2020-1400f,0.23998629455932818,0.9536686168743624,1.1936549114336907
IMAGE 3.2,SSP2021-SSP1-SPA1-19-Default,0.2008440249094788,0.7265470981374084,0.9273911230468872
IMAGE 3.2,SSP2021-SSP1-SPA1-19-Lifestyle-Renewables,0.408978421311147,0.6735203334687161,1.082498754779863
IMAGE 3.2,SSP2021-SSP1-SPA1-19-Renewables,0.2008440249094788,0.6872343971718965,0.8880784220813753
IMAGE 3.2,SSP2021-SSP1-SPA1-26-Default,0.2008440249094788,0.807167998491902,1.0080120234013807
IMAGE 3.2,SSP2021-SSP1-SPA1-26-Lifestyle,0.2008440249094788,0.7123321045197709,0.9131761294292497
IMAGE 3.2,SSP2021-SSP1-SPA1-26-Lifestyle-Renewables,0.408978421311147,0.7785017527264542,1.187480174037601
IMAGE 3.2,SSP2021-SSP1-SPA1-26-Renewables,0.2008440249094788,0.7998935121080034,1.0007375370174822
IMAGE 3.2,SSP2021-SSP2-SPA0-26-Default,0.5068226382599164,0.876177996272263,1.3830006345321793
IMAGE 3.2,SSP2021-SSP2-SPA2-19-Renewables,0.408978421311147,0.5841982312296059,0.9931766525407528
IMAGE 3.2,SSP2021-SSP2-SPA2-26-Default,0.408978421311147,0.8200287681375548,1.2290071894487018
IMAGE 3.2,SSP2021-SSP2-SPA2-26-Lifestyle,0.408978421311147,0.6362145017532408,1.0451929230643877
IMAGE 3.2,SSP2021-SSP2-SPA2-26-Lifestyle-Renewables,0.408978421311147,0.5785196320847247,0.9874980533958717
IMAGE 3.2,SSP2021-SSP2-SPA2-26-Renewables,0.408978421311147,0.6963288740510127,1.1053072953621597
IMAGE 3.3,NAVIGATE Demand-1.5°C-ele_u,0.5103957935701492,0.35032687374973925,0.8607226673198884
IMAGE 3.3,NAVIGATE Demand-1.5°C-tec_u,0.5103957935701492,0.3516496104139141,0.8620454039840633
IMAGE 3.3,NAVIGATE Demand-2.0°C-ele_u,0.5103957935701492,0.4702201122033209,0.98061590577347
IMAGE 3.3,NAVIGATE Demand-2.0°C-ref,0.5103957935701492,0.401991230058718,0.9123870236288671
IMAGE 3.3,NAVIGATE Demand-2.0°C-tec_u,0.5103957935701492,0.4480221362427172,0.9584179298128663
MESSAGEix-GLOBIOM 2.0-M-R12-NGFS,NGFS Phase 5-Below 2°C,0.0025111684698720703,0.5449261823914321,0.5474373508613042
MESSAGEix-GLOBIOM 2.0-M-R12-NGFS,NGFS Phase 5-Delayed Transition,0.003157743532200996,0.5701895451304253,0.5733472886626263
MESSAGEix-GLOBIOM 2.0-M-R12-NGFS,NGFS Phase 5-Low Demand,0.0,0.3790227230301433,0.3790227230301433
MESSAGEix-GLOBIOM 2.0-M-R12-NGFS,NGFS Phase 5-Nationally Determined Contributions (NDCs),0.0017272876855759622,0.5520411160648189,0.5537684037503948
MESSAGEix-GLOBIOM 2.0-M-R12-NGFS,NGFS Phase 5-Net-Zero 2050,0.0037388011893827434,0.3418684000421528,0.34560720123153554
POLES-JRC ENGAGE,ENGAGE-INDCi2030-1000,0.7315025770237021,0.48567418540637713,1.2171767624300793
POLES-JRC ENGAGE,ENGAGE-INDCi2030-1000-COV,0.8331439665946831,0.4199963177239168,1.2531402843186
POLES-JRC ENGAGE,ENGAGE-INDCi2030-1000-COV-NDCp,0.8331439665946831,0.15395839524702137,0.9871023618417045
POLES-JRC ENGAGE,ENGAGE-INDCi2030-1000-NDCp,0.7315025770237021,0.24440139016395168,0.9759039671876538
POLES-JRC ENGAGE,ENGAGE-INDCi2030-1000f,0.7315025770237021,0.48567418540637713,1.2171767624300793
POLES-JRC ENGAGE,ENGAGE-INDCi2030-1000f-COV,0.8331439665946831,0.4199963177239168,1.2531402843186
POLES-JRC ENGAGE,ENGAGE-INDCi2030-1000f-COV-NDCp,0.8331439665946831,0.1539571687334146,0.9871011353280977
POLES-JRC ENGAGE,ENGAGE-INDCi2030-1000f-NDCp,0.7315025770237021,0.2444000616525666,0.9759026386762688
POLES-JRC ENGAGE,ENGAGE-INDCi2030-1200,0.7315025770237021,0.48567418540637713,1.2171767624300793
POLES-JRC ENGAGE,ENGAGE-INDCi2030-1200f,0.7315025770237021,0.48567418540637713,1.2171767624300793
POLES-JRC ENGAGE,ENGAGE-INDCi2030-300f,0.7315025770237021,0.48567418540637713,1.2171767624300793
POLES-JRC ENGAGE,ENGAGE-INDCi2030-400f,0.7315025770237021,0.48567418540637713,1.2171767624300793
POLES-JRC ENGAGE,ENGAGE-INDCi2030-500f,0.7315025770237021,0.48567418540637713,1.2171767624300793
POLES-JRC ENGAGE,ENGAGE-INDCi2030-600f,0.7315025770237021,0.48567418540637713,1.2171767624300793
POLES-JRC ENGAGE,ENGAGE-INDCi2030-600f-COV,0.8331439665946831,0.4199963177239168,1.2531402843186
POLES-JRC ENGAGE,ENGAGE-INDCi2030-600f-COV-NDCp,0.8331439665946831,0.1539571687334146,0.9871011353280977
POLES-JRC ENGAGE,ENGAGE-INDCi2030-600f-NDCp,0.7315025770237021,0.24440139016395168,0.9759039671876538
POLES-JRC ENGAGE,ENGAGE-INDCi2030-700f,0.7315025770237021,0.48567418540637713,1.2171767624300793
POLES-JRC ENGAGE,ENGAGE-INDCi2030-800f,0.7315025770237021,0.48567418540637713,1.2171767624300793
POLES-JRC ENGAGE,ENGAGE-INDCi2030-900,0.7315025770237021,0.48567418540637713,1.2171767624300793
POLES-JRC ENGAGE,ENGAGE-INDCi2030-900f,0.7315025770237021,0.48567418540637713,1.2171767624300793
POLES-JRC ENGAGE,ENGAGE-NPi2020-1000f,0.7315025770237021,0.45986697448998326,1.1913695515136853
POLES-JRC ENGAGE,ENGAGE-NPi2020-1000f-COV,0.8331439665946831,0.47734246320362017,1.3104864297983032
POLES-JRC ENGAGE,ENGAGE-NPi2020-1200f,0.7315025770237021,0.4909997771650165,1.2225023541887188
POLES-JRC ENGAGE,ENGAGE-NPi2020-900f,0.7315025770237021,0.4177402302351015,1.1492428072588037
REMIND-MAgPIE 2.1-4.2,NGFS Phase 2-Delayed Transition,0.8817400028686668,0.4366220728442427,1.3183620757129095
REMIND-MAgPIE 3.2.0-4.8.0,RESCUE-End-of-Century-Budget-1150,0.9950195403515844,0.591079619254731,1.5860991596063152
REMIND-MAgPIE 3.2.0-4.8.0,RESCUE-End-of-Century-Budget-1150-with-OAE,0.9940419911900986,0.591079619254731,1.5851216104448296
REMIND-MAgPIE 3.2.0-4.8.0,RESCUE-End-of-Century-Budget-500,1.0,0.591079619254731,1.591079619254731
REMIND-MAgPIE 3.2.0-4.8.0,RESCUE-End-of-Century-Budget-500-with-OAE,0.9990014990858866,0.591079619254731,1.5900811183406176
REMIND-MAgPIE 3.2.0-4.8.0,RESCUE-Peak-Budget-1150,0.9935164242603679,0.4264489431163229,1.4199653673766908
REMIND-MAgPIE 3.2.0-4.8.0,RESCUE-Peak-Budget-1150-with-OAE,0.9934241557162583,0.4215741597007768,1.4149983154170351
REMIND-MAgPIE 3.3-4.8,NGFS Phase 5-Below 2°C,0.808882627915028,0.39848120496730405,1.207363832882332
REMIND-MAgPIE 3.3-4.8,NGFS Phase 5-Delayed Transition,0.810251584695042,0.5955482689189397,1.4057998536139817
REMIND-MAgPIE 3.3-4.8,NGFS Phase 5-Low Demand,0.8024378583719339,0.0,0.8024378583719339
REMIND-MAgPIE 3.3-4.8,NGFS Phase 5-Net-Zero 2050,0.8263385212736891,0.09639460319129897,0.9227331244649881
WITCH 5.0,ENGAGE-INDCi2030-1000,0.513708246215325,0.838491056479636,1.3521993026949608
WITCH 5.0,ENGAGE-INDCi2030-1000-NDCp,0.5094124548769329,0.7042556423408378,1.2136680972177707
WITCH 5.0,ENGAGE-INDCi2030-1000f,0.502273587995082,0.838491056479636,1.340764644474718
WITCH 5.0,ENGAGE-INDCi2030-1000f-NDCp,0.5016010989509787,0.7042556423408378,1.2058567412918166
WITCH 5.0,ENGAGE-INDCi2030-1200,0.5064301349953578,0.838491056479636,1.344921191474994
WITCH 5.0,ENGAGE-INDCi2030-1200-NDCp,0.5068289265215217,0.7042556423408378,1.2110845688623595
WITCH 5.0,ENGAGE-INDCi2030-1200f,0.502052097487116,0.838491056479636,1.340543153966752
WITCH 5.0,ENGAGE-INDCi2030-1200f-NDCp,0.5028379878958806,0.7042556423408378,1.2070936302367183
WITCH 5.0,ENGAGE-INDCi2030-1400,0.5044228550541956,0.838491056479636,1.3429139115338316
WITCH 5.0,ENGAGE-INDCi2030-1400-NDCp,0.504711307983364,0.7042556423408378,1.2089669503242018
WITCH 5.0,ENGAGE-INDCi2030-1400f,0.5026109182194975,0.838491056479636,1.3411019746991335
WITCH 5.0,ENGAGE-INDCi2030-1400f-NDCp,0.5022825239771499,0.7042556423408378,1.2065381663179877
WITCH 5.0,ENGAGE-INDCi2030-1600-NDCp,0.5011991693521816,0.7042556423408378,1.2054548116930195
WITCH 5.0,ENGAGE-INDCi2030-500f,0.5180461000544617,0.838491056479636,1.3565371565340976
WITCH 5.0,ENGAGE-INDCi2030-600f,0.5111938907055772,0.838491056479636,1.3496849471852133
WITCH 5.0,ENGAGE-INDCi2030-600f-NDCp,0.5093696399393028,0.7042556423408378,1.2136252822801405
WITCH 5.0,ENGAGE-INDCi2030-700f,0.5065072337584311,0.838491056479636,1.344998290238067
WITCH 5.0,ENGAGE-INDCi2030-700f-NDCp,0.5051317314763113,0.7042556423408378,1.2093873738171492
WITCH 5.0,ENGAGE-INDCi2030-800,0.5131306742653345,0.838491056479636,1.3516217307449705
WITCH 5.0,ENGAGE-INDCi2030-800-NDCp,0.5138548159311574,0.7042556423408378,1.2181104582719953
WITCH 5.0,ENGAGE-INDCi2030-800f,0.5028082017185441,0.838491056479636,1.34129925819818
WITCH 5.0,ENGAGE-INDCi2030-800f-NDCp,0.5030135740260383,0.7042556423408378,1.2072692163668761
WITCH 5.0,ENGAGE-INDCi2030-900,0.5065404586233493,0.838491056479636,1.3450315151029852
WITCH 5.0,ENGAGE-INDCi2030-900-NDCp,0.5094873986397718,0.7042556423408378,1.2137430409806096
WITCH 5.0,ENGAGE-INDCi2030-900f,0.5019863813969248,0.838491056479636,1.3404774378765607
WITCH 5.0,ENGAGE-INDCi2030-900f-NDCp,0.5018627913604686,0.7042556423408378,1.2061184337013064
