model,scenario,final_energy_demand,energy_per_gdp,region
IMAGE 3.0,ENGAGE-INDCi2030-1000,2858.231627197266,0.0018029173825152727,R10LATIN_AM
IMAGE 3.0,ENGAGE-INDCi2030-1000f,2859.6757260742193,0.0018038282922339098,R10LATIN_AM
IMAGE 3.0,ENGAGE-INDCi2030-1200,2970.7366191406245,0.0018738833615018395,R10LATIN_AM
IMAGE 3.0,ENGAGE-INDCi2030-1200f,2999.4477536621093,0.0018919937913942125,R10LATIN_AM
IMAGE 3.0,ENGAGE-INDCi2030-1400f,3159.672551513672,0.00199306050355562,R10LATIN_AM
IMAGE 3.0,ENGAGE-INDCi2030-800f,2764.866262207032,0.001744024311056667,R10LATIN_AM
IMAGE 3.0,ENGAGE-NPi2020-1000,2930.515443725586,0.0018485126198128337,R10LATIN_AM
IMAGE 3.0,ENGAGE-NPi2020-1200,3039.656734863281,0.0019173568412083064,R10LATIN_AM
IMAGE 3.0,ENGAGE-NPi2020-1400,3149.5875136718755,0.0019866990561994,R10LATIN_AM
IMAGE 3.0,ENGAGE-NPi2020-1400f,3184.699388183594,0.0020088469494238363,R10LATIN_AM
IMAGE 3.2,SSP2021-SSP1-SPA1-19-Default,2163.1404838867193,0.0016029488539031113,R10LATIN_AM
IMAGE 3.2,SSP2021-SSP1-SPA1-19-Lifestyle-Renewables,2280.912918945313,0.0018780896571163968,R10LATIN_AM
IMAGE 3.2,SSP2021-SSP1-SPA1-19-Renewables,2182.872721435547,0.0016175710052610322,R10LATIN_AM
IMAGE 3.2,SSP2021-SSP1-SPA1-26-Default,2311.4507353515633,0.0017128509843373286,R10LATIN_AM
IMAGE 3.2,SSP2021-SSP1-SPA1-26-Lifestyle,2141.993318847656,0.0015872782008802624,R10LATIN_AM
IMAGE 3.2,SSP2021-SSP1-SPA1-26-Lifestyle-Renewables,2434.140446044922,0.002004256259725831,R10LATIN_AM
IMAGE 3.2,SSP2021-SSP1-SPA1-26-Renewables,2312.9597792968752,0.0017139692289823924,R10LATIN_AM
IMAGE 3.2,SSP2021-SSP2-SPA0-26-Default,2423.6684421386717,0.0020930464014948373,R10LATIN_AM
IMAGE 3.2,SSP2021-SSP2-SPA2-19-Renewables,2500.7649208984376,0.0020591144422078948,R10LATIN_AM
IMAGE 3.2,SSP2021-SSP2-SPA2-26-Default,2626.5384567871097,0.0021626755974494976,R10LATIN_AM
IMAGE 3.2,SSP2021-SSP2-SPA2-26-Lifestyle,2421.1581213378904,0.0019935666934758067,R10LATIN_AM
IMAGE 3.2,SSP2021-SSP2-SPA2-26-Lifestyle-Renewables,2433.7399577636716,0.0020039265001402873,R10LATIN_AM
IMAGE 3.2,SSP2021-SSP2-SPA2-26-Renewables,2613.609228515625,0.0021520297504776633,R10LATIN_AM
IMAGE 3.3,NAVIGATE Demand-1.5°C-ele_u,2447.071526611328,0.0020929621603555373,R10LATIN_AM
IMAGE 3.3,NAVIGATE Demand-1.5°C-tec_u,2206.479948364258,0.0018871859646475825,R10LATIN_AM
IMAGE 3.3,NAVIGATE Demand-2.0°C-ele_u,2552.974486816406,0.0021835401781896977,R10LATIN_AM
IMAGE 3.3,NAVIGATE Demand-2.0°C-ref,2546.017429199219,0.0021775898583147615,R10LATIN_AM
IMAGE 3.3,NAVIGATE Demand-2.0°C-tec_u,2330.084539794922,0.0019929040566188582,R10LATIN_AM
MESSAGEix-GLOBIOM 2.0-M-R12-NGFS,NGFS Phase 5-Below 2°C,2806.6758309854667,0.0015512696287231969,R10LATIN_AM
MESSAGEix-GLOBIOM 2.0-M-R12-NGFS,NGFS Phase 5-Delayed Transition,2810.1063459770803,0.0015529493569531082,R10LATIN_AM
MESSAGEix-GLOBIOM 2.0-M-R12-NGFS,NGFS Phase 5-Low Demand,1542.4059726172932,0.0008486597341133108,R10LATIN_AM
MESSAGEix-GLOBIOM 2.0-M-R12-NGFS,NGFS Phase 5-Nationally Determined Contributions (NDCs),2923.5543089433954,0.001612781551824437,R10LATIN_AM
MESSAGEix-GLOBIOM 2.0-M-R12-NGFS,NGFS Phase 5-Net-Zero 2050,2600.311687395144,0.001441956260268908,R10LATIN_AM
POLES-JRC ENGAGE,ENGAGE-INDCi2030-1000,2409.9191904067993,0.0024219052206299733,R10LATIN_AM
POLES-JRC ENGAGE,ENGAGE-INDCi2030-1000-COV,2232.2954206466675,0.0024283996768989357,R10LATIN_AM
POLES-JRC ENGAGE,ENGAGE-INDCi2030-1000-COV-NDCp,2229.495518684387,0.0024253538071822025,R10LATIN_AM
POLES-JRC ENGAGE,ENGAGE-INDCi2030-1000-NDCp,2480.7471265792847,0.0024930854282757043,R10LATIN_AM
POLES-JRC ENGAGE,ENGAGE-INDCi2030-1000f,2430.456400871277,0.00244254457544282,R10LATIN_AM
POLES-JRC ENGAGE,ENGAGE-INDCi2030-1000f-COV,2241.992030143738,0.002438948120958763,R10LATIN_AM
POLES-JRC ENGAGE,ENGAGE-INDCi2030-1000f-COV-NDCp,2246.716139793396,0.0024440872375115098,R10LATIN_AM
POLES-JRC ENGAGE,ENGAGE-INDCi2030-1000f-NDCp,2491.502046585083,0.0025038938392021736,R10LATIN_AM
POLES-JRC ENGAGE,ENGAGE-INDCi2030-1200,2482.695792198181,0.0024950437858233163,R10LATIN_AM
POLES-JRC ENGAGE,ENGAGE-INDCi2030-1200f,2505.350920677185,0.0025178115923770623,R10LATIN_AM
POLES-JRC ENGAGE,ENGAGE-INDCi2030-300f,2266.6188859939575,0.0022778921944850003,R10LATIN_AM
POLES-JRC ENGAGE,ENGAGE-INDCi2030-400f,2292.109992980957,0.002303510084635512,R10LATIN_AM
POLES-JRC ENGAGE,ENGAGE-INDCi2030-500f,2323.9969959259033,0.0023355556815210956,R10LATIN_AM
POLES-JRC ENGAGE,ENGAGE-INDCi2030-600f,2340.0118465423584,0.002351650183971634,R10LATIN_AM
POLES-JRC ENGAGE,ENGAGE-INDCi2030-600f-COV,2149.6786966323853,0.0023385251808769832,R10LATIN_AM
POLES-JRC ENGAGE,ENGAGE-INDCi2030-600f-COV-NDCp,2149.2555198669434,0.0023380648285817782,R10LATIN_AM
POLES-JRC ENGAGE,ENGAGE-INDCi2030-600f-NDCp,2389.607506752014,0.002401492514312213,R10LATIN_AM
POLES-JRC ENGAGE,ENGAGE-INDCi2030-700f,2366.905933380127,0.0023786780318661824,R10LATIN_AM
POLES-JRC ENGAGE,ENGAGE-INDCi2030-800f,2384.388970375061,0.0023962480229011724,R10LATIN_AM
POLES-JRC ENGAGE,ENGAGE-INDCi2030-900,2415.2236709594727,0.002427236083670688,R10LATIN_AM
POLES-JRC ENGAGE,ENGAGE-INDCi2030-900f,2406.2553691864014,0.002418223176943007,R10LATIN_AM
POLES-JRC ENGAGE,ENGAGE-NPi2020-1000f,2482.157947540283,0.002494503266128699,R10LATIN_AM
POLES-JRC ENGAGE,ENGAGE-NPi2020-1000f-COV,2276.279227256775,0.0024762474038498017,R10LATIN_AM
POLES-JRC ENGAGE,ENGAGE-NPi2020-1200f,2530.625256538391,0.00254321163326386,R10LATIN_AM
POLES-JRC ENGAGE,ENGAGE-NPi2020-900f,2454.8285751342773,0.0024670379677194714,R10LATIN_AM
REMIND-MAgPIE 2.1-4.2,NGFS Phase 2-Delayed Transition,2282.35005,0.0022846734692466113,R10LATIN_AM
REMIND-MAgPIE 3.2.0-4.8.0,RESCUE-End-of-Century-Budget-1150,3352.3121879000005,0.0031745176976915126,R10LATIN_AM
REMIND-MAgPIE 3.2.0-4.8.0,RESCUE-End-of-Century-Budget-1150-with-OAE,3404.36755505,0.0032220648180863506,R10LATIN_AM
REMIND-MAgPIE 3.2.0-4.8.0,RESCUE-End-of-Century-Budget-500,3312.02951045,0.003144831031537315,R10LATIN_AM
REMIND-MAgPIE 3.2.0-4.8.0,RESCUE-End-of-Century-Budget-500-with-OAE,3333.5613584000002,0.00316473762093602,R10LATIN_AM
REMIND-MAgPIE 3.2.0-4.8.0,RESCUE-Peak-Budget-1150,3259.5756872000006,0.003092939216433613,R10LATIN_AM
REMIND-MAgPIE 3.2.0-4.8.0,RESCUE-Peak-Budget-1150-with-OAE,3258.0532807500003,0.003091553239412514,R10LATIN_AM
REMIND-MAgPIE 3.3-4.8,NGFS Phase 5-Below 2°C,3594.4590022499997,0.0027568754366642917,R10LATIN_AM
REMIND-MAgPIE 3.3-4.8,NGFS Phase 5-Delayed Transition,3603.8162444,0.002766406348213046,R10LATIN_AM
REMIND-MAgPIE 3.3-4.8,NGFS Phase 5-Low Demand,1865.5769504,0.001427181484426393,R10LATIN_AM
REMIND-MAgPIE 3.3-4.8,NGFS Phase 5-Net-Zero 2050,3202.0457152000004,0.0024895144204039234,R10LATIN_AM
WITCH 5.0,ENGAGE-INDCi2030-1000,2481.9886606163905,0.001693411310027618,R10LATIN_AM
WITCH 5.0,ENGAGE-INDCi2030-1000-NDCp,2624.386553234069,0.0017945107990452193,R10LATIN_AM
WITCH 5.0,ENGAGE-INDCi2030-1000f,2505.8364106014437,0.0017343373202182407,R10LATIN_AM
WITCH 5.0,ENGAGE-INDCi2030-1000f-NDCp,2597.1558160108784,0.0017984636645528137,R10LATIN_AM
WITCH 5.0,ENGAGE-INDCi2030-1200,2581.5940862334924,0.0017723517878518928,R10LATIN_AM
WITCH 5.0,ENGAGE-INDCi2030-1200-NDCp,2658.9224816176875,0.0018272226158803449,R10LATIN_AM
WITCH 5.0,ENGAGE-INDCi2030-1200f,2549.778927862591,0.0017585439115760846,R10LATIN_AM
WITCH 5.0,ENGAGE-INDCi2030-1200f-NDCp,2659.8014283847997,0.0018361167982990374,R10LATIN_AM
WITCH 5.0,ENGAGE-INDCi2030-1400,2656.5367922106984,0.0018253434907936886,R10LATIN_AM
WITCH 5.0,ENGAGE-INDCi2030-1400-NDCp,2766.242500281224,0.0018986824941996001,R10LATIN_AM
WITCH 5.0,ENGAGE-INDCi2030-1400f,2613.778840896683,0.0017967861423804892,R10LATIN_AM
WITCH 5.0,ENGAGE-INDCi2030-1400f-NDCp,2704.2512230089087,0.001859856893048626,R10LATIN_AM
WITCH 5.0,ENGAGE-INDCi2030-1600-NDCp,2820.573520593127,0.001932040956026666,R10LATIN_AM
WITCH 5.0,ENGAGE-INDCi2030-500f,2371.69559706085,0.0016653308936732422,R10LATIN_AM
WITCH 5.0,ENGAGE-INDCi2030-600f,2394.4565818612705,0.0016741061495538468,R10LATIN_AM
WITCH 5.0,ENGAGE-INDCi2030-600f-NDCp,2475.795003331803,0.0017307866444579677,R10LATIN_AM
WITCH 5.0,ENGAGE-INDCi2030-700f,2423.442130668982,0.0016881942183048565,R10LATIN_AM
WITCH 5.0,ENGAGE-INDCi2030-700f-NDCp,2507.532409162667,0.0017466437659887238,R10LATIN_AM
WITCH 5.0,ENGAGE-INDCi2030-800,2410.9935124676963,0.0016674645599808495,R10LATIN_AM
WITCH 5.0,ENGAGE-INDCi2030-800-NDCp,2510.8530302939203,0.0017326580694015427,R10LATIN_AM
WITCH 5.0,ENGAGE-INDCi2030-800f,2450.366308521057,0.0017018784804621898,R10LATIN_AM
WITCH 5.0,ENGAGE-INDCi2030-800f-NDCp,2538.5051794197802,0.0017640892325618684,R10LATIN_AM
WITCH 5.0,ENGAGE-INDCi2030-900,2480.668219630966,0.0017174769346589246,R10LATIN_AM
WITCH 5.0,ENGAGE-INDCi2030-900-NDCp,2556.8892450175927,0.0017555947022667863,R10LATIN_AM
WITCH 5.0,ENGAGE-INDCi2030-900f,2470.767507015339,0.0017127967555892682,R10LATIN_AM
WITCH 5.0,ENGAGE-INDCi2030-900f-NDCp,2577.17763078952,0.0017873737210068242,R10LATIN_AM
IMAGE 3.0,ENGAGE-INDCi2030-1000,5142.577970703124,0.002139059272146765,R10INDIA+
IMAGE 3.0,ENGAGE-INDCi2030-1000f,4996.1309296875,0.002078144512516957,R10INDIA+
IMAGE 3.0,ENGAGE-INDCi2030-1200,5281.8587241210935,0.002196993208924696,R10INDIA+
IMAGE 3.0,ENGAGE-INDCi2030-1200f,5240.479708496094,0.0021797815754698007,R10INDIA+
IMAGE 3.0,ENGAGE-INDCi2030-1400f,5458.518064453126,0.00227047479775064,R10INDIA+
IMAGE 3.0,ENGAGE-INDCi2030-800f,4902.590602539063,0.002039236341314421,R10INDIA+
IMAGE 3.0,ENGAGE-NPi2020-1000,5225.772179199219,0.002173663967318388,R10INDIA+
IMAGE 3.0,ENGAGE-NPi2020-1200,5341.82432421875,0.0022219359465223527,R10INDIA+
IMAGE 3.0,ENGAGE-NPi2020-1400,5498.127500488282,0.002286950373210689,R10INDIA+
IMAGE 3.0,ENGAGE-NPi2020-1400f,5470.694603027344,0.00227553963835942,R10INDIA+
IMAGE 3.2,SSP2021-SSP1-SPA1-19-Default,3668.5017792968747,0.0016880803867926778,R10INDIA+
IMAGE 3.2,SSP2021-SSP1-SPA1-19-Lifestyle-Renewables,3787.019210937501,0.002202832708228544,R10INDIA+
IMAGE 3.2,SSP2021-SSP1-SPA1-19-Renewables,3703.3099062499996,0.0017040975294698776,R10INDIA+
IMAGE 3.2,SSP2021-SSP1-SPA1-26-Default,3985.94022265625,0.0018341513559477385,R10INDIA+
IMAGE 3.2,SSP2021-SSP1-SPA1-26-Lifestyle,3662.46422265625,0.0016853021733523282,R10INDIA+
IMAGE 3.2,SSP2021-SSP1-SPA1-26-Lifestyle-Renewables,4094.1891601562497,0.0023815072734828494,R10INDIA+
IMAGE 3.2,SSP2021-SSP1-SPA1-26-Renewables,3995.870597656251,0.0018387208702289094,R10INDIA+
IMAGE 3.2,SSP2021-SSP2-SPA0-26-Default,4434.02680859375,0.002639182371923034,R10INDIA+
IMAGE 3.2,SSP2021-SSP2-SPA2-19-Renewables,4202.565019531249,0.0024445473254382567,R10INDIA+
IMAGE 3.2,SSP2021-SSP2-SPA2-26-Default,4462.396373046875,0.002595685984173981,R10INDIA+
IMAGE 3.2,SSP2021-SSP2-SPA2-26-Lifestyle,3985.6443437500006,0.002318368942629451,R10INDIA+
IMAGE 3.2,SSP2021-SSP2-SPA2-26-Lifestyle-Renewables,3967.903310546875,0.0023080493413703018,R10INDIA+
IMAGE 3.2,SSP2021-SSP2-SPA2-26-Renewables,4393.93678125,0.0025558644201410913,R10INDIA+
IMAGE 3.3,NAVIGATE Demand-1.5°C-ele_u,3841.801423828125,0.0022979852836387373,R10INDIA+
IMAGE 3.3,NAVIGATE Demand-1.5°C-tec_u,3616.42632421875,0.0021631764778038713,R10INDIA+
IMAGE 3.3,NAVIGATE Demand-2.0°C-ele_u,4090.53589453125,0.0024467665688098746,R10INDIA+
IMAGE 3.3,NAVIGATE Demand-2.0°C-ref,4124.97980859375,0.002467369301459099,R10INDIA+
IMAGE 3.3,NAVIGATE Demand-2.0°C-tec_u,3884.6038007812504,0.0023235876564560785,R10INDIA+
MESSAGEix-GLOBIOM 2.0-M-R12-NGFS,NGFS Phase 5-Below 2°C,5995.521975494658,0.0014749195348683916,R10INDIA+
MESSAGEix-GLOBIOM 2.0-M-R12-NGFS,NGFS Phase 5-Delayed Transition,6030.783368905996,0.0014834981610348992,R10INDIA+
MESSAGEix-GLOBIOM 2.0-M-R12-NGFS,NGFS Phase 5-Low Demand,3186.0409270198,0.0007787166706486168,R10INDIA+
MESSAGEix-GLOBIOM 2.0-M-R12-NGFS,NGFS Phase 5-Nationally Determined Contributions (NDCs),5948.339640178465,0.001458645621153221,R10INDIA+
MESSAGEix-GLOBIOM 2.0-M-R12-NGFS,NGFS Phase 5-Net-Zero 2050,5442.404103360487,0.0013436106589620076,R10INDIA+
POLES-JRC ENGAGE,ENGAGE-INDCi2030-1000,4634.68607711792,0.0026510428616939898,R10INDIA+
POLES-JRC ENGAGE,ENGAGE-INDCi2030-1000-COV,4003.001678466797,0.0027140292947033682,R10INDIA+
POLES-JRC ENGAGE,ENGAGE-INDCi2030-1000-COV-NDCp,4002.331531524658,0.0027135749360548307,R10INDIA+
POLES-JRC ENGAGE,ENGAGE-INDCi2030-1000-NDCp,4823.703159332275,0.00275916073164349,R10INDIA+
POLES-JRC ENGAGE,ENGAGE-INDCi2030-1000f,4475.61124420166,0.0025600519740134036,R10INDIA+
POLES-JRC ENGAGE,ENGAGE-INDCi2030-1000f-COV,3980.003911972046,0.0026984368425904304,R10INDIA+
POLES-JRC ENGAGE,ENGAGE-INDCi2030-1000f-COV-NDCp,4006.5170764923096,0.0027164127294331377,R10INDIA+
POLES-JRC ENGAGE,ENGAGE-INDCi2030-1000f-NDCp,4648.139600753784,0.0026587382842546627,R10INDIA+
POLES-JRC ENGAGE,ENGAGE-INDCi2030-1200,4656.133310317993,0.002663310690308932,R10INDIA+
POLES-JRC ENGAGE,ENGAGE-INDCi2030-1200f,4668.958059310913,0.0026706464534447688,R10INDIA+
POLES-JRC ENGAGE,ENGAGE-INDCi2030-300f,4574.452209472656,0.00261658905787725,R10INDIA+
POLES-JRC ENGAGE,ENGAGE-INDCi2030-400f,4529.739583969116,0.0025910134126886837,R10INDIA+
POLES-JRC ENGAGE,ENGAGE-INDCi2030-500f,4195.67587852478,0.0023999287983408717,R10INDIA+
POLES-JRC ENGAGE,ENGAGE-INDCi2030-600f,4187.971727371216,0.0023955220198490328,R10INDIA+
POLES-JRC ENGAGE,ENGAGE-INDCi2030-600f-COV,3786.119602203369,0.0025669835635857923,R10INDIA+
POLES-JRC ENGAGE,ENGAGE-INDCi2030-600f-COV-NDCp,3777.085012435913,0.0025608581249115087,R10INDIA+
POLES-JRC ENGAGE,ENGAGE-INDCi2030-600f-NDCp,4274.511381149292,0.002445022747100986,R10INDIA+
POLES-JRC ENGAGE,ENGAGE-INDCi2030-700f,4216.01487159729,0.0024115627130228455,R10INDIA+
POLES-JRC ENGAGE,ENGAGE-INDCi2030-800f,4301.436771392822,0.002460424084411802,R10INDIA+
POLES-JRC ENGAGE,ENGAGE-INDCi2030-900,5658.130462646484,0.003236453585840272,R10INDIA+
POLES-JRC ENGAGE,ENGAGE-INDCi2030-900f,4368.664794921875,0.00249887854905449,R10INDIA+
POLES-JRC ENGAGE,ENGAGE-NPi2020-1000f,4652.767286300659,0.002661385322809394,R10INDIA+
POLES-JRC ENGAGE,ENGAGE-NPi2020-1000f-COV,4065.296060562134,0.0027562647948310985,R10INDIA+
POLES-JRC ENGAGE,ENGAGE-NPi2020-1200f,4771.857229232788,0.0027295048324927967,R10INDIA+
POLES-JRC ENGAGE,ENGAGE-NPi2020-900f,4573.527500152588,0.0026160601236622206,R10INDIA+
REMIND-MAgPIE 2.1-4.2,NGFS Phase 2-Delayed Transition,3748.05205,0.0033936394747318605,R10INDIA+
REMIND-MAgPIE 3.2.0-4.8.0,RESCUE-End-of-Century-Budget-1150,4717.86722965,0.005625060327444752,R10INDIA+
REMIND-MAgPIE 3.2.0-4.8.0,RESCUE-End-of-Century-Budget-1150-with-OAE,4754.339797300001,0.005665552114499545,R10INDIA+
REMIND-MAgPIE 3.2.0-4.8.0,RESCUE-End-of-Century-Budget-500,4422.563255200001,0.005262750016191418,R10INDIA+
REMIND-MAgPIE 3.2.0-4.8.0,RESCUE-End-of-Century-Budget-500-with-OAE,4470.766197999999,0.00531426531256697,R10INDIA+
REMIND-MAgPIE 3.2.0-4.8.0,RESCUE-Peak-Budget-1150,4706.751130750001,0.00559484144959163,R10INDIA+
REMIND-MAgPIE 3.2.0-4.8.0,RESCUE-Peak-Budget-1150-with-OAE,4710.233603900001,0.0055979772553513465,R10INDIA+
REMIND-MAgPIE 3.3-4.8,NGFS Phase 5-Below 2°C,4648.74394815,0.0041160034243595866,R10INDIA+
REMIND-MAgPIE 3.3-4.8,NGFS Phase 5-Delayed Transition,4559.44060475,0.00409654984195301,R10INDIA+
REMIND-MAgPIE 3.3-4.8,NGFS Phase 5-Low Demand,3318.7130864000005,0.002944238751941554,R10INDIA+
REMIND-MAgPIE 3.3-4.8,NGFS Phase 5-Net-Zero 2050,4169.4187886,0.0037507191151746446,R10INDIA+
WITCH 5.0,ENGAGE-INDCi2030-1000,2669.0672887279825,0.0020931285809822164,R10INDIA+
WITCH 5.0,ENGAGE-INDCi2030-1000-NDCp,2665.3385763027554,0.0020850630417944735,R10INDIA+
WITCH 5.0,ENGAGE-INDCi2030-1000f,2695.1788056044797,0.0020976108910996404,R10INDIA+
WITCH 5.0,ENGAGE-INDCi2030-1000f-NDCp,2742.192916107944,0.0021315346286327223,R10INDIA+
WITCH 5.0,ENGAGE-INDCi2030-1200,2763.3551985175322,0.002150712629044676,R10INDIA+
WITCH 5.0,ENGAGE-INDCi2030-1200-NDCp,2776.4082274028597,0.0021580097682919485,R10INDIA+
WITCH 5.0,ENGAGE-INDCi2030-1200f,2830.767836423558,0.002192388657256853,R10INDIA+
WITCH 5.0,ENGAGE-INDCi2030-1200f-NDCp,2857.3984399677365,0.002211232554241975,R10INDIA+
WITCH 5.0,ENGAGE-INDCi2030-1400,2890.3079468183496,0.0022351409302820277,R10INDIA+
WITCH 5.0,ENGAGE-INDCi2030-1400-NDCp,2950.6156819235457,0.002281034988668697,R10INDIA+
WITCH 5.0,ENGAGE-INDCi2030-1400f,2980.222136552356,0.0022998915464228103,R10INDIA+
WITCH 5.0,ENGAGE-INDCi2030-1400f-NDCp,3016.0372315628065,0.0023261494666517654,R10INDIA+
WITCH 5.0,ENGAGE-INDCi2030-1600-NDCp,3083.366364410981,0.002373817595565649,R10INDIA+
WITCH 5.0,ENGAGE-INDCi2030-500f,2268.6641186597208,0.0018207411180558915,R10INDIA+
WITCH 5.0,ENGAGE-INDCi2030-600f,2361.424668236059,0.0018758503214906213,R10INDIA+
WITCH 5.0,ENGAGE-INDCi2030-600f-NDCp,2401.351839184996,0.0019009269501497144,R10INDIA+
WITCH 5.0,ENGAGE-INDCi2030-700f,2456.028491952306,0.0019359443061025257,R10INDIA+
WITCH 5.0,ENGAGE-INDCi2030-700f-NDCp,2500.203361366209,0.001965535842405891,R10INDIA+
WITCH 5.0,ENGAGE-INDCi2030-800,2480.9522800925174,0.0019540485439776614,R10INDIA+
WITCH 5.0,ENGAGE-INDCi2030-800-NDCp,2500.461777654564,0.00196864074528915,R10INDIA+
WITCH 5.0,ENGAGE-INDCi2030-800f,2548.8528995732345,0.0019968275938915116,R10INDIA+
WITCH 5.0,ENGAGE-INDCi2030-800f-NDCp,2590.747847968213,0.0020265680511258205,R10INDIA+
WITCH 5.0,ENGAGE-INDCi2030-900,2562.759911062407,0.002005144344414197,R10INDIA+
WITCH 5.0,ENGAGE-INDCi2030-900-NDCp,2625.0202424433564,0.0020535671604168105,R10INDIA+
WITCH 5.0,ENGAGE-INDCi2030-900f,2625.924413315949,0.002049642613266573,R10INDIA+
WITCH 5.0,ENGAGE-INDCi2030-900f-NDCp,2651.6864260887287,0.002067074654753296,R10INDIA+
IMAGE 3.0,ENGAGE-INDCi2030-1000,4483.3494112548815,0.0016380012199376534,R10AFRICA
IMAGE 3.0,ENGAGE-INDCi2030-1000f,4294.05159765625,0.001568840862097219,R10AFRICA
IMAGE 3.0,ENGAGE-INDCi2030-1200,4590.043322021484,0.0016769820666137766,R10AFRICA
IMAGE 3.0,ENGAGE-INDCi2030-1200f,4525.771201660156,0.001653500111070551,R10AFRICA
IMAGE 3.0,ENGAGE-INDCi2030-1400f,4693.01923022461,0.0017146045331646708,R10AFRICA
IMAGE 3.0,ENGAGE-INDCi2030-800f,4226.692805908203,0.0015442311846137178,R10AFRICA
IMAGE 3.0,ENGAGE-NPi2020-1000,4558.770052124023,0.0016655563111027552,R10AFRICA
IMAGE 3.0,ENGAGE-NPi2020-1200,4652.907323242187,0.0016999495628413019,R10AFRICA
IMAGE 3.0,ENGAGE-NPi2020-1400,4757.5793125,0.0017381916962041818,R10AFRICA
IMAGE 3.0,ENGAGE-NPi2020-1400f,4747.108195312499,0.0017343660513226612,R10AFRICA
IMAGE 3.2,SSP2021-SSP1-SPA1-19-Default,3835.6622983398443,0.0009065972392400875,R10AFRICA
IMAGE 3.2,SSP2021-SSP1-SPA1-19-Lifestyle-Renewables,4149.215252197266,0.0013443962940820576,R10AFRICA
IMAGE 3.2,SSP2021-SSP1-SPA1-19-Renewables,3906.1098806152345,0.0009232482315940419,R10AFRICA
IMAGE 3.2,SSP2021-SSP1-SPA1-26-Default,4116.746240478516,0.0009730342470152339,R10AFRICA
IMAGE 3.2,SSP2021-SSP1-SPA1-26-Lifestyle,3897.275267578125,0.0009211600822299373,R10AFRICA
IMAGE 3.2,SSP2021-SSP1-SPA1-26-Lifestyle-Renewables,4387.430346679688,0.0014215808870112823,R10AFRICA
IMAGE 3.2,SSP2021-SSP1-SPA1-26-Renewables,4163.846126464844,0.0009841667772753169,R10AFRICA
IMAGE 3.2,SSP2021-SSP2-SPA0-26-Default,4112.285678222656,0.0019865170460852317,R10AFRICA
IMAGE 3.2,SSP2021-SSP2-SPA2-19-Renewables,4496.687492187501,0.00145698153330094,R10AFRICA
IMAGE 3.2,SSP2021-SSP2-SPA2-26-Default,4946.27134375,0.0016026521787560494,R10AFRICA
IMAGE 3.2,SSP2021-SSP2-SPA2-26-Lifestyle,4559.711922119141,0.0014774022164631018,R10AFRICA
IMAGE 3.2,SSP2021-SSP2-SPA2-26-Lifestyle-Renewables,4330.401585449219,0.001403102873557116,R10AFRICA
IMAGE 3.2,SSP2021-SSP2-SPA2-26-Renewables,4641.955001708984,0.0015040499762668212,R10AFRICA
IMAGE 3.3,NAVIGATE Demand-1.5°C-ele_u,3584.1001730957028,0.001735250655585819,R10AFRICA
IMAGE 3.3,NAVIGATE Demand-1.5°C-tec_u,3522.874099243165,0.0017056079057572624,R10AFRICA
IMAGE 3.3,NAVIGATE Demand-2.0°C-ele_u,3735.7642790527343,0.001808679194572067,R10AFRICA
IMAGE 3.3,NAVIGATE Demand-2.0°C-ref,3943.7606260986327,0.0019093811225706662,R10AFRICA
IMAGE 3.3,NAVIGATE Demand-2.0°C-tec_u,3696.2633208007815,0.0017895547113286855,R10AFRICA
MESSAGEix-GLOBIOM 2.0-M-R12-NGFS,NGFS Phase 5-Below 2°C,3723.3423998818307,0.0019396985760342857,R10AFRICA
MESSAGEix-GLOBIOM 2.0-M-R12-NGFS,NGFS Phase 5-Delayed Transition,3720.144186455689,0.001938345465457563,R10AFRICA
MESSAGEix-GLOBIOM 2.0-M-R12-NGFS,NGFS Phase 5-Low Demand,1588.4718341409014,0.0008205340514795316,R10AFRICA
MESSAGEix-GLOBIOM 2.0-M-R12-NGFS,NGFS Phase 5-Nationally Determined Contributions (NDCs),3745.783491209995,0.0019452671068934516,R10AFRICA
MESSAGEix-GLOBIOM 2.0-M-R12-NGFS,NGFS Phase 5-Net-Zero 2050,3457.9576459487325,0.0018104752357975902,R10AFRICA
POLES-JRC ENGAGE,ENGAGE-INDCi2030-1000,3902.0898866653442,0.0014561661860646661,R10AFRICA
POLES-JRC ENGAGE,ENGAGE-INDCi2030-1000-COV,3454.73451423645,0.001634538488139566,R10AFRICA
POLES-JRC ENGAGE,ENGAGE-INDCi2030-1000-COV-NDCp,3450.3198499679565,0.0016324497781014047,R10AFRICA
POLES-JRC ENGAGE,ENGAGE-INDCi2030-1000-NDCp,4063.6600704193115,0.0015164602964240362,R10AFRICA
POLES-JRC ENGAGE,ENGAGE-INDCi2030-1000f,3711.4565925598145,0.0013850264212521698,R10AFRICA
POLES-JRC ENGAGE,ENGAGE-INDCi2030-1000f-COV,3371.1271781921387,0.001594981350509426,R10AFRICA
POLES-JRC ENGAGE,ENGAGE-INDCi2030-1000f-COV-NDCp,3393.7043142318726,0.001605663270540281,R10AFRICA
POLES-JRC ENGAGE,ENGAGE-INDCi2030-1000f-NDCp,3836.0917568206787,0.0014315372698134733,R10AFRICA
POLES-JRC ENGAGE,ENGAGE-INDCi2030-1200,3943.047466278076,0.0014714505706450737,R10AFRICA
POLES-JRC ENGAGE,ENGAGE-INDCi2030-1200f,3896.1379356384277,0.0014539450609552403,R10AFRICA
POLES-JRC ENGAGE,ENGAGE-INDCi2030-300f,3285.609154701233,0.0012261103897299255,R10AFRICA
POLES-JRC ENGAGE,ENGAGE-INDCi2030-400f,3313.365058898926,0.001236468226256052,R10AFRICA
POLES-JRC ENGAGE,ENGAGE-INDCi2030-500f,3384.1481437683105,0.0012628827727492972,R10AFRICA
POLES-JRC ENGAGE,ENGAGE-INDCi2030-600f,3432.6398277282715,0.0012809787040422005,R10AFRICA
POLES-JRC ENGAGE,ENGAGE-INDCi2030-600f-COV,3141.2318754196167,0.0014862109894076736,R10AFRICA
POLES-JRC ENGAGE,ENGAGE-INDCi2030-600f-COV-NDCp,3126.9389181137085,0.0014794485627350684,R10AFRICA
POLES-JRC ENGAGE,ENGAGE-INDCi2030-600f-NDCp,3415.6391820907593,0.001274634471582766,R10AFRICA
POLES-JRC ENGAGE,ENGAGE-INDCi2030-700f,3511.7091398239136,0.0013104854714343435,R10AFRICA
POLES-JRC ENGAGE,ENGAGE-INDCi2030-800f,3557.532594680786,0.0013275856837383357,R10AFRICA
POLES-JRC ENGAGE,ENGAGE-INDCi2030-900,4013.5144653320312,0.0014977471615069285,R10AFRICA
POLES-JRC ENGAGE,ENGAGE-INDCi2030-900f,3643.4647912979126,0.0013596535147321152,R10AFRICA
POLES-JRC ENGAGE,ENGAGE-NPi2020-1000f,3843.6886348724365,0.0014343722421641693,R10AFRICA
POLES-JRC ENGAGE,ENGAGE-NPi2020-1000f-COV,3456.710196495056,0.0016354732426565103,R10AFRICA
POLES-JRC ENGAGE,ENGAGE-NPi2020-1200f,3960.1261253356934,0.0014778239158383802,R10AFRICA
POLES-JRC ENGAGE,ENGAGE-NPi2020-900f,3771.947232246399,0.0014076000745106552,R10AFRICA
REMIND-MAgPIE 2.1-4.2,NGFS Phase 2-Delayed Transition,2902.02515,0.0026612782611962465,R10AFRICA
REMIND-MAgPIE 3.2.0-4.8.0,RESCUE-End-of-Century-Budget-1150,5453.425078200001,0.003664548302197249,R10AFRICA
REMIND-MAgPIE 3.2.0-4.8.0,RESCUE-End-of-Century-Budget-1150-with-OAE,5537.746907050001,0.0037191568759766492,R10AFRICA
REMIND-MAgPIE 3.2.0-4.8.0,RESCUE-End-of-Century-Budget-500,4867.02077545,0.003269951967608125,R10AFRICA
REMIND-MAgPIE 3.2.0-4.8.0,RESCUE-End-of-Century-Budget-500-with-OAE,5042.357158549999,0.003384125873976669,R10AFRICA
REMIND-MAgPIE 3.2.0-4.8.0,RESCUE-Peak-Budget-1150,5525.81505385,0.003707813923469805,R10AFRICA
REMIND-MAgPIE 3.2.0-4.8.0,RESCUE-Peak-Budget-1150-with-OAE,5523.3294601,0.0037062730756328706,R10AFRICA
REMIND-MAgPIE 3.3-4.8,NGFS Phase 5-Below 2°C,4764.874884250001,0.004328119369222358,R10AFRICA
REMIND-MAgPIE 3.3-4.8,NGFS Phase 5-Delayed Transition,4818.7898102,0.004413420720620728,R10AFRICA
REMIND-MAgPIE 3.3-4.8,NGFS Phase 5-Low Demand,2835.6953654999998,0.0025411014050225316,R10AFRICA
REMIND-MAgPIE 3.3-4.8,NGFS Phase 5-Net-Zero 2050,4368.857012199999,0.0040303547667789085,R10AFRICA
WITCH 5.0,ENGAGE-INDCi2030-1000,1941.9962328972485,0.0009841128780334655,R10AFRICA
WITCH 5.0,ENGAGE-INDCi2030-1000-NDCp,1933.0956468641905,0.0009802953625954072,R10AFRICA
WITCH 5.0,ENGAGE-INDCi2030-1000f,1985.5141760868587,0.001006638076023583,R10AFRICA
WITCH 5.0,ENGAGE-INDCi2030-1000f-NDCp,1928.630905036216,0.0009773926986326631,R10AFRICA
WITCH 5.0,ENGAGE-INDCi2030-1200,2009.902111294638,0.0010164255022667413,R10AFRICA
WITCH 5.0,ENGAGE-INDCi2030-1200-NDCp,1946.3503202644595,0.000984117200383178,R10AFRICA
WITCH 5.0,ENGAGE-INDCi2030-1200f,1953.4701394991894,0.0009871144709569597,R10AFRICA
WITCH 5.0,ENGAGE-INDCi2030-1200f-NDCp,1916.6930798062083,0.0009685278580391279,R10AFRICA
WITCH 5.0,ENGAGE-INDCi2030-1400,2023.5902729149018,0.0010204294360540674,R10AFRICA
WITCH 5.0,ENGAGE-INDCi2030-1400-NDCp,1953.994668215891,0.0009847865578664523,R10AFRICA
WITCH 5.0,ENGAGE-INDCi2030-1400f,1938.4065755176762,0.0009766795947781842,R10AFRICA
WITCH 5.0,ENGAGE-INDCi2030-1400f-NDCp,1885.733017384206,0.0009498165638873092,R10AFRICA
WITCH 5.0,ENGAGE-INDCi2030-1600-NDCp,1971.8088230578635,0.0009910462017459958,R10AFRICA
WITCH 5.0,ENGAGE-INDCi2030-500f,2101.0579531545454,0.0010819341485526594,R10AFRICA
WITCH 5.0,ENGAGE-INDCi2030-600f,2082.9356322694107,0.0010678501152448867,R10AFRICA
WITCH 5.0,ENGAGE-INDCi2030-600f-NDCp,2029.001761250035,0.001038834738594226,R10AFRICA
WITCH 5.0,ENGAGE-INDCi2030-700f,2060.9067463150527,0.0010524471905650284,R10AFRICA
WITCH 5.0,ENGAGE-INDCi2030-700f-NDCp,2011.315102043489,0.0010260863987044237,R10AFRICA
WITCH 5.0,ENGAGE-INDCi2030-800,1915.7779509170336,0.0009769227845315503,R10AFRICA
WITCH 5.0,ENGAGE-INDCi2030-800-NDCp,1886.1303420215197,0.0009618979931617173,R10AFRICA
WITCH 5.0,ENGAGE-INDCi2030-800f,2052.24567101914,0.0010449082761890206,R10AFRICA
WITCH 5.0,ENGAGE-INDCi2030-800f-NDCp,1984.1706495142691,0.0010095800506872078,R10AFRICA
WITCH 5.0,ENGAGE-INDCi2030-900,1956.138984132796,0.0009953874727696974,R10AFRICA
WITCH 5.0,ENGAGE-INDCi2030-900-NDCp,1853.6936757892445,0.0009414165855278348,R10AFRICA
WITCH 5.0,ENGAGE-INDCi2030-900f,2018.589829334747,0.0010252841977683952,R10AFRICA
WITCH 5.0,ENGAGE-INDCi2030-900f-NDCp,1953.4048754735393,0.000991755187670114,R10AFRICA
IMAGE 3.0,ENGAGE-INDCi2030-1000,5412.686357421875,0.0015735269994303707,R10CHINA+
IMAGE 3.0,ENGAGE-INDCi2030-1000f,5517.53036328125,0.0016040062962257501,R10CHINA+
IMAGE 3.0,ENGAGE-INDCi2030-1200,5644.816271484375,0.001641009698968641,R10CHINA+
IMAGE 3.0,ENGAGE-INDCi2030-1200f,5762.383513671876,0.0016751877794289908,R10CHINA+
IMAGE 3.0,ENGAGE-INDCi2030-1400f,6022.283386718749,0.001750743509131861,R10CHINA+
IMAGE 3.0,ENGAGE-INDCi2030-800f,5293.750283203124,0.001538950984558783,R10CHINA+
IMAGE 3.0,ENGAGE-NPi2020-1000,5442.173826171875,0.0015820993284291424,R10CHINA+
IMAGE 3.0,ENGAGE-NPi2020-1200,5679.097230468751,0.001650975547895822,R10CHINA+
IMAGE 3.0,ENGAGE-NPi2020-1400,5919.99648046875,0.0017210075891017115,R10CHINA+
IMAGE 3.0,ENGAGE-NPi2020-1400f,5952.700078125,0.0017305148818751153,R10CHINA+
IMAGE 3.2,SSP2021-SSP1-SPA1-19-Default,5427.86733203125,0.0017213529705526252,R10CHINA+
IMAGE 3.2,SSP2021-SSP1-SPA1-19-Lifestyle-Renewables,5571.08972265625,0.002062409002784566,R10CHINA+
IMAGE 3.2,SSP2021-SSP1-SPA1-19-Renewables,5385.551378906251,0.0017079332078433135,R10CHINA+
IMAGE 3.2,SSP2021-SSP1-SPA1-26-Default,5726.763230468749,0.0018161425649159868,R10CHINA+
IMAGE 3.2,SSP2021-SSP1-SPA1-26-Lifestyle,5424.2788828124985,0.0017202149567905859,R10CHINA+
IMAGE 3.2,SSP2021-SSP1-SPA1-26-Lifestyle-Renewables,5997.241621093749,0.0022201697920816695,R10CHINA+
IMAGE 3.2,SSP2021-SSP1-SPA1-26-Renewables,5713.4993203125,0.0018119361483343091,R10CHINA+
IMAGE 3.2,SSP2021-SSP2-SPA0-26-Default,5954.934902343752,0.0022157406173643696,R10CHINA+
IMAGE 3.2,SSP2021-SSP2-SPA2-19-Renewables,6003.408148437502,0.002222452631192652,R10CHINA+
IMAGE 3.2,SSP2021-SSP2-SPA2-26-Default,6328.749828125,0.002342893629735506,R10CHINA+
IMAGE 3.2,SSP2021-SSP2-SPA2-26-Lifestyle,5789.5515820312485,0.002143283253240046,R10CHINA+
IMAGE 3.2,SSP2021-SSP2-SPA2-26-Lifestyle-Renewables,5880.04914453125,0.0021767853142230223,R10CHINA+
IMAGE 3.2,SSP2021-SSP2-SPA2-26-Renewables,6348.881941406251,0.002350346507672021,R10CHINA+
IMAGE 3.3,NAVIGATE Demand-1.5°C-ele_u,6168.534939453124,0.002307348009843833,R10CHINA+
IMAGE 3.3,NAVIGATE Demand-1.5°C-tec_u,5621.244234375,0.0021026332547905056,R10CHINA+
IMAGE 3.3,NAVIGATE Demand-2.0°C-ele_u,6459.481158203123,0.002416176797456069,R10CHINA+
IMAGE 3.3,NAVIGATE Demand-2.0°C-ref,6399.170509765625,0.002393617525925544,R10CHINA+
IMAGE 3.3,NAVIGATE Demand-2.0°C-tec_u,5981.861687500001,0.002237522652508125,R10CHINA+
MESSAGEix-GLOBIOM 2.0-M-R12-NGFS,NGFS Phase 5-Below 2°C,7564.221263460624,0.0014829571740434823,R10CHINA+
MESSAGEix-GLOBIOM 2.0-M-R12-NGFS,NGFS Phase 5-Delayed Transition,7703.605886084553,0.0015099749490922428,R10CHINA+
MESSAGEix-GLOBIOM 2.0-M-R12-NGFS,NGFS Phase 5-Low Demand,5486.900006666394,0.0010713836056163786,R10CHINA+
MESSAGEix-GLOBIOM 2.0-M-R12-NGFS,NGFS Phase 5-Nationally Determined Contributions (NDCs),8249.072687927028,0.0016136022024728085,R10CHINA+
MESSAGEix-GLOBIOM 2.0-M-R12-NGFS,NGFS Phase 5-Net-Zero 2050,7342.259418175144,0.0014445373533670388,R10CHINA+
POLES-JRC ENGAGE,ENGAGE-INDCi2030-1000,6932.555625915527,0.0024688043562584375,R10CHINA+
POLES-JRC ENGAGE,ENGAGE-INDCi2030-1000-COV,6987.506633758545,0.002501110149001276,R10CHINA+
POLES-JRC ENGAGE,ENGAGE-INDCi2030-1000-COV-NDCp,6978.456493377686,0.002497870739131224,R10CHINA+
POLES-JRC ENGAGE,ENGAGE-INDCi2030-1000-NDCp,7094.8030433654785,0.0025265835004307166,R10CHINA+
POLES-JRC ENGAGE,ENGAGE-INDCi2030-1000f,7105.710735321045,0.002530467920386319,R10CHINA+
POLES-JRC ENGAGE,ENGAGE-INDCi2030-1000f-COV,7083.391334533691,0.002535431146577728,R10CHINA+
POLES-JRC ENGAGE,ENGAGE-INDCi2030-1000f-COV-NDCp,7133.75382232666,0.0025534579100500356,R10CHINA+
POLES-JRC ENGAGE,ENGAGE-INDCi2030-1000f-NDCp,7198.111213684082,0.002563373347448493,R10CHINA+
POLES-JRC ENGAGE,ENGAGE-INDCi2030-1200,7367.019454956055,0.0026235245275272145,R10CHINA+
POLES-JRC ENGAGE,ENGAGE-INDCi2030-1200f,7454.841480255127,0.002654799487344815,R10CHINA+
POLES-JRC ENGAGE,ENGAGE-INDCi2030-300f,6081.726287841797,0.00216580914213904,R10CHINA+
POLES-JRC ENGAGE,ENGAGE-INDCi2030-400f,6259.1671714782715,0.002228998945458104,R10CHINA+
POLES-JRC ENGAGE,ENGAGE-INDCi2030-500f,6482.556911468506,0.002308551940484884,R10CHINA+
POLES-JRC ENGAGE,ENGAGE-INDCi2030-600f,6577.345249176025,0.0023423077260396395,R10CHINA+
POLES-JRC ENGAGE,ENGAGE-INDCi2030-600f-COV,6499.143943786621,0.002326305466257765,R10CHINA+
POLES-JRC ENGAGE,ENGAGE-INDCi2030-600f-COV-NDCp,6493.838569641113,0.002324406459098978,R10CHINA+
POLES-JRC ENGAGE,ENGAGE-INDCi2030-600f-NDCp,6628.450328826904,0.0023605071390811125,R10CHINA+
POLES-JRC ENGAGE,ENGAGE-INDCi2030-700f,6770.774848937988,0.002411191390923121,R10CHINA+
POLES-JRC ENGAGE,ENGAGE-INDCi2030-800f,6891.392673492432,0.002454145508678664,R10CHINA+
POLES-JRC ENGAGE,ENGAGE-INDCi2030-900,6894.541820526123,0.002455266975037507,R10CHINA+
POLES-JRC ENGAGE,ENGAGE-INDCi2030-900f,7024.402626037598,0.0025015126800348787,R10CHINA+
POLES-JRC ENGAGE,ENGAGE-NPi2020-1000f,7424.6797523498535,0.0026440583683025876,R10CHINA+
POLES-JRC ENGAGE,ENGAGE-NPi2020-1000f-COV,7407.1040115356445,0.002651300955974167,R10CHINA+
POLES-JRC ENGAGE,ENGAGE-NPi2020-1200f,7705.303195953369,0.002743993286595452,R10CHINA+
POLES-JRC ENGAGE,ENGAGE-NPi2020-900f,7253.858570098877,0.002583225956470806,R10CHINA+
REMIND-MAgPIE 2.1-4.2,NGFS Phase 2-Delayed Transition,5388.14345,0.0026815686422442015,R10CHINA+
REMIND-MAgPIE 3.2.0-4.8.0,RESCUE-End-of-Century-Budget-1150,6470.319928849999,0.003317841590390832,R10CHINA+
REMIND-MAgPIE 3.2.0-4.8.0,RESCUE-End-of-Century-Budget-1150-with-OAE,6528.410603650001,0.0033462979924179606,R10CHINA+
REMIND-MAgPIE 3.2.0-4.8.0,RESCUE-End-of-Century-Budget-500,6161.273406400001,0.003164183282292302,R10CHINA+
REMIND-MAgPIE 3.2.0-4.8.0,RESCUE-End-of-Century-Budget-500-with-OAE,6280.5975349,0.0032236077129638233,R10CHINA+
REMIND-MAgPIE 3.2.0-4.8.0,RESCUE-Peak-Budget-1150,6280.86683265,0.003222984318184051,R10CHINA+
REMIND-MAgPIE 3.2.0-4.8.0,RESCUE-Peak-Budget-1150-with-OAE,6278.820412950001,0.003221961118995969,R10CHINA+
REMIND-MAgPIE 3.3-4.8,NGFS Phase 5-Below 2°C,6346.04164615,0.002388650570391756,R10CHINA+
REMIND-MAgPIE 3.3-4.8,NGFS Phase 5-Delayed Transition,6237.35307305,0.00236917648659022,R10CHINA+
REMIND-MAgPIE 3.3-4.8,NGFS Phase 5-Low Demand,4979.793036249999,0.001874588754605351,R10CHINA+
REMIND-MAgPIE 3.3-4.8,NGFS Phase 5-Net-Zero 2050,5877.527367400001,0.0022444280605611274,R10CHINA+
WITCH 5.0,ENGAGE-INDCi2030-1000,7797.50502951198,0.0027900928854022165,R10CHINA+
WITCH 5.0,ENGAGE-INDCi2030-1000-NDCp,7786.823003130962,0.002778785531727066,R10CHINA+
WITCH 5.0,ENGAGE-INDCi2030-1000f,7815.100485670223,0.0027772382115312704,R10CHINA+
WITCH 5.0,ENGAGE-INDCi2030-1000f-NDCp,7853.29427674869,0.0027879748481671246,R10CHINA+
WITCH 5.0,ENGAGE-INDCi2030-1200,7946.310140773703,0.002820800597290961,R10CHINA+
WITCH 5.0,ENGAGE-INDCi2030-1200-NDCp,7948.185852894392,0.0028187760809498916,R10CHINA+
WITCH 5.0,ENGAGE-INDCi2030-1200f,8011.919532393626,0.0028347233493703976,R10CHINA+
WITCH 5.0,ENGAGE-INDCi2030-1200f-NDCp,8022.996890817238,0.002837027474265469,R10CHINA+
WITCH 5.0,ENGAGE-INDCi2030-1400,8107.8881513073275,0.0028616026996681203,R10CHINA+
WITCH 5.0,ENGAGE-INDCi2030-1400-NDCp,8124.273161256891,0.0028669822419285524,R10CHINA+
WITCH 5.0,ENGAGE-INDCi2030-1400f,8164.245534698796,0.002878884141403552,R10CHINA+
WITCH 5.0,ENGAGE-INDCi2030-1400f-NDCp,8163.145845970719,0.002876696531225056,R10CHINA+
WITCH 5.0,ENGAGE-INDCi2030-1600-NDCp,8277.060967340914,0.0029099776820128223,R10CHINA+
WITCH 5.0,ENGAGE-INDCi2030-500f,7028.482639795027,0.002564526373745632,R10CHINA+
WITCH 5.0,ENGAGE-INDCi2030-600f,7231.380738223474,0.0026147785240743134,R10CHINA+
WITCH 5.0,ENGAGE-INDCi2030-600f-NDCp,7319.067575028108,0.002638695613843088,R10CHINA+
WITCH 5.0,ENGAGE-INDCi2030-700f,7408.40793888988,0.0026609119068753987,R10CHINA+
WITCH 5.0,ENGAGE-INDCi2030-700f-NDCp,7480.548010256258,0.002681357013280956,R10CHINA+
WITCH 5.0,ENGAGE-INDCi2030-800,7485.623767012823,0.0026878158844167417,R10CHINA+
WITCH 5.0,ENGAGE-INDCi2030-800-NDCp,7555.042461469715,0.002712308496593451,R10CHINA+
WITCH 5.0,ENGAGE-INDCi2030-800f,7569.1783749725155,0.0027053449983422163,R10CHINA+
WITCH 5.0,ENGAGE-INDCi2030-800f-NDCp,7630.471763777283,0.0027240220672861805,R10CHINA+
WITCH 5.0,ENGAGE-INDCi2030-900,7626.684530982805,0.0027207282481663073,R10CHINA+
WITCH 5.0,ENGAGE-INDCi2030-900-NDCp,7750.12188242175,0.0027674015781378293,R10CHINA+
WITCH 5.0,ENGAGE-INDCi2030-900f,7700.323084457317,0.0027433207644363806,R10CHINA+
WITCH 5.0,ENGAGE-INDCi2030-900f-NDCp,7734.629411105516,0.002752855548268265,R10CHINA+
IMAGE 3.0,ENGAGE-INDCi2030-1000,1964.0434599609375,0.002897541740708315,R10MIDDLE_EAST
IMAGE 3.0,ENGAGE-INDCi2030-1000f,1968.1062099609371,0.0029035354918380864,R10MIDDLE_EAST
IMAGE 3.0,ENGAGE-INDCi2030-1200,2089.150495117188,0.0030821114123125814,R10MIDDLE_EAST
IMAGE 3.0,ENGAGE-INDCi2030-1200f,2088.6427851562503,0.0030813623907995752,R10MIDDLE_EAST
IMAGE 3.0,ENGAGE-INDCi2030-1400f,2208.6948017578125,0.0032584744233236174,R10MIDDLE_EAST
IMAGE 3.0,ENGAGE-INDCi2030-800f,1874.928716796875,0.0027660712853470534,R10MIDDLE_EAST
IMAGE 3.0,ENGAGE-NPi2020-1000,2024.7789707031252,0.002987144481740444,R10MIDDLE_EAST
IMAGE 3.0,ENGAGE-NPi2020-1200,2112.5447792968753,0.003116624861880538,R10MIDDLE_EAST
IMAGE 3.0,ENGAGE-NPi2020-1400,2204.7421484375,0.003252643097176495,R10MIDDLE_EAST
IMAGE 3.0,ENGAGE-NPi2020-1400f,2214.8067666015622,0.0032674913690346145,R10MIDDLE_EAST
IMAGE 3.2,SSP2021-SSP1-SPA1-19-Default,1678.6257050781253,0.0030824540642338154,R10MIDDLE_EAST
IMAGE 3.2,SSP2021-SSP1-SPA1-19-Lifestyle-Renewables,1849.0076738281252,0.003409863730651573,R10MIDDLE_EAST
IMAGE 3.2,SSP2021-SSP1-SPA1-19-Renewables,1704.23959765625,0.0031294887587696137,R10MIDDLE_EAST
IMAGE 3.2,SSP2021-SSP1-SPA1-26-Default,1881.9788105468754,0.0034558706064269085,R10MIDDLE_EAST
IMAGE 3.2,SSP2021-SSP1-SPA1-26-Lifestyle,1859.15672265625,0.0034139624923309876,R10MIDDLE_EAST
IMAGE 3.2,SSP2021-SSP1-SPA1-26-Lifestyle-Renewables,2017.3601328125003,0.0037203323955372707,R10MIDDLE_EAST
IMAGE 3.2,SSP2021-SSP1-SPA1-26-Renewables,1838.12030859375,0.003375333404364745,R10MIDDLE_EAST
IMAGE 3.2,SSP2021-SSP2-SPA0-26-Default,1946.581275390625,0.003689231218959171,R10MIDDLE_EAST
IMAGE 3.2,SSP2021-SSP2-SPA2-19-Renewables,1831.6612949218747,0.0033778742537403693,R10MIDDLE_EAST
IMAGE 3.2,SSP2021-SSP2-SPA2-26-Default,2099.376869140625,0.003871584279707483,R10MIDDLE_EAST
IMAGE 3.2,SSP2021-SSP2-SPA2-26-Lifestyle,2017.776619140625,0.003721100462454832,R10MIDDLE_EAST
IMAGE 3.2,SSP2021-SSP2-SPA2-26-Lifestyle-Renewables,1999.16073828125,0.0036867698223742034,R10MIDDLE_EAST
IMAGE 3.2,SSP2021-SSP2-SPA2-26-Renewables,2059.8753261718753,0.0037987371625318976,R10MIDDLE_EAST
IMAGE 3.3,NAVIGATE Demand-1.5°C-ele_u,2086.6884746093747,0.00393019539883627,R10MIDDLE_EAST
IMAGE 3.3,NAVIGATE Demand-1.5°C-tec_u,1806.6949833984374,0.0034028387070007392,R10MIDDLE_EAST
IMAGE 3.3,NAVIGATE Demand-2.0°C-ele_u,2228.7367412109375,0.004197737703594836,R10MIDDLE_EAST
IMAGE 3.3,NAVIGATE Demand-2.0°C-ref,2303.43762890625,0.004338433877787326,R10MIDDLE_EAST
IMAGE 3.3,NAVIGATE Demand-2.0°C-tec_u,2027.1875380859374,0.0038181277328687186,R10MIDDLE_EAST
MESSAGEix-GLOBIOM 2.0-M-R12-NGFS,NGFS Phase 5-Below 2°C,4168.461611718236,0.0017291223256774972,R10MIDDLE_EAST
MESSAGEix-GLOBIOM 2.0-M-R12-NGFS,NGFS Phase 5-Delayed Transition,4267.769065877474,0.0017701364861839005,R10MIDDLE_EAST
MESSAGEix-GLOBIOM 2.0-M-R12-NGFS,NGFS Phase 5-Low Demand,2262.7693175545214,0.0009338743378640414,R10MIDDLE_EAST
MESSAGEix-GLOBIOM 2.0-M-R12-NGFS,NGFS Phase 5-Nationally Determined Contributions (NDCs),3936.073170924365,0.0016308158098833903,R10MIDDLE_EAST
MESSAGEix-GLOBIOM 2.0-M-R12-NGFS,NGFS Phase 5-Net-Zero 2050,3521.926520709793,0.0014662856379989556,R10MIDDLE_EAST
POLES-JRC ENGAGE,ENGAGE-INDCi2030-1000,1817.9895706176758,0.002555815624834473,R10MIDDLE_EAST
POLES-JRC ENGAGE,ENGAGE-INDCi2030-1000-COV,1665.6584243774414,0.002827377605344229,R10MIDDLE_EAST
POLES-JRC ENGAGE,ENGAGE-INDCi2030-1000-COV-NDCp,1664.9010553359985,0.0028260920066672033,R10MIDDLE_EAST
POLES-JRC ENGAGE,ENGAGE-INDCi2030-1000-NDCp,1941.7309274673462,0.0027297770701507707,R10MIDDLE_EAST
POLES-JRC ENGAGE,ENGAGE-INDCi2030-1000f,1799.6312255859375,0.002530006596093853,R10MIDDLE_EAST
POLES-JRC ENGAGE,ENGAGE-INDCi2030-1000f-COV,1651.6712608337402,0.0028036350466137208,R10MIDDLE_EAST
POLES-JRC ENGAGE,ENGAGE-INDCi2030-1000f-COV-NDCp,1658.971510887146,0.0028160268811053134,R10MIDDLE_EAST
POLES-JRC ENGAGE,ENGAGE-INDCi2030-1000f-NDCp,1901.7288541793823,0.0026735402657226707,R10MIDDLE_EAST
POLES-JRC ENGAGE,ENGAGE-INDCi2030-1200,1857.9693765640259,0.0026120211247817665,R10MIDDLE_EAST
POLES-JRC ENGAGE,ENGAGE-INDCi2030-1200f,1858.6134538650513,0.002612926599079401,R10MIDDLE_EAST
POLES-JRC ENGAGE,ENGAGE-INDCi2030-300f,1609.2724041938782,0.0022623911719450774,R10MIDDLE_EAST
POLES-JRC ENGAGE,ENGAGE-INDCi2030-400f,1646.7765455245972,0.0023151162656190115,R10MIDDLE_EAST
POLES-JRC ENGAGE,ENGAGE-INDCi2030-500f,1710.2968978881836,0.0024044161778350574,R10MIDDLE_EAST
POLES-JRC ENGAGE,ENGAGE-INDCi2030-600f,1727.207308769226,0.00242818963234253,R10MIDDLE_EAST
POLES-JRC ENGAGE,ENGAGE-INDCi2030-600f-COV,1584.6363549232483,0.0026898464156592545,R10MIDDLE_EAST
POLES-JRC ENGAGE,ENGAGE-INDCi2030-600f-COV-NDCp,1587.1192770004272,0.002694061060255102,R10MIDDLE_EAST
POLES-JRC ENGAGE,ENGAGE-INDCi2030-600f-NDCp,1813.3475074768066,0.002549289593168147,R10MIDDLE_EAST
POLES-JRC ENGAGE,ENGAGE-INDCi2030-700f,1746.1354703903198,0.002454799736164054,R10MIDDLE_EAST
POLES-JRC ENGAGE,ENGAGE-INDCi2030-800f,1772.076681137085,0.0024912691157607586,R10MIDDLE_EAST
POLES-JRC ENGAGE,ENGAGE-INDCi2030-900,1901.7939863204956,0.002673631831563656,R10MIDDLE_EAST
POLES-JRC ENGAGE,ENGAGE-INDCi2030-900f,1782.2295322418213,0.002505542473490356,R10MIDDLE_EAST
POLES-JRC ENGAGE,ENGAGE-NPi2020-1000f,1836.2195873260498,0.0025814442435555507,R10MIDDLE_EAST
POLES-JRC ENGAGE,ENGAGE-NPi2020-1000f-COV,1683.16801071167,0.0028570993127217444,R10MIDDLE_EAST
POLES-JRC ENGAGE,ENGAGE-NPi2020-1200f,1890.0514907836914,0.002657123676592604,R10MIDDLE_EAST
POLES-JRC ENGAGE,ENGAGE-NPi2020-900f,1811.7673063278198,0.0025470680717401724,R10MIDDLE_EAST
REMIND-MAgPIE 2.1-4.2,NGFS Phase 2-Delayed Transition,2601.5762000000004,0.003508639872184227,R10MIDDLE_EAST
REMIND-MAgPIE 3.2.0-4.8.0,RESCUE-End-of-Century-Budget-1150,4338.7899428,0.0062258892759604655,R10MIDDLE_EAST
REMIND-MAgPIE 3.2.0-4.8.0,RESCUE-End-of-Century-Budget-1150-with-OAE,4341.49404435,0.006222272584550094,R10MIDDLE_EAST
REMIND-MAgPIE 3.2.0-4.8.0,RESCUE-End-of-Century-Budget-500,4134.5966447,0.005999661228301564,R10MIDDLE_EAST
REMIND-MAgPIE 3.2.0-4.8.0,RESCUE-End-of-Century-Budget-500-with-OAE,4201.23549145,0.006069964415066618,R10MIDDLE_EAST
REMIND-MAgPIE 3.2.0-4.8.0,RESCUE-Peak-Budget-1150,4175.6398479,0.00597285500813622,R10MIDDLE_EAST
REMIND-MAgPIE 3.2.0-4.8.0,RESCUE-Peak-Budget-1150-with-OAE,4171.73120295,0.005967923842657301,R10MIDDLE_EAST
REMIND-MAgPIE 3.3-4.8,NGFS Phase 5-Below 2°C,4511.1084089,0.004484109346312579,R10MIDDLE_EAST
REMIND-MAgPIE 3.3-4.8,NGFS Phase 5-Delayed Transition,4541.6488374499995,0.004538884189923812,R10MIDDLE_EAST
REMIND-MAgPIE 3.3-4.8,NGFS Phase 5-Low Demand,2534.7596386000005,0.002518077287976083,R10MIDDLE_EAST
REMIND-MAgPIE 3.3-4.8,NGFS Phase 5-Net-Zero 2050,3880.22602515,0.003980620016483398,R10MIDDLE_EAST
WITCH 5.0,ENGAGE-INDCi2030-1000,3368.1618100868304,0.003622677719305489,R10MIDDLE_EAST
WITCH 5.0,ENGAGE-INDCi2030-1000-NDCp,3381.707139264272,0.0036093940139218126,R10MIDDLE_EAST
WITCH 5.0,ENGAGE-INDCi2030-1000f,3408.47373308378,0.0036017920655301047,R10MIDDLE_EAST
WITCH 5.0,ENGAGE-INDCi2030-1000f-NDCp,3424.09484779364,0.003610778425183888,R10MIDDLE_EAST
WITCH 5.0,ENGAGE-INDCi2030-1200,3445.668905339548,0.003622588101173271,R10MIDDLE_EAST
WITCH 5.0,ENGAGE-INDCi2030-1200-NDCp,3442.932471326738,0.0036145922534241543,R10MIDDLE_EAST
WITCH 5.0,ENGAGE-INDCi2030-1200f,3480.7129198069924,0.0036391522566855345,R10MIDDLE_EAST
WITCH 5.0,ENGAGE-INDCi2030-1200f-NDCp,3454.792479705931,0.0036088444735842126,R10MIDDLE_EAST
WITCH 5.0,ENGAGE-INDCi2030-1400,3416.034051417407,0.0035443313200076597,R10MIDDLE_EAST
WITCH 5.0,ENGAGE-INDCi2030-1400-NDCp,3427.258349830899,0.0035554913274003213,R10MIDDLE_EAST
WITCH 5.0,ENGAGE-INDCi2030-1400f,3432.4033812779335,0.0035565598620570836,R10MIDDLE_EAST
WITCH 5.0,ENGAGE-INDCi2030-1400f-NDCp,3436.5580621039917,0.003556559171736367,R10MIDDLE_EAST
WITCH 5.0,ENGAGE-INDCi2030-1600-NDCp,3504.621784850577,0.003595929843288318,R10MIDDLE_EAST
WITCH 5.0,ENGAGE-INDCi2030-500f,3125.3609006992806,0.0035204738260663144,R10MIDDLE_EAST
WITCH 5.0,ENGAGE-INDCi2030-600f,3203.791604032505,0.0035265853306392383,R10MIDDLE_EAST
WITCH 5.0,ENGAGE-INDCi2030-600f-NDCp,3223.5492811473523,0.003527824858560605,R10MIDDLE_EAST
WITCH 5.0,ENGAGE-INDCi2030-700f,3264.383410511208,0.0035416680581468823,R10MIDDLE_EAST
WITCH 5.0,ENGAGE-INDCi2030-700f-NDCp,3289.406847683942,0.003552980971638519,R10MIDDLE_EAST
WITCH 5.0,ENGAGE-INDCi2030-800,3225.579896815174,0.003495731513552935,R10MIDDLE_EAST
WITCH 5.0,ENGAGE-INDCi2030-800-NDCp,3222.6572500516113,0.003491439858574363,R10MIDDLE_EAST
WITCH 5.0,ENGAGE-INDCi2030-800f,3336.285915810825,0.0035767598902938335,R10MIDDLE_EAST
WITCH 5.0,ENGAGE-INDCi2030-800f-NDCp,3346.988773255493,0.0035790095709305465,R10MIDDLE_EAST
WITCH 5.0,ENGAGE-INDCi2030-900,3288.9359842234076,0.0035083460409800326,R10MIDDLE_EAST
WITCH 5.0,ENGAGE-INDCi2030-900-NDCp,3322.688520231222,0.003562074462066928,R10MIDDLE_EAST
WITCH 5.0,ENGAGE-INDCi2030-900f,3367.936046112207,0.0035803751714994316,R10MIDDLE_EAST
WITCH 5.0,ENGAGE-INDCi2030-900f-NDCp,3376.464134969351,0.0035818726564911902,R10MIDDLE_EAST
IMAGE 3.0,ENGAGE-INDCi2030-1000,3792.3482431640623,0.0011163072503496453,R10EUROPE
IMAGE 3.0,ENGAGE-INDCi2030-1000f,3818.4699316406254,0.001123996372858456,R10EUROPE
IMAGE 3.0,ENGAGE-INDCi2030-1200,3917.567177978516,0.0011531664193530197,R10EUROPE
IMAGE 3.0,ENGAGE-INDCi2030-1200f,3942.505762451172,0.001160507285981095,R10EUROPE
IMAGE 3.0,ENGAGE-INDCi2030-1400f,4074.451065673828,0.0011993464139284124,R10EUROPE
IMAGE 3.0,ENGAGE-INDCi2030-800f,3704.8420634765625,0.0010905491246259236,R10EUROPE
IMAGE 3.0,ENGAGE-NPi2020-1000,3858.9006108398435,0.0011358974582632584,R10EUROPE
IMAGE 3.0,ENGAGE-NPi2020-1200,3987.9970153808595,0.001173897990688775,R10EUROPE
IMAGE 3.0,ENGAGE-NPi2020-1400,4105.814740478515,0.0012085785559515481,R10EUROPE
IMAGE 3.0,ENGAGE-NPi2020-1400f,4111.715015869141,0.0012103153479799407,R10EUROPE
IMAGE 3.2,SSP2021-SSP1-SPA1-19-Default,3167.5921555175782,0.0009343016786349538,R10EUROPE
IMAGE 3.2,SSP2021-SSP1-SPA1-19-Lifestyle-Renewables,3099.803741210937,0.0009438860151134408,R10EUROPE
IMAGE 3.2,SSP2021-SSP1-SPA1-19-Renewables,3268.2512949218763,0.0009639917391913825,R10EUROPE
IMAGE 3.2,SSP2021-SSP1-SPA1-26-Default,3312.9605036621097,0.0009771790078565352,R10EUROPE
IMAGE 3.2,SSP2021-SSP1-SPA1-26-Lifestyle,3075.6519594726565,0.0009071833264982466,R10EUROPE
IMAGE 3.2,SSP2021-SSP1-SPA1-26-Lifestyle-Renewables,3231.94329296875,0.000984122328557864,R10EUROPE
IMAGE 3.2,SSP2021-SSP1-SPA1-26-Renewables,3377.851859619141,0.0009963191306447375,R10EUROPE
IMAGE 3.2,SSP2021-SSP2-SPA0-26-Default,3682.5870136718745,0.0011199180947900878,R10EUROPE
IMAGE 3.2,SSP2021-SSP2-SPA2-19-Renewables,3456.1573403320317,0.0010523952004447498,R10EUROPE
IMAGE 3.2,SSP2021-SSP2-SPA2-26-Default,3521.2021850585943,0.0010722012670277407,R10EUROPE
IMAGE 3.2,SSP2021-SSP2-SPA2-26-Lifestyle,3210.7914443359373,0.0009776816194726787,R10EUROPE
IMAGE 3.2,SSP2021-SSP2-SPA2-26-Lifestyle-Renewables,3208.555247070312,0.0009770007004525493,R10EUROPE
IMAGE 3.2,SSP2021-SSP2-SPA2-26-Renewables,3582.801032714843,0.0010909580321986619,R10EUROPE
IMAGE 3.3,NAVIGATE Demand-1.5°C-ele_u,3486.1058249511716,0.0010666193347885298,R10EUROPE
IMAGE 3.3,NAVIGATE Demand-1.5°C-tec_u,3179.1684487304688,0.0009727078597830777,R10EUROPE
IMAGE 3.3,NAVIGATE Demand-2.0°C-ele_u,3632.055393798828,0.0011112745001374304,R10EUROPE
IMAGE 3.3,NAVIGATE Demand-2.0°C-ref,3645.189009033203,0.001115292900222819,R10EUROPE
IMAGE 3.3,NAVIGATE Demand-2.0°C-tec_u,3416.9383984375,0.0010454566626949251,R10EUROPE
MESSAGEix-GLOBIOM 2.0-M-R12-NGFS,NGFS Phase 5-Below 2°C,3472.20940756903,0.0011514470676645587,R10EUROPE
MESSAGEix-GLOBIOM 2.0-M-R12-NGFS,NGFS Phase 5-Delayed Transition,3519.8223888947678,0.001167069212323139,R10EUROPE
MESSAGEix-GLOBIOM 2.0-M-R12-NGFS,NGFS Phase 5-Low Demand,2777.0331470793535,0.0009170457473021763,R10EUROPE
MESSAGEix-GLOBIOM 2.0-M-R12-NGFS,NGFS Phase 5-Nationally Determined Contributions (NDCs),3674.5666744616396,0.001216582863067404,R10EUROPE
MESSAGEix-GLOBIOM 2.0-M-R12-NGFS,NGFS Phase 5-Net-Zero 2050,3583.289915040004,0.0011914972327016831,R10EUROPE
POLES-JRC ENGAGE,ENGAGE-INDCi2030-1000,3227.9637088775635,0.0011343913402407937,R10EUROPE
POLES-JRC ENGAGE,ENGAGE-INDCi2030-1000-COV,3297.2277545928955,0.0011715463518989764,R10EUROPE
POLES-JRC ENGAGE,ENGAGE-INDCi2030-1000-COV-NDCp,3217.2489795684814,0.0011431288906002587,R10EUROPE
POLES-JRC ENGAGE,ENGAGE-INDCi2030-1000-NDCp,3085.138416290283,0.0010841987762312355,R10EUROPE
POLES-JRC ENGAGE,ENGAGE-INDCi2030-1000f,3337.321313858032,0.0011728224786510995,R10EUROPE
POLES-JRC ENGAGE,ENGAGE-INDCi2030-1000f-COV,3352.2522830963135,0.0011910972566077413,R10EUROPE
POLES-JRC ENGAGE,ENGAGE-INDCi2030-1000f-COV-NDCp,3243.855890274048,0.001152582659491106,R10EUROPE
POLES-JRC ENGAGE,ENGAGE-INDCi2030-1000f-NDCp,3112.1880226135254,0.0010937047192768833,R10EUROPE
POLES-JRC ENGAGE,ENGAGE-INDCi2030-1200,3417.554811477661,0.0012010186397933774,R10EUROPE
POLES-JRC ENGAGE,ENGAGE-INDCi2030-1200f,3455.4682655334473,0.0012143424246430082,R10EUROPE
POLES-JRC ENGAGE,ENGAGE-INDCi2030-300f,3021.7838172912598,0.0010619343039661767,R10EUROPE
POLES-JRC ENGAGE,ENGAGE-INDCi2030-400f,3049.563551902771,0.0010716968332941301,R10EUROPE
POLES-JRC ENGAGE,ENGAGE-INDCi2030-500f,3102.2187938690186,0.0010902012701130821,R10EUROPE
POLES-JRC ENGAGE,ENGAGE-INDCi2030-600f,3134.9404830932617,0.0011017005322615215,R10EUROPE
POLES-JRC ENGAGE,ENGAGE-INDCi2030-600f-COV,3124.1748657226562,0.001110058491268451,R10EUROPE
POLES-JRC ENGAGE,ENGAGE-INDCi2030-600f-COV-NDCp,3069.083568572998,0.0010904838628227331,R10EUROPE
POLES-JRC ENGAGE,ENGAGE-INDCi2030-600f-NDCp,2973.7180576324463,0.0010450427319298812,R10EUROPE
POLES-JRC ENGAGE,ENGAGE-INDCi2030-700f,3182.3928184509277,0.0011183765308658106,R10EUROPE
POLES-JRC ENGAGE,ENGAGE-INDCi2030-800f,3221.420301437378,0.0011320918147797734,R10EUROPE
POLES-JRC ENGAGE,ENGAGE-INDCi2030-900,3119.4329204559326,0.0010962507669138978,R10EUROPE
POLES-JRC ENGAGE,ENGAGE-INDCi2030-900f,3289.5182571411133,0.0011560232273374691,R10EUROPE
POLES-JRC ENGAGE,ENGAGE-NPi2020-1000f,3425.2749519348145,0.0012037317001837257,R10EUROPE
POLES-JRC ENGAGE,ENGAGE-NPi2020-1000f-COV,3452.0995235443115,0.001226574232722324,R10EUROPE
POLES-JRC ENGAGE,ENGAGE-NPi2020-1200f,3526.921091079712,0.001239452826693843,R10EUROPE
POLES-JRC ENGAGE,ENGAGE-NPi2020-900f,3363.102834701538,0.0011818827831095037,R10EUROPE
REMIND-MAgPIE 2.1-4.2,NGFS Phase 2-Delayed Transition,2751.1276499999994,0.000968529197248497,R10EUROPE
REMIND-MAgPIE 3.2.0-4.8.0,RESCUE-End-of-Century-Budget-1150,3722.6357936,0.0011022737907826232,R10EUROPE
REMIND-MAgPIE 3.2.0-4.8.0,RESCUE-End-of-Century-Budget-1150-with-OAE,3809.5345714,0.0011277693996066692,R10EUROPE
REMIND-MAgPIE 3.2.0-4.8.0,RESCUE-End-of-Century-Budget-500,3613.83096795,0.0010681086680716853,R10EUROPE
REMIND-MAgPIE 3.2.0-4.8.0,RESCUE-End-of-Century-Budget-500-with-OAE,3782.72492765,0.001117129428457909,R10EUROPE
REMIND-MAgPIE 3.2.0-4.8.0,RESCUE-Peak-Budget-1150,3689.002614300001,0.0010930569096005173,R10EUROPE
REMIND-MAgPIE 3.2.0-4.8.0,RESCUE-Peak-Budget-1150-with-OAE,3683.45461565,0.0010915577466742417,R10EUROPE
REMIND-MAgPIE 3.3-4.8,NGFS Phase 5-Below 2°C,3578.05101015,0.0014113404611184697,R10EUROPE
REMIND-MAgPIE 3.3-4.8,NGFS Phase 5-Delayed Transition,3419.9048283000006,0.0013633518192822085,R10EUROPE
REMIND-MAgPIE 3.3-4.8,NGFS Phase 5-Low Demand,2705.9613746499995,0.0010679385346912703,R10EUROPE
REMIND-MAgPIE 3.3-4.8,NGFS Phase 5-Net-Zero 2050,3291.4846783,0.0013112803025760393,R10EUROPE
WITCH 5.0,ENGAGE-INDCi2030-1000,3880.5946515379464,0.0013573115337678745,R10EUROPE
WITCH 5.0,ENGAGE-INDCi2030-1000-NDCp,3889.4868200487344,0.0013600193721837244,R10EUROPE
WITCH 5.0,ENGAGE-INDCi2030-1000f,3871.558888713933,0.001353844814087392,R10EUROPE
WITCH 5.0,ENGAGE-INDCi2030-1000f-NDCp,3898.334228628941,0.0013621948438798952,R10EUROPE
WITCH 5.0,ENGAGE-INDCi2030-1200,3924.0592086040533,0.001369428748759822,R10EUROPE
WITCH 5.0,ENGAGE-INDCi2030-1200-NDCp,3938.45043002085,0.0013738420022780945,R10EUROPE
WITCH 5.0,ENGAGE-INDCi2030-1200f,3944.778865513037,0.0013757055152856888,R10EUROPE
WITCH 5.0,ENGAGE-INDCi2030-1200f-NDCp,3963.544349916244,0.0013817749743555742,R10EUROPE
WITCH 5.0,ENGAGE-INDCi2030-1400,4000.0365703967173,0.0013921920349251038,R10EUROPE
WITCH 5.0,ENGAGE-INDCi2030-1400-NDCp,4033.05981666512,0.0014032391621899066,R10EUROPE
WITCH 5.0,ENGAGE-INDCi2030-1400f,4011.537029427852,0.0013959364884339072,R10EUROPE
WITCH 5.0,ENGAGE-INDCi2030-1400f-NDCp,4038.7957642900183,0.0014049094451098717,R10EUROPE
WITCH 5.0,ENGAGE-INDCi2030-1600-NDCp,4095.065054683058,0.0014224837680133894,R10EUROPE
WITCH 5.0,ENGAGE-INDCi2030-500f,3650.112178084508,0.001294220686277247,R10EUROPE
WITCH 5.0,ENGAGE-INDCi2030-600f,3703.510904040744,0.0013072252445835125,R10EUROPE
WITCH 5.0,ENGAGE-INDCi2030-600f-NDCp,3732.762365915143,0.0013157254447683112,R10EUROPE
WITCH 5.0,ENGAGE-INDCi2030-700f,3750.2620228697297,0.0013195379628465182,R10EUROPE
WITCH 5.0,ENGAGE-INDCi2030-700f-NDCp,3772.884322558808,0.0013262226341876513,R10EUROPE
WITCH 5.0,ENGAGE-INDCi2030-800,3795.10823999654,0.0013316367263062855,R10EUROPE
WITCH 5.0,ENGAGE-INDCi2030-800-NDCp,3811.8433441064817,0.0013366237695661472,R10EUROPE
WITCH 5.0,ENGAGE-INDCi2030-800f,3789.7404977102524,0.0013300342411718255,R10EUROPE
WITCH 5.0,ENGAGE-INDCi2030-800f-NDCp,3809.577788152006,0.0013360536722483293,R10EUROPE
WITCH 5.0,ENGAGE-INDCi2030-900,3834.900771165798,0.0013419946187585073,R10EUROPE
WITCH 5.0,ENGAGE-INDCi2030-900-NDCp,3860.3582544026644,0.001350472178411001,R10EUROPE
WITCH 5.0,ENGAGE-INDCi2030-900f,3833.482724850051,0.0013427037943833401,R10EUROPE
WITCH 5.0,ENGAGE-INDCi2030-900f-NDCp,3858.856724811489,0.0013505340988762707,R10EUROPE
IMAGE 3.0,ENGAGE-INDCi2030-1000,3068.871114135742,0.0022135798736900147,R10REST_ASIA
IMAGE 3.0,ENGAGE-INDCi2030-1000f,3062.7572216796875,0.00220916991680773,R10REST_ASIA
IMAGE 3.0,ENGAGE-INDCi2030-1200,3198.830691772461,0.0023073198499714595,R10REST_ASIA
IMAGE 3.0,ENGAGE-INDCi2030-1200f,3199.8593240966798,0.0023080618035190787,R10REST_ASIA
IMAGE 3.0,ENGAGE-INDCi2030-1400f,3352.0519545898437,0.002417838503567456,R10REST_ASIA
IMAGE 3.0,ENGAGE-INDCi2030-800f,2943.2743303222655,0.0021229867850558566,R10REST_ASIA
IMAGE 3.0,ENGAGE-NPi2020-1000,3158.1287747802735,0.0022779615156121227,R10REST_ASIA
IMAGE 3.0,ENGAGE-NPi2020-1200,3256.3964577636716,0.0023488420958633596,R10REST_ASIA
IMAGE 3.0,ENGAGE-NPi2020-1400,3364.9673312988284,0.0024271543779984302,R10REST_ASIA
IMAGE 3.0,ENGAGE-NPi2020-1400f,3370.66746508789,0.0024312658903309905,R10REST_ASIA
IMAGE 3.2,SSP2021-SSP1-SPA1-19-Default,3632.5705151367188,0.001957250589173074,R10REST_ASIA
IMAGE 3.2,SSP2021-SSP1-SPA1-19-Lifestyle-Renewables,3880.5074318847664,0.002516748221274336,R10REST_ASIA
IMAGE 3.2,SSP2021-SSP1-SPA1-19-Renewables,3741.59785546875,0.0020159951683110812,R10REST_ASIA
IMAGE 3.2,SSP2021-SSP1-SPA1-26-Default,3936.5162675781253,0.002121018367544805,R10REST_ASIA
IMAGE 3.2,SSP2021-SSP1-SPA1-26-Lifestyle,3778.987313720704,0.0020361408306974163,R10REST_ASIA
IMAGE 3.2,SSP2021-SSP1-SPA1-26-Lifestyle-Renewables,4150.223915527345,0.002691675983267084,R10REST_ASIA
IMAGE 3.2,SSP2021-SSP1-SPA1-26-Renewables,3964.470645751953,0.0021360803526935313,R10REST_ASIA
IMAGE 3.2,SSP2021-SSP2-SPA0-26-Default,4260.028294433594,0.002593158104851067,R10REST_ASIA
IMAGE 3.2,SSP2021-SSP2-SPA2-19-Renewables,4105.160699707032,0.0026624497106077917,R10REST_ASIA
IMAGE 3.2,SSP2021-SSP2-SPA2-26-Default,4341.239813232422,0.0028155615650428878,R10REST_ASIA
IMAGE 3.2,SSP2021-SSP2-SPA2-26-Lifestyle,4058.225333007813,0.0026320092327247885,R10REST_ASIA
IMAGE 3.2,SSP2021-SSP2-SPA2-26-Lifestyle-Renewables,4091.0660937500006,0.002653308490008533,R10REST_ASIA
IMAGE 3.2,SSP2021-SSP2-SPA2-26-Renewables,4313.398219238282,0.002797504575488776,R10REST_ASIA
IMAGE 3.3,NAVIGATE Demand-1.5°C-ele_u,4371.377817871094,0.0026654099231626107,R10REST_ASIA
IMAGE 3.3,NAVIGATE Demand-1.5°C-tec_u,3989.751592041016,0.002432716623327465,R10REST_ASIA
IMAGE 3.3,NAVIGATE Demand-2.0°C-ele_u,4537.13004321289,0.002766475913021952,R10REST_ASIA
IMAGE 3.3,NAVIGATE Demand-2.0°C-ref,4657.584954956055,0.002839922256584694,R10REST_ASIA
IMAGE 3.3,NAVIGATE Demand-2.0°C-tec_u,4229.195190063477,0.0025787152921219283,R10REST_ASIA
MESSAGEix-GLOBIOM 2.0-M-R12-NGFS,NGFS Phase 5-Below 2°C,2623.6623938477655,0.0013376966673227992,R10REST_ASIA
MESSAGEix-GLOBIOM 2.0-M-R12-NGFS,NGFS Phase 5-Delayed Transition,2612.6833148369537,0.0013319965177206155,R10REST_ASIA
MESSAGEix-GLOBIOM 2.0-M-R12-NGFS,NGFS Phase 5-Low Demand,2028.8549884844313,0.0010303576181496603,R10REST_ASIA
MESSAGEix-GLOBIOM 2.0-M-R12-NGFS,NGFS Phase 5-Nationally Determined Contributions (NDCs),2457.3991718627335,0.0012513325956826913,R10REST_ASIA
MESSAGEix-GLOBIOM 2.0-M-R12-NGFS,NGFS Phase 5-Net-Zero 2050,2707.2322804847827,0.0013857062103985673,R10REST_ASIA
POLES-JRC ENGAGE,ENGAGE-INDCi2030-1000,2133.212112426758,0.0023336533803475406,R10REST_ASIA
POLES-JRC ENGAGE,ENGAGE-INDCi2030-1000-COV,2026.1607189178467,0.002371286304480138,R10REST_ASIA
POLES-JRC ENGAGE,ENGAGE-INDCi2030-1000-COV-NDCp,2027.0386943817139,0.002372313829677769,R10REST_ASIA
POLES-JRC ENGAGE,ENGAGE-INDCi2030-1000-NDCp,2195.3103036880493,0.002401586453250227,R10REST_ASIA
POLES-JRC ENGAGE,ENGAGE-INDCi2030-1000f,2115.9895601272583,0.0023148125594287913,R10REST_ASIA
POLES-JRC ENGAGE,ENGAGE-INDCi2030-1000f-COV,2025.5766639709473,0.0023706027646781297,R10REST_ASIA
POLES-JRC ENGAGE,ENGAGE-INDCi2030-1000f-COV-NDCp,2036.4285078048706,0.002383303054650923,R10REST_ASIA
POLES-JRC ENGAGE,ENGAGE-INDCi2030-1000f-NDCp,2181.7269554138184,0.002386726783913109,R10REST_ASIA
POLES-JRC ENGAGE,ENGAGE-INDCi2030-1200,2181.8216037750244,0.002386830325640997,R10REST_ASIA
POLES-JRC ENGAGE,ENGAGE-INDCi2030-1200f,2188.629853248596,0.002394278293100818,R10REST_ASIA
POLES-JRC ENGAGE,ENGAGE-INDCi2030-300f,1950.4881858825684,0.002133760314690262,R10REST_ASIA
POLES-JRC ENGAGE,ENGAGE-INDCi2030-400f,1976.97061252594,0.0021627310879650326,R10REST_ASIA
POLES-JRC ENGAGE,ENGAGE-INDCi2030-500f,2017.5206632614136,0.0022070913100080487,R10REST_ASIA
POLES-JRC ENGAGE,ENGAGE-INDCi2030-600f,2031.3349962234497,0.00222220366785859,R10REST_ASIA
POLES-JRC ENGAGE,ENGAGE-INDCi2030-600f-COV,1919.4822092056274,0.0022464367371674114,R10REST_ASIA
POLES-JRC ENGAGE,ENGAGE-INDCi2030-600f-COV-NDCp,1926.0841007232666,0.0022541631602459333,R10REST_ASIA
POLES-JRC ENGAGE,ENGAGE-INDCi2030-600f-NDCp,2074.7796478271484,0.0022697304737877276,R10REST_ASIA
POLES-JRC ENGAGE,ENGAGE-INDCi2030-700f,2045.509783744812,0.0022377103493658986,R10REST_ASIA
POLES-JRC ENGAGE,ENGAGE-INDCi2030-800f,2062.874424934387,0.002256706610157084,R10REST_ASIA
POLES-JRC ENGAGE,ENGAGE-INDCi2030-900,2246.78404045105,0.0024578967747116236,R10REST_ASIA
POLES-JRC ENGAGE,ENGAGE-INDCi2030-900f,2089.877734184265,0.002286247209305408,R10REST_ASIA
POLES-JRC ENGAGE,ENGAGE-NPi2020-1000f,2158.325391769409,0.002361126358251702,R10REST_ASIA
POLES-JRC ENGAGE,ENGAGE-NPi2020-1000f-COV,2054.69322681427,0.0024046788900611064,R10REST_ASIA
POLES-JRC ENGAGE,ENGAGE-NPi2020-1200f,2221.654962539673,0.002430406513770723,R10REST_ASIA
POLES-JRC ENGAGE,ENGAGE-NPi2020-900f,2123.136441230774,0.0023226309770859026,R10REST_ASIA
REMIND-MAgPIE 2.1-4.2,NGFS Phase 2-Delayed Transition,3803.2287499999998,0.0027756190159998495,R10REST_ASIA
REMIND-MAgPIE 3.2.0-4.8.0,RESCUE-End-of-Century-Budget-1150,5261.64831535,0.003995134133456049,R10REST_ASIA
REMIND-MAgPIE 3.2.0-4.8.0,RESCUE-End-of-Century-Budget-1150-with-OAE,5326.35623865,0.0040412434501337505,R10REST_ASIA
REMIND-MAgPIE 3.2.0-4.8.0,RESCUE-End-of-Century-Budget-500,4991.09159635,0.0037757119183487705,R10REST_ASIA
REMIND-MAgPIE 3.2.0-4.8.0,RESCUE-End-of-Century-Budget-500-with-OAE,5106.880214299999,0.0038600265022497673,R10REST_ASIA
REMIND-MAgPIE 3.2.0-4.8.0,RESCUE-Peak-Budget-1150,5246.1572602,0.003977574503546511,R10REST_ASIA
REMIND-MAgPIE 3.2.0-4.8.0,RESCUE-Peak-Budget-1150-with-OAE,5245.89354955,0.003977319711393575,R10REST_ASIA
REMIND-MAgPIE 3.3-4.8,NGFS Phase 5-Below 2°C,5257.11815215,0.00314369418510311,R10REST_ASIA
REMIND-MAgPIE 3.3-4.8,NGFS Phase 5-Delayed Transition,5306.21377425,0.0031932253082680444,R10REST_ASIA
REMIND-MAgPIE 3.3-4.8,NGFS Phase 5-Low Demand,3502.7316914000007,0.0020981484204919,R10REST_ASIA
REMIND-MAgPIE 3.3-4.8,NGFS Phase 5-Net-Zero 2050,4769.8529131000005,0.0029077767203205427,R10REST_ASIA
WITCH 5.0,ENGAGE-INDCi2030-1000,2503.4338669626586,0.0017417259084180358,R10REST_ASIA
WITCH 5.0,ENGAGE-INDCi2030-1000-NDCp,2511.5546203300046,0.0017467149045036529,R10REST_ASIA
WITCH 5.0,ENGAGE-INDCi2030-1000f,2529.903904038036,0.0017604298247408177,R10REST_ASIA
WITCH 5.0,ENGAGE-INDCi2030-1000f-NDCp,2539.6302059174873,0.0017659462343011364,R10REST_ASIA
WITCH 5.0,ENGAGE-INDCi2030-1200,2562.450929304358,0.001778515161352397,R10REST_ASIA
WITCH 5.0,ENGAGE-INDCi2030-1200-NDCp,2574.432432374172,0.0017863032896368656,R10REST_ASIA
WITCH 5.0,ENGAGE-INDCi2030-1200f,2585.75346642994,0.0017939664699285335,R10REST_ASIA
WITCH 5.0,ENGAGE-INDCi2030-1200f-NDCp,2606.8838699518506,0.001807715807660066,R10REST_ASIA
WITCH 5.0,ENGAGE-INDCi2030-1400,2655.528284145987,0.0018377656425079484,R10REST_ASIA
WITCH 5.0,ENGAGE-INDCi2030-1400-NDCp,2668.1231433906323,0.0018451054425932816,R10REST_ASIA
WITCH 5.0,ENGAGE-INDCi2030-1400f,2657.569780501489,0.0018383726845788177,R10REST_ASIA
WITCH 5.0,ENGAGE-INDCi2030-1400f-NDCp,2670.8933669172684,0.0018460403295446585,R10REST_ASIA
WITCH 5.0,ENGAGE-INDCi2030-1600-NDCp,2752.1175766678552,0.001896786418090566,R10REST_ASIA
WITCH 5.0,ENGAGE-INDCi2030-500f,2425.222892908197,0.001709693199846667,R10REST_ASIA
WITCH 5.0,ENGAGE-INDCi2030-600f,2429.7391712782987,0.0017065372066804778,R10REST_ASIA
WITCH 5.0,ENGAGE-INDCi2030-600f-NDCp,2433.4762728695623,0.0017069642797490946,R10REST_ASIA
WITCH 5.0,ENGAGE-INDCi2030-700f,2440.7280759081486,0.0017089566167158483,R10REST_ASIA
WITCH 5.0,ENGAGE-INDCi2030-700f-NDCp,2456.6443755487235,0.0017182795395576389,R10REST_ASIA
WITCH 5.0,ENGAGE-INDCi2030-800,2433.2250447834404,0.001701815478618247,R10REST_ASIA
WITCH 5.0,ENGAGE-INDCi2030-800-NDCp,2434.6868060236125,0.0017021264562787197,R10REST_ASIA
WITCH 5.0,ENGAGE-INDCi2030-800f,2477.680549604446,0.0017306033005230527,R10REST_ASIA
WITCH 5.0,ENGAGE-INDCi2030-800f-NDCp,2487.943321116696,0.0017364652595987181,R10REST_ASIA
WITCH 5.0,ENGAGE-INDCi2030-900,2451.866036000133,0.0017106174199300204,R10REST_ASIA
WITCH 5.0,ENGAGE-INDCi2030-900-NDCp,2469.5116635641084,0.0017205901387345125,R10REST_ASIA
WITCH 5.0,ENGAGE-INDCi2030-900f,2498.711133769362,0.0017417758435645434,R10REST_ASIA
WITCH 5.0,ENGAGE-INDCi2030-900f-NDCp,2514.1945707031095,0.0017511542998292784,R10REST_ASIA
IMAGE 3.0,ENGAGE-INDCi2030-1000,1074.4683360595702,0.0012149598944017751,R10PAC_OECD
IMAGE 3.0,ENGAGE-INDCi2030-1000f,1081.4048134765628,0.001222803347379623,R10PAC_OECD
IMAGE 3.0,ENGAGE-INDCi2030-1200,1104.701422241211,0.0012491460923211987,R10PAC_OECD
IMAGE 3.0,ENGAGE-INDCi2030-1200f,1116.1107045898436,0.0012620471895543946,R10PAC_OECD
IMAGE 3.0,ENGAGE-INDCi2030-1400f,1151.4416779785156,0.0013019978463181254,R10PAC_OECD
IMAGE 3.0,ENGAGE-INDCi2030-800f,1050.5531735839845,0.0011879177170748038,R10PAC_OECD
IMAGE 3.0,ENGAGE-NPi2020-1000,1114.553299560547,0.0012602861468261608,R10PAC_OECD
IMAGE 3.0,ENGAGE-NPi2020-1200,1147.9750183105468,0.0012980779053363663,R10PAC_OECD
IMAGE 3.0,ENGAGE-NPi2020-1400,1178.9932407226563,0.0013331518995729522,R10PAC_OECD
IMAGE 3.0,ENGAGE-NPi2020-1400f,1181.977614501953,0.0013365264936210626,R10PAC_OECD
IMAGE 3.2,SSP2021-SSP1-SPA1-19-Default,921.2603652343752,0.0009438202247749137,R10PAC_OECD
IMAGE 3.2,SSP2021-SSP1-SPA1-19-Lifestyle-Renewables,844.4162597656251,0.0010235557718270534,R10PAC_OECD
IMAGE 3.2,SSP2021-SSP1-SPA1-19-Renewables,916.5684670410157,0.0009390134311966933,R10PAC_OECD
IMAGE 3.2,SSP2021-SSP1-SPA1-26-Default,971.2898530273436,0.0009950748366045678,R10PAC_OECD
IMAGE 3.2,SSP2021-SSP1-SPA1-26-Lifestyle,881.555205810547,0.000903142763867771,R10PAC_OECD
IMAGE 3.2,SSP2021-SSP1-SPA1-26-Lifestyle-Renewables,883.5578017578124,0.0010710010344697155,R10PAC_OECD
IMAGE 3.2,SSP2021-SSP1-SPA1-26-Renewables,951.7587961425779,0.0009750655024416013,R10PAC_OECD
IMAGE 3.2,SSP2021-SSP2-SPA0-26-Default,949.1224279785152,0.0011205245734578445,R10PAC_OECD
IMAGE 3.2,SSP2021-SSP2-SPA2-19-Renewables,945.9793459472655,0.0011466650581103853,R10PAC_OECD
IMAGE 3.2,SSP2021-SSP2-SPA2-26-Default,982.4132875976563,0.001190828313892573,R10PAC_OECD
IMAGE 3.2,SSP2021-SSP2-SPA2-26-Lifestyle,874.6466447753907,0.0010601994113868696,R10PAC_OECD
IMAGE 3.2,SSP2021-SSP2-SPA2-26-Lifestyle-Renewables,863.4908354492187,0.0010466769419967435,R10PAC_OECD
IMAGE 3.2,SSP2021-SSP2-SPA2-26-Renewables,966.963012451172,0.0011721003250368283,R10PAC_OECD
IMAGE 3.3,NAVIGATE Demand-1.5°C-ele_u,955.0208533935547,0.0011248009184830422,R10PAC_OECD
IMAGE 3.3,NAVIGATE Demand-1.5°C-tec_u,880.7513450927735,0.0010373280524663905,R10PAC_OECD
IMAGE 3.3,NAVIGATE Demand-2.0°C-ele_u,989.6731058349609,0.0011656135198363008,R10PAC_OECD
IMAGE 3.3,NAVIGATE Demand-2.0°C-ref,997.0237415771484,0.001174270924336807,R10PAC_OECD
IMAGE 3.3,NAVIGATE Demand-2.0°C-tec_u,933.3205766601565,0.0010992428470395445,R10PAC_OECD
MESSAGEix-GLOBIOM 2.0-M-R12-NGFS,NGFS Phase 5-Below 2°C,849.8684523950287,0.0010712808230606502,R10PAC_OECD
MESSAGEix-GLOBIOM 2.0-M-R12-NGFS,NGFS Phase 5-Delayed Transition,864.2807787221,0.0010891936801858749,R10PAC_OECD
MESSAGEix-GLOBIOM 2.0-M-R12-NGFS,NGFS Phase 5-Low Demand,624.6418904030846,0.0007842350209422273,R10PAC_OECD
MESSAGEix-GLOBIOM 2.0-M-R12-NGFS,NGFS Phase 5-Nationally Determined Contributions (NDCs),956.3361601988707,0.0012033751554107075,R10PAC_OECD
MESSAGEix-GLOBIOM 2.0-M-R12-NGFS,NGFS Phase 5-Net-Zero 2050,814.9212085517366,0.0010297335119071698,R10PAC_OECD
POLES-JRC ENGAGE,ENGAGE-INDCi2030-1000,1404.6957697868347,0.0013526196319411895,R10PAC_OECD
POLES-JRC ENGAGE,ENGAGE-INDCi2030-1000-COV,1411.5452723503113,0.0014116055847152914,R10PAC_OECD
POLES-JRC ENGAGE,ENGAGE-INDCi2030-1000-COV-NDCp,1406.293471813202,0.0014063535597797748,R10PAC_OECD
POLES-JRC ENGAGE,ENGAGE-INDCi2030-1000-NDCp,1452.3250002861023,0.0013984831090109167,R10PAC_OECD
POLES-JRC ENGAGE,ENGAGE-INDCi2030-1000f,1446.0678339004517,0.0013924579138935157,R10PAC_OECD
POLES-JRC ENGAGE,ENGAGE-INDCi2030-1000f-COV,1433.6609416007996,0.0014337221989218797,R10PAC_OECD
POLES-JRC ENGAGE,ENGAGE-INDCi2030-1000f-COV-NDCp,1433.0996704101562,0.0014331609037492973,R10PAC_OECD
POLES-JRC ENGAGE,ENGAGE-INDCi2030-1000f-NDCp,1481.7508234977722,0.0014268180317879501,R10PAC_OECD
POLES-JRC ENGAGE,ENGAGE-INDCi2030-1200,1476.4624118804932,0.0014217256768957567,R10PAC_OECD
POLES-JRC ENGAGE,ENGAGE-INDCi2030-1200f,1489.068489074707,0.0014338644103221749,R10PAC_OECD
POLES-JRC ENGAGE,ENGAGE-INDCi2030-300f,1306.6907134056091,0.001258247906659447,R10PAC_OECD
POLES-JRC ENGAGE,ENGAGE-INDCi2030-400f,1320.7039303779602,0.0012717416131196935,R10PAC_OECD
POLES-JRC ENGAGE,ENGAGE-INDCi2030-500f,1360.6742939949036,0.0013102301596697482,R10PAC_OECD
POLES-JRC ENGAGE,ENGAGE-INDCi2030-600f,1372.5919256210327,0.0013217059701978826,R10PAC_OECD
POLES-JRC ENGAGE,ENGAGE-INDCi2030-600f-COV,1352.9925632476807,0.0013530503737783724,R10PAC_OECD
POLES-JRC ENGAGE,ENGAGE-INDCi2030-600f-COV-NDCp,1347.413779258728,0.0013474713514196963,R10PAC_OECD
POLES-JRC ENGAGE,ENGAGE-INDCi2030-600f-NDCp,1401.406226158142,0.0013494520412158527,R10PAC_OECD
POLES-JRC ENGAGE,ENGAGE-INDCi2030-700f,1389.9762983322144,0.0013384458538964682,R10PAC_OECD
POLES-JRC ENGAGE,ENGAGE-INDCi2030-800f,1405.5651473999023,0.001353456779209871,R10PAC_OECD
POLES-JRC ENGAGE,ENGAGE-INDCi2030-900,1385.331642150879,0.0013339733885629642,R10PAC_OECD
POLES-JRC ENGAGE,ENGAGE-INDCi2030-900f,1428.267788887024,0.0013753177680680228,R10PAC_OECD
POLES-JRC ENGAGE,ENGAGE-NPi2020-1000f,1485.3769240379333,0.001430309702285939,R10PAC_OECD
POLES-JRC ENGAGE,ENGAGE-NPi2020-1000f-COV,1469.6221137046814,0.0014696849075711204,R10PAC_OECD
POLES-JRC ENGAGE,ENGAGE-NPi2020-1200f,1520.370834350586,0.0014640062870592142,R10PAC_OECD
POLES-JRC ENGAGE,ENGAGE-NPi2020-900f,1464.3598165512085,0.0014100717598042897,R10PAC_OECD
REMIND-MAgPIE 2.1-4.2,NGFS Phase 2-Delayed Transition,515.8840000000001,0.0008905486765963858,R10PAC_OECD
REMIND-MAgPIE 3.2.0-4.8.0,RESCUE-End-of-Century-Budget-1150,641.59357085,0.001093505261038394,R10PAC_OECD
REMIND-MAgPIE 3.2.0-4.8.0,RESCUE-End-of-Century-Budget-1150-with-OAE,648.0968221999999,0.0011047213060692888,R10PAC_OECD
REMIND-MAgPIE 3.2.0-4.8.0,RESCUE-End-of-Century-Budget-500,622.5976059,0.0010554959637455836,R10PAC_OECD
REMIND-MAgPIE 3.2.0-4.8.0,RESCUE-End-of-Century-Budget-500-with-OAE,635.8345245000002,0.001076753336867628,R10PAC_OECD
REMIND-MAgPIE 3.2.0-4.8.0,RESCUE-Peak-Budget-1150,618.9994783,0.0010563654827253953,R10PAC_OECD
REMIND-MAgPIE 3.2.0-4.8.0,RESCUE-Peak-Budget-1150-with-OAE,618.4997712,0.001055806581703614,R10PAC_OECD
REMIND-MAgPIE 3.3-4.8,NGFS Phase 5-Below 2°C,636.4049409500001,0.001371584079409494,R10PAC_OECD
REMIND-MAgPIE 3.3-4.8,NGFS Phase 5-Delayed Transition,603.3520180500001,0.0013299639338518045,R10PAC_OECD
REMIND-MAgPIE 3.3-4.8,NGFS Phase 5-Low Demand,448.22624984999993,0.0009677030028764465,R10PAC_OECD
REMIND-MAgPIE 3.3-4.8,NGFS Phase 5-Net-Zero 2050,571.9503283999999,0.0012556274268245723,R10PAC_OECD
WITCH 5.0,ENGAGE-INDCi2030-1000,1718.2182486835056,0.0016346651425682044,R10PAC_OECD
WITCH 5.0,ENGAGE-INDCi2030-1000-NDCp,2002.6932416184882,0.0019074616357009691,R10PAC_OECD
WITCH 5.0,ENGAGE-INDCi2030-1000f,1763.3427855320228,0.001681346040680329,R10PAC_OECD
WITCH 5.0,ENGAGE-INDCi2030-1000f-NDCp,1770.4643118810554,0.0016862685889523306,R10PAC_OECD
WITCH 5.0,ENGAGE-INDCi2030-1200,2050.0693524934413,0.0019478302366306452,R10PAC_OECD
WITCH 5.0,ENGAGE-INDCi2030-1200-NDCp,2052.820099516516,0.001949126892358046,R10PAC_OECD
WITCH 5.0,ENGAGE-INDCi2030-1200f,1811.0051950314096,0.001719614678141256,R10PAC_OECD
WITCH 5.0,ENGAGE-INDCi2030-1200f-NDCp,1814.75033719368,0.0017223732655414785,R10PAC_OECD
WITCH 5.0,ENGAGE-INDCi2030-1400,2112.3805973943076,0.0019990081695669525,R10PAC_OECD
WITCH 5.0,ENGAGE-INDCi2030-1400-NDCp,2121.286699199186,0.002005797893069794,R10PAC_OECD
WITCH 5.0,ENGAGE-INDCi2030-1400f,1856.778620049225,0.0017579996725702125,R10PAC_OECD
WITCH 5.0,ENGAGE-INDCi2030-1400f-NDCp,1864.4549527116953,0.0017643738533651683,R10PAC_OECD
WITCH 5.0,ENGAGE-INDCi2030-1600-NDCp,2183.5702965336754,0.0020588356956945408,R10PAC_OECD
WITCH 5.0,ENGAGE-INDCi2030-500f,1550.1257959992242,0.0015041511021220443,R10PAC_OECD
WITCH 5.0,ENGAGE-INDCi2030-600f,1598.4465913697675,0.0015441170420010706,R10PAC_OECD
WITCH 5.0,ENGAGE-INDCi2030-600f-NDCp,1622.8591597870495,0.0015654338565778791,R10PAC_OECD
WITCH 5.0,ENGAGE-INDCi2030-700f,1635.89948024705,0.0015739054436684117,R10PAC_OECD
WITCH 5.0,ENGAGE-INDCi2030-700f-NDCp,1653.2774212740012,0.001587978246177216,R10PAC_OECD
WITCH 5.0,ENGAGE-INDCi2030-800,1904.2988339633137,0.0018234645366432408,R10PAC_OECD
WITCH 5.0,ENGAGE-INDCi2030-800-NDCp,1910.9845945304658,0.0018281646638442825,R10PAC_OECD
WITCH 5.0,ENGAGE-INDCi2030-800f,1670.351819905604,0.0016008195205077882,R10PAC_OECD
WITCH 5.0,ENGAGE-INDCi2030-800f-NDCp,1693.036173904736,0.00162081323972229,R10PAC_OECD
WITCH 5.0,ENGAGE-INDCi2030-900,1960.6982045266434,0.0018698832682021878,R10PAC_OECD
WITCH 5.0,ENGAGE-INDCi2030-900-NDCp,1642.042474278853,0.0015651930127490562,R10PAC_OECD
WITCH 5.0,ENGAGE-INDCi2030-900f,1740.1956872481333,0.0016627814057284477,R10PAC_OECD
WITCH 5.0,ENGAGE-INDCi2030-900f-NDCp,1746.3737951167686,0.0016674407901009043,R10PAC_OECD
IMAGE 3.0,ENGAGE-INDCi2030-1000,1791.4852869873048,0.0038263479081070435,R10REF_ECON
IMAGE 3.0,ENGAGE-INDCi2030-1000f,1823.2558204345705,0.0038942050739338547,R10REF_ECON
IMAGE 3.0,ENGAGE-INDCi2030-1200,1831.5504339599609,0.003911921143020198,R10REF_ECON
IMAGE 3.0,ENGAGE-INDCi2030-1200f,1877.546237670898,0.004010161384561346,R10REF_ECON
IMAGE 3.0,ENGAGE-INDCi2030-1400f,1958.9210909423828,0.004183966049243513,R10REF_ECON
IMAGE 3.0,ENGAGE-INDCi2030-800f,1775.6942939453124,0.0037926206798501094,R10REF_ECON
IMAGE 3.0,ENGAGE-NPi2020-1000,1800.1668354492188,0.003844890413054007,R10REF_ECON
IMAGE 3.0,ENGAGE-NPi2020-1200,1851.6785269775396,0.003954911776083958,R10REF_ECON
IMAGE 3.0,ENGAGE-NPi2020-1400,1913.6696036376954,0.004087315557584605,R10REF_ECON
IMAGE 3.0,ENGAGE-NPi2020-1400f,1936.6886013183594,0.0041364807359212065,R10REF_ECON
IMAGE 3.2,SSP2021-SSP1-SPA1-19-Default,1655.7586358642575,0.0047551720077035065,R10REF_ECON
IMAGE 3.2,SSP2021-SSP1-SPA1-19-Lifestyle-Renewables,1728.9645545654298,0.005082672788752296,R10REF_ECON
IMAGE 3.2,SSP2021-SSP1-SPA1-19-Renewables,1647.5786511230472,0.004731679915545677,R10REF_ECON
IMAGE 3.2,SSP2021-SSP1-SPA1-26-Default,1771.2973177490233,0.005086987463172126,R10REF_ECON
IMAGE 3.2,SSP2021-SSP1-SPA1-26-Lifestyle,1736.8426992187503,0.004988037269573566,R10REF_ECON
IMAGE 3.2,SSP2021-SSP1-SPA1-26-Lifestyle-Renewables,1847.182180908203,0.005430199585051671,R10REF_ECON
IMAGE 3.2,SSP2021-SSP1-SPA1-26-Renewables,1735.4325814208983,0.004983987553307758,R10REF_ECON
IMAGE 3.2,SSP2021-SSP2-SPA0-26-Default,1849.491219482422,0.005261203234539239,R10REF_ECON
IMAGE 3.2,SSP2021-SSP2-SPA2-19-Renewables,1752.4534531249997,0.005151723588684106,R10REF_ECON
IMAGE 3.2,SSP2021-SSP2-SPA2-26-Default,1952.4560114746093,0.005739675237733332,R10REF_ECON
IMAGE 3.2,SSP2021-SSP2-SPA2-26-Lifestyle,1891.4767578125004,0.005560413267065155,R10REF_ECON
IMAGE 3.2,SSP2021-SSP2-SPA2-26-Lifestyle-Renewables,1851.6064204101563,0.005443205613236646,R10REF_ECON
IMAGE 3.2,SSP2021-SSP2-SPA2-26-Renewables,1929.4939396972652,0.005672173161367504,R10REF_ECON
IMAGE 3.3,NAVIGATE Demand-1.5°C-ele_u,1675.7165397949218,0.004835553660193878,R10REF_ECON
IMAGE 3.3,NAVIGATE Demand-1.5°C-tec_u,1490.507547973633,0.00430110287628513,R10REF_ECON
IMAGE 3.3,NAVIGATE Demand-2.0°C-ele_u,1774.00884375,0.00511919215087622,R10REF_ECON
IMAGE 3.3,NAVIGATE Demand-2.0°C-ref,1828.3807270507814,0.005276091097125748,R10REF_ECON
IMAGE 3.3,NAVIGATE Demand-2.0°C-tec_u,1638.185090209961,0.004727250534872247,R10REF_ECON
MESSAGEix-GLOBIOM 2.0-M-R12-NGFS,NGFS Phase 5-Below 2°C,1735.4780818552117,0.002276838556259869,R10REF_ECON
MESSAGEix-GLOBIOM 2.0-M-R12-NGFS,NGFS Phase 5-Delayed Transition,1752.0954947425653,0.0022979815645751364,R10REF_ECON
MESSAGEix-GLOBIOM 2.0-M-R12-NGFS,NGFS Phase 5-Low Demand,1036.1322836226186,0.0013488582508493123,R10REF_ECON
MESSAGEix-GLOBIOM 2.0-M-R12-NGFS,NGFS Phase 5-Nationally Determined Contributions (NDCs),2418.263401399246,0.003159973691405339,R10REF_ECON
MESSAGEix-GLOBIOM 2.0-M-R12-NGFS,NGFS Phase 5-Net-Zero 2050,1611.1282878643012,0.0021232425630082342,R10REF_ECON
POLES-JRC ENGAGE,ENGAGE-INDCi2030-1000,1679.3639841079712,0.005104768190498733,R10REF_ECON
POLES-JRC ENGAGE,ENGAGE-INDCi2030-1000-COV,1616.669620513916,0.005516354018322993,R10REF_ECON
POLES-JRC ENGAGE,ENGAGE-INDCi2030-1000-COV-NDCp,1614.105670928955,0.00550760538259909,R10REF_ECON
POLES-JRC ENGAGE,ENGAGE-INDCi2030-1000-NDCp,1780.8947525024414,0.005413391598980538,R10REF_ECON
POLES-JRC ENGAGE,ENGAGE-INDCi2030-1000f,1689.680640220642,0.005136127763798294,R10REF_ECON
POLES-JRC ENGAGE,ENGAGE-INDCi2030-1000f-COV,1620.9210891723633,0.0055308607585500685,R10REF_ECON
POLES-JRC ENGAGE,ENGAGE-INDCi2030-1000f-COV-NDCp,1627.085618019104,0.005551895188246332,R10REF_ECON
POLES-JRC ENGAGE,ENGAGE-INDCi2030-1000f-NDCp,1781.4927072525024,0.005415209203988359,R10REF_ECON
POLES-JRC ENGAGE,ENGAGE-INDCi2030-1200,1727.0347270965576,0.005249673103744705,R10REF_ECON
POLES-JRC ENGAGE,ENGAGE-INDCi2030-1200f,1738.8063468933105,0.005285455334909457,R10REF_ECON
POLES-JRC ENGAGE,ENGAGE-INDCi2030-300f,1567.2391090393066,0.004763941841338821,R10REF_ECON
POLES-JRC ENGAGE,ENGAGE-INDCi2030-400f,1576.639741897583,0.00479251697575852,R10REF_ECON
POLES-JRC ENGAGE,ENGAGE-INDCi2030-500f,1604.9265956878662,0.004878500617663659,R10REF_ECON
POLES-JRC ENGAGE,ENGAGE-INDCi2030-600f,1613.3491735458374,0.004904102755102737,R10REF_ECON
POLES-JRC ENGAGE,ENGAGE-INDCi2030-600f-COV,1548.8936204910278,0.005285090682061829,R10REF_ECON
POLES-JRC ENGAGE,ENGAGE-INDCi2030-600f-COV-NDCp,1548.218180656433,0.00528278596550229,R10REF_ECON
POLES-JRC ENGAGE,ENGAGE-INDCi2030-600f-NDCp,1693.7498445510864,0.005148496937499328,R10REF_ECON
POLES-JRC ENGAGE,ENGAGE-INDCi2030-700f,1637.8016214370728,0.004978430940866057,R10REF_ECON
POLES-JRC ENGAGE,ENGAGE-INDCi2030-800f,1653.045075416565,0.005024766517741713,R10REF_ECON
POLES-JRC ENGAGE,ENGAGE-INDCi2030-900,1708.334156036377,0.005192828916781343,R10REF_ECON
POLES-JRC ENGAGE,ENGAGE-INDCi2030-900f,1674.0728454589844,0.005088684699056457,R10REF_ECON
POLES-JRC ENGAGE,ENGAGE-NPi2020-1000f,1715.7461109161377,0.005215359060250932,R10REF_ECON
POLES-JRC ENGAGE,ENGAGE-NPi2020-1000f-COV,1642.602445602417,0.005604841265233679,R10REF_ECON
POLES-JRC ENGAGE,ENGAGE-NPi2020-1200f,1754.5289878845215,0.005333247498110573,R10REF_ECON
POLES-JRC ENGAGE,ENGAGE-NPi2020-900f,1688.670247077942,0.005133056468460557,R10REF_ECON
REMIND-MAgPIE 2.1-4.2,NGFS Phase 2-Delayed Transition,1569.2154999999998,0.0052236762327198885,R10REF_ECON
REMIND-MAgPIE 3.2.0-4.8.0,RESCUE-End-of-Century-Budget-1150,2541.3003685000003,0.007388624268613487,R10REF_ECON
REMIND-MAgPIE 3.2.0-4.8.0,RESCUE-End-of-Century-Budget-1150-with-OAE,2521.25194925,0.007323067107469856,R10REF_ECON
REMIND-MAgPIE 3.2.0-4.8.0,RESCUE-End-of-Century-Budget-500,2844.9768679000003,0.008368582064541571,R10REF_ECON
REMIND-MAgPIE 3.2.0-4.8.0,RESCUE-End-of-Century-Budget-500-with-OAE,2837.5150149,0.00833742687541846,R10REF_ECON
REMIND-MAgPIE 3.2.0-4.8.0,RESCUE-Peak-Budget-1150,2253.6299480000002,0.006571096463925789,R10REF_ECON
REMIND-MAgPIE 3.2.0-4.8.0,RESCUE-Peak-Budget-1150-with-OAE,2253.38576965,0.0065717601583038295,R10REF_ECON
REMIND-MAgPIE 3.3-4.8,NGFS Phase 5-Below 2°C,2189.5308471499998,0.006230103256713603,R10REF_ECON
REMIND-MAgPIE 3.3-4.8,NGFS Phase 5-Delayed Transition,2037.40262035,0.006016942443933936,R10REF_ECON
REMIND-MAgPIE 3.3-4.8,NGFS Phase 5-Low Demand,1229.2155520999997,0.003452077681466998,R10REF_ECON
REMIND-MAgPIE 3.3-4.8,NGFS Phase 5-Net-Zero 2050,1874.0696825000002,0.0056067485277715694,R10REF_ECON
WITCH 5.0,ENGAGE-INDCi2030-1000,2877.2903202074513,0.004199438169109376,R10REF_ECON
WITCH 5.0,ENGAGE-INDCi2030-1000-NDCp,2870.9622638878363,0.004183994703356251,R10REF_ECON
WITCH 5.0,ENGAGE-INDCi2030-1000f,2852.127537849808,0.004156560913694172,R10REF_ECON
WITCH 5.0,ENGAGE-INDCi2030-1000f-NDCp,2868.662556621103,0.004167432604942824,R10REF_ECON
WITCH 5.0,ENGAGE-INDCi2030-1200,2907.9608593197804,0.004200474378257037,R10REF_ECON
WITCH 5.0,ENGAGE-INDCi2030-1200-NDCp,2920.10910593212,0.004215392565796662,R10REF_ECON
WITCH 5.0,ENGAGE-INDCi2030-1200f,2919.6485064111266,0.004207906641286256,R10REF_ECON
WITCH 5.0,ENGAGE-INDCi2030-1200f-NDCp,2929.710054826389,0.004216427868229174,R10REF_ECON
WITCH 5.0,ENGAGE-INDCi2030-1400,2981.3178023436503,0.0042648781759036325,R10REF_ECON
WITCH 5.0,ENGAGE-INDCi2030-1400-NDCp,2999.549446427711,0.0042847032689359915,R10REF_ECON
WITCH 5.0,ENGAGE-INDCi2030-1400f,2992.004633568963,0.004275799320238299,R10REF_ECON
WITCH 5.0,ENGAGE-INDCi2030-1400f-NDCp,3004.4997653998475,0.004285164290115342,R10REF_ECON
WITCH 5.0,ENGAGE-INDCi2030-1600-NDCp,3087.8373818160767,0.004362554644208797,R10REF_ECON
WITCH 5.0,ENGAGE-INDCi2030-500f,2586.8135953893384,0.003984400677992783,R10REF_ECON
WITCH 5.0,ENGAGE-INDCi2030-600f,2652.813240777601,0.004019753147240117,R10REF_ECON
WITCH 5.0,ENGAGE-INDCi2030-600f-NDCp,2678.3322890583336,0.004034616925777787,R10REF_ECON
WITCH 5.0,ENGAGE-INDCi2030-700f,2713.815324784261,0.004056845024892889,R10REF_ECON
WITCH 5.0,ENGAGE-INDCi2030-700f-NDCp,2739.981179019005,0.004075260940337186,R10REF_ECON
WITCH 5.0,ENGAGE-INDCi2030-800,2787.3736143067326,0.0041311757579752485,R10REF_ECON
WITCH 5.0,ENGAGE-INDCi2030-800-NDCp,2801.980752300369,0.0041439806983886,R10REF_ECON
WITCH 5.0,ENGAGE-INDCi2030-800f,2784.855662496941,0.004113442802186529,R10REF_ECON
WITCH 5.0,ENGAGE-INDCi2030-800f-NDCp,2799.013571688196,0.004123956775423677,R10REF_ECON
WITCH 5.0,ENGAGE-INDCi2030-900,2837.7813852123218,0.004162854529999133,R10REF_ECON
WITCH 5.0,ENGAGE-INDCi2030-900-NDCp,2875.681341119412,0.004211633919753503,R10REF_ECON
WITCH 5.0,ENGAGE-INDCi2030-900f,2828.4740497083208,0.004147164882961489,R10REF_ECON
WITCH 5.0,ENGAGE-INDCi2030-900f-NDCp,2835.0157707181233,0.004144853868691408,R10REF_ECON
IMAGE 3.0,ENGAGE-INDCi2030-1000,4370.720739013672,0.0015106700925647807,R10NORTH_AM
IMAGE 3.0,ENGAGE-INDCi2030-1000f,4439.056341064453,0.0015342892063082085,R10NORTH_AM
IMAGE 3.0,ENGAGE-INDCi2030-1200,4564.611528564454,0.001577685359494014,R10NORTH_AM
IMAGE 3.0,ENGAGE-INDCi2030-1200f,4603.495856933594,0.0015911251090100138,R10NORTH_AM
IMAGE 3.0,ENGAGE-INDCi2030-1400f,4786.837875976562,0.0016544943612265617,R10NORTH_AM
IMAGE 3.0,ENGAGE-INDCi2030-800f,4270.85762890625,0.0014761539972116308,R10NORTH_AM
IMAGE 3.0,ENGAGE-NPi2020-1000,4576.251035400391,0.0015817083698667202,R10NORTH_AM
IMAGE 3.0,ENGAGE-NPi2020-1200,4748.614893798828,0.0016412831955007073,R10NORTH_AM
IMAGE 3.0,ENGAGE-NPi2020-1400,4898.821716796875,0.0016931997943300178,R10NORTH_AM
IMAGE 3.0,ENGAGE-NPi2020-1400f,4931.151496826173,0.0017043740684842801,R10NORTH_AM
IMAGE 3.2,SSP2021-SSP1-SPA1-19-Default,3856.4036723632807,0.0013218210180488252,R10NORTH_AM
IMAGE 3.2,SSP2021-SSP1-SPA1-19-Lifestyle-Renewables,3614.4814916992186,0.00139115717347808,R10NORTH_AM
IMAGE 3.2,SSP2021-SSP1-SPA1-19-Renewables,3904.4629335937498,0.0013382938116159476,R10NORTH_AM
IMAGE 3.2,SSP2021-SSP1-SPA1-26-Default,4039.5699985351566,0.0013846031125343851,R10NORTH_AM
IMAGE 3.2,SSP2021-SSP1-SPA1-26-Lifestyle,3748.602278320313,0.001284871009562386,R10NORTH_AM
IMAGE 3.2,SSP2021-SSP1-SPA1-26-Lifestyle-Renewables,3782.6283559570315,0.0014558742613777704,R10NORTH_AM
IMAGE 3.2,SSP2021-SSP1-SPA1-26-Renewables,4026.6045200195313,0.0013801590647979324,R10NORTH_AM
IMAGE 3.2,SSP2021-SSP2-SPA0-26-Default,4391.784916015626,0.0016986368681121656,R10NORTH_AM
IMAGE 3.2,SSP2021-SSP2-SPA2-19-Renewables,3915.046536621093,0.001506839939955121,R10NORTH_AM
IMAGE 3.2,SSP2021-SSP2-SPA2-26-Default,4268.369840820314,0.0016428285320457252,R10NORTH_AM
IMAGE 3.2,SSP2021-SSP2-SPA2-26-Lifestyle,3812.739250488281,0.0014674634718975057,R10NORTH_AM
IMAGE 3.2,SSP2021-SSP2-SPA2-26-Lifestyle-Renewables,3671.888308105469,0.001413252155741373,R10NORTH_AM
IMAGE 3.2,SSP2021-SSP2-SPA2-26-Renewables,4116.1197812499995,0.0015842298746670327,R10NORTH_AM
IMAGE 3.3,NAVIGATE Demand-1.5°C-ele_u,3982.113461914063,0.0015409995340685742,R10NORTH_AM
IMAGE 3.3,NAVIGATE Demand-1.5°C-tec_u,3694.881231933594,0.0014298463143517692,R10NORTH_AM
IMAGE 3.3,NAVIGATE Demand-2.0°C-ele_u,4080.569589355469,0.0015791001175814497,R10NORTH_AM
IMAGE 3.3,NAVIGATE Demand-2.0°C-ref,4195.037897949219,0.0016233971000495983,R10NORTH_AM
IMAGE 3.3,NAVIGATE Demand-2.0°C-tec_u,3924.231304199219,0.0015186002782657058,R10NORTH_AM
MESSAGEix-GLOBIOM 2.0-M-R12-NGFS,NGFS Phase 5-Below 2°C,4565.720188021795,0.0014070339615903796,R10NORTH_AM
MESSAGEix-GLOBIOM 2.0-M-R12-NGFS,NGFS Phase 5-Delayed Transition,4604.356328101571,0.001417717176584383,R10NORTH_AM
MESSAGEix-GLOBIOM 2.0-M-R12-NGFS,NGFS Phase 5-Low Demand,3321.109672740754,0.0010191786083069653,R10NORTH_AM
MESSAGEix-GLOBIOM 2.0-M-R12-NGFS,NGFS Phase 5-Nationally Determined Contributions (NDCs),4870.221761951789,0.0014975230289952057,R10NORTH_AM
MESSAGEix-GLOBIOM 2.0-M-R12-NGFS,NGFS Phase 5-Net-Zero 2050,4189.01181492462,0.0012952465382277804,R10NORTH_AM
POLES-JRC ENGAGE,ENGAGE-INDCi2030-1000,3384.341007232666,0.0009317835686662509,R10NORTH_AM
POLES-JRC ENGAGE,ENGAGE-INDCi2030-1000-COV,3478.092725753784,0.0010190121895353968,R10NORTH_AM
POLES-JRC ENGAGE,ENGAGE-INDCi2030-1000-COV-NDCp,3439.6247730255127,0.0010077418422998771,R10NORTH_AM
POLES-JRC ENGAGE,ENGAGE-INDCi2030-1000-NDCp,3627.750337600708,0.000998799514758058,R10NORTH_AM
POLES-JRC ENGAGE,ENGAGE-INDCi2030-1000f,3640.557872772217,0.0010023257110847352,R10NORTH_AM
POLES-JRC ENGAGE,ENGAGE-INDCi2030-1000f-COV,3569.357168197632,0.0010457508611736801,R10NORTH_AM
POLES-JRC ENGAGE,ENGAGE-INDCi2030-1000f-COV-NDCp,3530.119899749756,0.0010342551196897342,R10NORTH_AM
POLES-JRC ENGAGE,ENGAGE-INDCi2030-1000f-NDCp,3777.339517593384,0.0010399847084691985,R10NORTH_AM
POLES-JRC ENGAGE,ENGAGE-INDCi2030-1200,3733.4448013305664,0.0010278995269589568,R10NORTH_AM
POLES-JRC ENGAGE,ENGAGE-INDCi2030-1200f,3786.971290588379,0.0010426365475701283,R10NORTH_AM
POLES-JRC ENGAGE,ENGAGE-INDCi2030-300f,3005.878523826599,0.0008275845170219988,R10NORTH_AM
POLES-JRC ENGAGE,ENGAGE-INDCi2030-400f,3036.1192264556885,0.0008359104480539158,R10NORTH_AM
POLES-JRC ENGAGE,ENGAGE-INDCi2030-500f,3128.129780769348,0.0008612429788095695,R10NORTH_AM
POLES-JRC ENGAGE,ENGAGE-INDCi2030-600f,3208.63295173645,0.0008834072736523081,R10NORTH_AM
POLES-JRC ENGAGE,ENGAGE-INDCi2030-600f-COV,3169.959499359131,0.000928735265239489,R10NORTH_AM
POLES-JRC ENGAGE,ENGAGE-INDCi2030-600f-COV-NDCp,3161.066442489624,0.0009261297759478558,R10NORTH_AM
POLES-JRC ENGAGE,ENGAGE-INDCi2030-600f-NDCp,3328.107208251953,0.0009163011661004544,R10NORTH_AM
POLES-JRC ENGAGE,ENGAGE-INDCi2030-700f,3345.100841522217,0.0009209798873697745,R10NORTH_AM
POLES-JRC ENGAGE,ENGAGE-INDCi2030-800f,3451.122489929199,0.0009501699807136233,R10NORTH_AM
POLES-JRC ENGAGE,ENGAGE-INDCi2030-900,3211.342725753784,0.0008841533340814299,R10NORTH_AM
POLES-JRC ENGAGE,ENGAGE-INDCi2030-900f,3575.0679054260254,0.0009842948816395762,R10NORTH_AM
POLES-JRC ENGAGE,ENGAGE-NPi2020-1000f,3804.964735031128,0.0010475905388610863,R10NORTH_AM
POLES-JRC ENGAGE,ENGAGE-NPi2020-1000f-COV,3705.607110977173,0.0010856693922375012,R10NORTH_AM
POLES-JRC ENGAGE,ENGAGE-NPi2020-1200f,3895.301805496216,0.0010724623226798342,R10NORTH_AM
POLES-JRC ENGAGE,ENGAGE-NPi2020-900f,3740.637794494629,0.0010298799162948655,R10NORTH_AM
REMIND-MAgPIE 2.1-4.2,NGFS Phase 2-Delayed Transition,3388.80585,0.0013736506471830202,R10NORTH_AM
REMIND-MAgPIE 3.2.0-4.8.0,RESCUE-End-of-Century-Budget-1150,3894.6265610500004,0.0014304186381397955,R10NORTH_AM
REMIND-MAgPIE 3.2.0-4.8.0,RESCUE-End-of-Century-Budget-1150-with-OAE,3939.8700607,0.0014473392717158997,R10NORTH_AM
REMIND-MAgPIE 3.2.0-4.8.0,RESCUE-End-of-Century-Budget-500,3782.3059722500007,0.0013891296983097564,R10NORTH_AM
REMIND-MAgPIE 3.2.0-4.8.0,RESCUE-End-of-Century-Budget-500-with-OAE,3851.9459095500006,0.0014144442639647636,R10NORTH_AM
REMIND-MAgPIE 3.2.0-4.8.0,RESCUE-Peak-Budget-1150,3758.16965525,0.001380613004102024,R10NORTH_AM
REMIND-MAgPIE 3.2.0-4.8.0,RESCUE-Peak-Budget-1150-with-OAE,3756.8506709500007,0.001380170577086397,R10NORTH_AM
REMIND-MAgPIE 3.3-4.8,NGFS Phase 5-Below 2°C,3618.69727175,0.0013700229562530618,R10NORTH_AM
REMIND-MAgPIE 3.3-4.8,NGFS Phase 5-Delayed Transition,3471.27254405,0.0013239334547279292,R10NORTH_AM
REMIND-MAgPIE 3.3-4.8,NGFS Phase 5-Low Demand,2578.0800017999995,0.0009777480354853448,R10NORTH_AM
REMIND-MAgPIE 3.3-4.8,NGFS Phase 5-Net-Zero 2050,3306.3448789999998,0.0012593243186169243,R10NORTH_AM
WITCH 5.0,ENGAGE-INDCi2030-1000,6769.109351218268,0.0022850161171594674,R10NORTH_AM
WITCH 5.0,ENGAGE-INDCi2030-1000-NDCp,6763.867281859064,0.002289402407509378,R10NORTH_AM
WITCH 5.0,ENGAGE-INDCi2030-1000f,7002.187451742466,0.002386225425218677,R10NORTH_AM
WITCH 5.0,ENGAGE-INDCi2030-1000f-NDCp,6994.174354329302,0.0023819616363099034,R10NORTH_AM
WITCH 5.0,ENGAGE-INDCi2030-1200,6632.057659505688,0.002235798925848845,R10NORTH_AM
WITCH 5.0,ENGAGE-INDCi2030-1200-NDCp,6452.178066221579,0.0021725309353943494,R10NORTH_AM
WITCH 5.0,ENGAGE-INDCi2030-1200f,6781.927133715013,0.0022929617792301024,R10NORTH_AM
WITCH 5.0,ENGAGE-INDCi2030-1200f-NDCp,6642.309122837395,0.002241912352708709,R10NORTH_AM
WITCH 5.0,ENGAGE-INDCi2030-1400,6434.90925336096,0.0021572943696183617,R10NORTH_AM
WITCH 5.0,ENGAGE-INDCi2030-1400-NDCp,6364.260276627781,0.0021311137347946887,R10NORTH_AM
WITCH 5.0,ENGAGE-INDCi2030-1400f,6495.748474430153,0.0021794753020635406,R10NORTH_AM
WITCH 5.0,ENGAGE-INDCi2030-1400f-NDCp,6452.802814425797,0.0021636717402776172,R10NORTH_AM
WITCH 5.0,ENGAGE-INDCi2030-1600-NDCp,6436.078983094206,0.0021471043351770185,R10NORTH_AM
WITCH 5.0,ENGAGE-INDCi2030-500f,6972.88102227945,0.0024328029375327684,R10NORTH_AM
WITCH 5.0,ENGAGE-INDCi2030-600f,7065.259115300806,0.0024518050427400377,R10NORTH_AM
WITCH 5.0,ENGAGE-INDCi2030-600f-NDCp,7080.891791280004,0.0024527919250238554,R10NORTH_AM
WITCH 5.0,ENGAGE-INDCi2030-700f,7172.04924701029,0.0024776168093871417,R10NORTH_AM
WITCH 5.0,ENGAGE-INDCi2030-700f-NDCp,7179.834526330087,0.002476527984738266,R10NORTH_AM
WITCH 5.0,ENGAGE-INDCi2030-800,7025.174982283074,0.0023989239918721698,R10NORTH_AM
WITCH 5.0,ENGAGE-INDCi2030-800-NDCp,7022.119564817936,0.002393757737335147,R10NORTH_AM
WITCH 5.0,ENGAGE-INDCi2030-800f,7262.044565206783,0.002498916205334214,R10NORTH_AM
WITCH 5.0,ENGAGE-INDCi2030-800f-NDCp,7176.481519454495,0.002464505075407386,R10NORTH_AM
WITCH 5.0,ENGAGE-INDCi2030-900,7198.789223506106,0.002458410268366292,R10NORTH_AM
WITCH 5.0,ENGAGE-INDCi2030-900-NDCp,6916.65489104081,0.002350163265174349,R10NORTH_AM
WITCH 5.0,ENGAGE-INDCi2030-900f,7159.509365241006,0.0024519494209503273,R10NORTH_AM
WITCH 5.0,ENGAGE-INDCi2030-900f-NDCp,7105.351018003785,0.0024299492211891024,R10NORTH_AM
