model,scenario,flexibility_score,region
IMAGE 3.0,ENGAGE-INDCi2030-1000,38.18971917385525,R10LATIN_AM
IMAGE 3.0,ENGAGE-INDCi2030-1000f,38.40052361296284,R10LATIN_AM
IMAGE 3.0,ENGAGE-INDCi2030-1200,38.35099556340044,R10LATIN_AM
IMAGE 3.0,ENGAGE-INDCi2030-1200f,38.389118339630464,R10LATIN_AM
IMAGE 3.0,ENGAGE-INDCi2030-1400f,38.407672541073985,R10LATIN_AM
IMAGE 3.0,ENGAGE-INDCi2030-800f,38.20190523598592,R10LATIN_AM
IMAGE 3.0,ENGAGE-NPi2020-1000,38.239748977100916,R10LATIN_AM
IMAGE 3.0,ENGAGE-NPi2020-1200,38.318712817784736,R10LATIN_AM
IMAGE 3.0,ENGAGE-NPi2020-1400,38.34655567543978,R10LATIN_AM
IMAGE 3.0,ENGAGE-NPi2020-1400f,38.332384316338896,R10LATIN_AM
IMAGE 3.2,SSP2021-SSP1-SPA1-19-Default,37.75673667405772,R10LATIN_AM
IMAGE 3.2,SSP2021-SSP1-SPA1-19-Lifestyle-Renewables,37.916355257082664,R10LATIN_AM
IMAGE 3.2,SSP2021-SSP1-SPA1-19-Renewables,37.45248802200814,R10LATIN_AM
IMAGE 3.2,SSP2021-SSP1-SPA1-26-Default,37.85015192597258,R10LATIN_AM
IMAGE 3.2,SSP2021-SSP1-SPA1-26-Lifestyle,37.90451980437085,R10LATIN_AM
IMAGE 3.2,SSP2021-SSP1-SPA1-26-Lifestyle-Renewables,38.07155420437898,R10LATIN_AM
IMAGE 3.2,SSP2021-SSP1-SPA1-26-Renewables,37.42447659037305,R10LATIN_AM
IMAGE 3.2,SSP2021-SSP2-SPA0-26-Default,38.38373480568426,R10LATIN_AM
IMAGE 3.2,SSP2021-SSP2-SPA2-19-Renewables,37.49808570765894,R10LATIN_AM
IMAGE 3.2,SSP2021-SSP2-SPA2-26-Default,38.390731739977525,R10LATIN_AM
IMAGE 3.2,SSP2021-SSP2-SPA2-26-Lifestyle,38.41595703535892,R10LATIN_AM
IMAGE 3.2,SSP2021-SSP2-SPA2-26-Lifestyle-Renewables,38.11589298832286,R10LATIN_AM
IMAGE 3.2,SSP2021-SSP2-SPA2-26-Renewables,38.01871058589798,R10LATIN_AM
IMAGE 3.3,NAVIGATE Demand-1.5°C-ele_u,36.200741752622015,R10LATIN_AM
IMAGE 3.3,NAVIGATE Demand-1.5°C-tec_u,36.805582180043025,R10LATIN_AM
IMAGE 3.3,NAVIGATE Demand-2.0°C-ele_u,36.80702702237399,R10LATIN_AM
IMAGE 3.3,NAVIGATE Demand-2.0°C-ref,37.36730181255028,R10LATIN_AM
IMAGE 3.3,NAVIGATE Demand-2.0°C-tec_u,37.490791698668986,R10LATIN_AM
MESSAGEix-GLOBIOM 2.0-M-R12-NGFS,NGFS Phase 5-Below 2°C,36.080329559137276,R10LATIN_AM
MESSAGEix-GLOBIOM 2.0-M-R12-NGFS,NGFS Phase 5-Delayed Transition,36.4541283689566,R10LATIN_AM
MESSAGEix-GLOBIOM 2.0-M-R12-NGFS,NGFS Phase 5-Low Demand,36.34930825614334,R10LATIN_AM
MESSAGEix-GLOBIOM 2.0-M-R12-NGFS,NGFS Phase 5-Nationally Determined Contributions (NDCs),36.707255842195295,R10LATIN_AM
MESSAGEix-GLOBIOM 2.0-M-R12-NGFS,NGFS Phase 5-Net-Zero 2050,35.298176748520675,R10LATIN_AM
POLES-JRC ENGAGE,ENGAGE-INDCi2030-1000,37.30482565196709,R10LATIN_AM
POLES-JRC ENGAGE,ENGAGE-INDCi2030-1000-COV,37.52112901880347,R10LATIN_AM
POLES-JRC ENGAGE,ENGAGE-INDCi2030-1000-COV-NDCp,37.50578201143144,R10LATIN_AM
POLES-JRC ENGAGE,ENGAGE-INDCi2030-1000-NDCp,37.492952043314396,R10LATIN_AM
POLES-JRC ENGAGE,ENGAGE-INDCi2030-1000f,37.57197810095681,R10LATIN_AM
POLES-JRC ENGAGE,ENGAGE-INDCi2030-1000f-COV,37.69560373714519,R10LATIN_AM
POLES-JRC ENGAGE,ENGAGE-INDCi2030-1000f-COV-NDCp,37.69016248975154,R10LATIN_AM
POLES-JRC ENGAGE,ENGAGE-INDCi2030-1000f-NDCp,37.72106145960867,R10LATIN_AM
POLES-JRC ENGAGE,ENGAGE-INDCi2030-1200,37.63650631663822,R10LATIN_AM
POLES-JRC ENGAGE,ENGAGE-INDCi2030-1200f,37.75109189317277,R10LATIN_AM
POLES-JRC ENGAGE,ENGAGE-INDCi2030-300f,37.04177934388899,R10LATIN_AM
POLES-JRC ENGAGE,ENGAGE-INDCi2030-400f,37.09224917204459,R10LATIN_AM
POLES-JRC ENGAGE,ENGAGE-INDCi2030-500f,37.176495147938915,R10LATIN_AM
POLES-JRC ENGAGE,ENGAGE-INDCi2030-600f,37.22169142595064,R10LATIN_AM
POLES-JRC ENGAGE,ENGAGE-INDCi2030-600f-COV,37.30460581091679,R10LATIN_AM
POLES-JRC ENGAGE,ENGAGE-INDCi2030-600f-COV-NDCp,37.30002482152655,R10LATIN_AM
POLES-JRC ENGAGE,ENGAGE-INDCi2030-600f-NDCp,37.367934403684714,R10LATIN_AM
POLES-JRC ENGAGE,ENGAGE-INDCi2030-700f,37.30489348413933,R10LATIN_AM
POLES-JRC ENGAGE,ENGAGE-INDCi2030-800f,37.373449252583114,R10LATIN_AM
POLES-JRC ENGAGE,ENGAGE-INDCi2030-900,37.031848258673485,R10LATIN_AM
POLES-JRC ENGAGE,ENGAGE-INDCi2030-900f,37.47264079347613,R10LATIN_AM
POLES-JRC ENGAGE,ENGAGE-NPi2020-1000f,37.74742568941626,R10LATIN_AM
POLES-JRC ENGAGE,ENGAGE-NPi2020-1000f-COV,37.79413532507815,R10LATIN_AM
POLES-JRC ENGAGE,ENGAGE-NPi2020-1200f,37.84185108577168,R10LATIN_AM
POLES-JRC ENGAGE,ENGAGE-NPi2020-900f,37.654577233964154,R10LATIN_AM
REMIND-MAgPIE 2.1-4.2,NGFS Phase 2-Delayed Transition,37.072559123511866,R10LATIN_AM
REMIND-MAgPIE 3.2.0-4.8.0,RESCUE-End-of-Century-Budget-1150,36.62267390016733,R10LATIN_AM
REMIND-MAgPIE 3.2.0-4.8.0,RESCUE-End-of-Century-Budget-1150-with-OAE,36.60278020196044,R10LATIN_AM
REMIND-MAgPIE 3.2.0-4.8.0,RESCUE-End-of-Century-Budget-500,36.430149899215444,R10LATIN_AM
REMIND-MAgPIE 3.2.0-4.8.0,RESCUE-End-of-Century-Budget-500-with-OAE,36.42930774439084,R10LATIN_AM
REMIND-MAgPIE 3.2.0-4.8.0,RESCUE-Peak-Budget-1150,35.97629575224876,R10LATIN_AM
REMIND-MAgPIE 3.2.0-4.8.0,RESCUE-Peak-Budget-1150-with-OAE,35.97919762154503,R10LATIN_AM
REMIND-MAgPIE 3.3-4.8,NGFS Phase 5-Below 2°C,35.99553732548896,R10LATIN_AM
REMIND-MAgPIE 3.3-4.8,NGFS Phase 5-Delayed Transition,36.353357326628355,R10LATIN_AM
REMIND-MAgPIE 3.3-4.8,NGFS Phase 5-Low Demand,36.106844346891414,R10LATIN_AM
REMIND-MAgPIE 3.3-4.8,NGFS Phase 5-Net-Zero 2050,35.1413088322736,R10LATIN_AM
WITCH 5.0,ENGAGE-INDCi2030-1000,37.0900850722253,R10LATIN_AM
WITCH 5.0,ENGAGE-INDCi2030-1000-NDCp,36.908498130363306,R10LATIN_AM
WITCH 5.0,ENGAGE-INDCi2030-1000f,37.1476860424135,R10LATIN_AM
WITCH 5.0,ENGAGE-INDCi2030-1000f-NDCp,36.93891414395804,R10LATIN_AM
WITCH 5.0,ENGAGE-INDCi2030-1200,37.200610498675,R10LATIN_AM
WITCH 5.0,ENGAGE-INDCi2030-1200-NDCp,37.04112158694697,R10LATIN_AM
WITCH 5.0,ENGAGE-INDCi2030-1200f,37.24762930741415,R10LATIN_AM
WITCH 5.0,ENGAGE-INDCi2030-1200f-NDCp,37.0695174994035,R10LATIN_AM
WITCH 5.0,ENGAGE-INDCi2030-1400,37.33390807882234,R10LATIN_AM
WITCH 5.0,ENGAGE-INDCi2030-1400-NDCp,37.160015440406546,R10LATIN_AM
WITCH 5.0,ENGAGE-INDCi2030-1400f,37.33782164212887,R10LATIN_AM
WITCH 5.0,ENGAGE-INDCi2030-1400f-NDCp,37.159107985935435,R10LATIN_AM
WITCH 5.0,ENGAGE-INDCi2030-1600-NDCp,37.23006485719964,R10LATIN_AM
WITCH 5.0,ENGAGE-INDCi2030-500f,36.813931141324076,R10LATIN_AM
WITCH 5.0,ENGAGE-INDCi2030-600f,36.863781472038,R10LATIN_AM
WITCH 5.0,ENGAGE-INDCi2030-600f-NDCp,36.57317699175529,R10LATIN_AM
WITCH 5.0,ENGAGE-INDCi2030-700f,36.944407774310406,R10LATIN_AM
WITCH 5.0,ENGAGE-INDCi2030-700f-NDCp,36.69070677102149,R10LATIN_AM
WITCH 5.0,ENGAGE-INDCi2030-800,36.86300246505376,R10LATIN_AM
WITCH 5.0,ENGAGE-INDCi2030-800-NDCp,36.580469485688454,R10LATIN_AM
WITCH 5.0,ENGAGE-INDCi2030-800f,37.0245985729143,R10LATIN_AM
WITCH 5.0,ENGAGE-INDCi2030-800f-NDCp,36.80203356751282,R10LATIN_AM
WITCH 5.0,ENGAGE-INDCi2030-900,36.96227138468679,R10LATIN_AM
WITCH 5.0,ENGAGE-INDCi2030-900-NDCp,36.776328578494585,R10LATIN_AM
WITCH 5.0,ENGAGE-INDCi2030-900f,37.08532060109132,R10LATIN_AM
WITCH 5.0,ENGAGE-INDCi2030-900f-NDCp,36.885683022477565,R10LATIN_AM
IMAGE 3.0,ENGAGE-INDCi2030-1000,38.915568184591294,R10INDIA+
IMAGE 3.0,ENGAGE-INDCi2030-1000f,39.07587564348708,R10INDIA+
IMAGE 3.0,ENGAGE-INDCi2030-1200,39.03820593315753,R10INDIA+
IMAGE 3.0,ENGAGE-INDCi2030-1200f,39.1213357416145,R10INDIA+
IMAGE 3.0,ENGAGE-INDCi2030-1400f,39.12481964154457,R10INDIA+
IMAGE 3.0,ENGAGE-INDCi2030-800f,38.97815467930262,R10INDIA+
IMAGE 3.0,ENGAGE-NPi2020-1000,38.84631914837431,R10INDIA+
IMAGE 3.0,ENGAGE-NPi2020-1200,38.882111839008424,R10INDIA+
IMAGE 3.0,ENGAGE-NPi2020-1400,38.920049429823365,R10INDIA+
IMAGE 3.0,ENGAGE-NPi2020-1400f,38.9250907739295,R10INDIA+
IMAGE 3.2,SSP2021-SSP1-SPA1-19-Default,38.21261674935068,R10INDIA+
IMAGE 3.2,SSP2021-SSP1-SPA1-19-Lifestyle-Renewables,39.36698306102901,R10INDIA+
IMAGE 3.2,SSP2021-SSP1-SPA1-19-Renewables,37.689616580110766,R10INDIA+
IMAGE 3.2,SSP2021-SSP1-SPA1-26-Default,39.08036941349139,R10INDIA+
IMAGE 3.2,SSP2021-SSP1-SPA1-26-Lifestyle,39.06892162838018,R10INDIA+
IMAGE 3.2,SSP2021-SSP1-SPA1-26-Lifestyle-Renewables,39.23897234527845,R10INDIA+
IMAGE 3.2,SSP2021-SSP1-SPA1-26-Renewables,38.44799679892709,R10INDIA+
IMAGE 3.2,SSP2021-SSP2-SPA0-26-Default,39.78225242559422,R10INDIA+
IMAGE 3.2,SSP2021-SSP2-SPA2-19-Renewables,38.948425511222986,R10INDIA+
IMAGE 3.2,SSP2021-SSP2-SPA2-26-Default,39.486604372812074,R10INDIA+
IMAGE 3.2,SSP2021-SSP2-SPA2-26-Lifestyle,39.49393022822596,R10INDIA+
IMAGE 3.2,SSP2021-SSP2-SPA2-26-Lifestyle-Renewables,39.22373374152926,R10INDIA+
IMAGE 3.2,SSP2021-SSP2-SPA2-26-Renewables,39.18998459685937,R10INDIA+
IMAGE 3.3,NAVIGATE Demand-1.5°C-ele_u,36.83703102297522,R10INDIA+
IMAGE 3.3,NAVIGATE Demand-1.5°C-tec_u,36.64860313526154,R10INDIA+
IMAGE 3.3,NAVIGATE Demand-2.0°C-ele_u,38.295499792708355,R10INDIA+
IMAGE 3.3,NAVIGATE Demand-2.0°C-ref,38.07829235059416,R10INDIA+
IMAGE 3.3,NAVIGATE Demand-2.0°C-tec_u,38.056568506052145,R10INDIA+
MESSAGEix-GLOBIOM 2.0-M-R12-NGFS,NGFS Phase 5-Below 2°C,36.823621921690766,R10INDIA+
MESSAGEix-GLOBIOM 2.0-M-R12-NGFS,NGFS Phase 5-Delayed Transition,37.21993898115846,R10INDIA+
MESSAGEix-GLOBIOM 2.0-M-R12-NGFS,NGFS Phase 5-Low Demand,36.25059628545685,R10INDIA+
MESSAGEix-GLOBIOM 2.0-M-R12-NGFS,NGFS Phase 5-Nationally Determined Contributions (NDCs),38.19490532697036,R10INDIA+
MESSAGEix-GLOBIOM 2.0-M-R12-NGFS,NGFS Phase 5-Net-Zero 2050,35.73654204699918,R10INDIA+
POLES-JRC ENGAGE,ENGAGE-INDCi2030-1000,37.789304918060694,R10INDIA+
POLES-JRC ENGAGE,ENGAGE-INDCi2030-1000-COV,37.96616669260684,R10INDIA+
POLES-JRC ENGAGE,ENGAGE-INDCi2030-1000-COV-NDCp,37.95430793297885,R10INDIA+
POLES-JRC ENGAGE,ENGAGE-INDCi2030-1000-NDCp,38.0125035460148,R10INDIA+
POLES-JRC ENGAGE,ENGAGE-INDCi2030-1000f,38.12031402119857,R10INDIA+
POLES-JRC ENGAGE,ENGAGE-INDCi2030-1000f-COV,38.29582527879542,R10INDIA+
POLES-JRC ENGAGE,ENGAGE-INDCi2030-1000f-COV-NDCp,38.34993799344107,R10INDIA+
POLES-JRC ENGAGE,ENGAGE-INDCi2030-1000f-NDCp,38.345458554206054,R10INDIA+
POLES-JRC ENGAGE,ENGAGE-INDCi2030-1200,38.247196973320584,R10INDIA+
POLES-JRC ENGAGE,ENGAGE-INDCi2030-1200f,38.41052978561199,R10INDIA+
POLES-JRC ENGAGE,ENGAGE-INDCi2030-300f,37.722984849481556,R10INDIA+
POLES-JRC ENGAGE,ENGAGE-INDCi2030-400f,37.715117619908156,R10INDIA+
POLES-JRC ENGAGE,ENGAGE-INDCi2030-500f,37.73606633859399,R10INDIA+
POLES-JRC ENGAGE,ENGAGE-INDCi2030-600f,37.763174347474305,R10INDIA+
POLES-JRC ENGAGE,ENGAGE-INDCi2030-600f-COV,37.835246354437125,R10INDIA+
POLES-JRC ENGAGE,ENGAGE-INDCi2030-600f-COV-NDCp,37.80420941241,R10INDIA+
POLES-JRC ENGAGE,ENGAGE-INDCi2030-600f-NDCp,37.92672688211048,R10INDIA+
POLES-JRC ENGAGE,ENGAGE-INDCi2030-700f,37.79713363382214,R10INDIA+
POLES-JRC ENGAGE,ENGAGE-INDCi2030-800f,37.83662654383669,R10INDIA+
POLES-JRC ENGAGE,ENGAGE-INDCi2030-900,37.71894707456811,R10INDIA+
POLES-JRC ENGAGE,ENGAGE-INDCi2030-900f,37.94995623033709,R10INDIA+
POLES-JRC ENGAGE,ENGAGE-NPi2020-1000f,38.30738474065462,R10INDIA+
POLES-JRC ENGAGE,ENGAGE-NPi2020-1000f-COV,38.431987387897664,R10INDIA+
POLES-JRC ENGAGE,ENGAGE-NPi2020-1200f,38.4558446005218,R10INDIA+
POLES-JRC ENGAGE,ENGAGE-NPi2020-900f,38.13134885927102,R10INDIA+
REMIND-MAgPIE 2.1-4.2,NGFS Phase 2-Delayed Transition,37.87210244092296,R10INDIA+
REMIND-MAgPIE 3.2.0-4.8.0,RESCUE-End-of-Century-Budget-1150,38.1509487925781,R10INDIA+
REMIND-MAgPIE 3.2.0-4.8.0,RESCUE-End-of-Century-Budget-1150-with-OAE,38.15338572331986,R10INDIA+
REMIND-MAgPIE 3.2.0-4.8.0,RESCUE-End-of-Century-Budget-500,37.9666364971346,R10INDIA+
REMIND-MAgPIE 3.2.0-4.8.0,RESCUE-End-of-Century-Budget-500-with-OAE,37.9603732244981,R10INDIA+
REMIND-MAgPIE 3.2.0-4.8.0,RESCUE-Peak-Budget-1150,37.50374427660036,R10INDIA+
REMIND-MAgPIE 3.2.0-4.8.0,RESCUE-Peak-Budget-1150-with-OAE,37.514608340793714,R10INDIA+
REMIND-MAgPIE 3.3-4.8,NGFS Phase 5-Below 2°C,37.624355176163206,R10INDIA+
REMIND-MAgPIE 3.3-4.8,NGFS Phase 5-Delayed Transition,37.90001951308781,R10INDIA+
REMIND-MAgPIE 3.3-4.8,NGFS Phase 5-Low Demand,37.4475678379727,R10INDIA+
REMIND-MAgPIE 3.3-4.8,NGFS Phase 5-Net-Zero 2050,36.30940080713702,R10INDIA+
WITCH 5.0,ENGAGE-INDCi2030-1000,38.38104179516454,R10INDIA+
WITCH 5.0,ENGAGE-INDCi2030-1000-NDCp,38.38512677180416,R10INDIA+
WITCH 5.0,ENGAGE-INDCi2030-1000f,38.43011320767978,R10INDIA+
WITCH 5.0,ENGAGE-INDCi2030-1000f-NDCp,38.43658217888884,R10INDIA+
WITCH 5.0,ENGAGE-INDCi2030-1200,38.45191727290168,R10INDIA+
WITCH 5.0,ENGAGE-INDCi2030-1200-NDCp,38.45268307934949,R10INDIA+
WITCH 5.0,ENGAGE-INDCi2030-1200f,38.47291284885105,R10INDIA+
WITCH 5.0,ENGAGE-INDCi2030-1200f-NDCp,38.47721164821383,R10INDIA+
WITCH 5.0,ENGAGE-INDCi2030-1400,38.504104404236166,R10INDIA+
WITCH 5.0,ENGAGE-INDCi2030-1400-NDCp,38.50459636057918,R10INDIA+
WITCH 5.0,ENGAGE-INDCi2030-1400f,38.510876195302316,R10INDIA+
WITCH 5.0,ENGAGE-INDCi2030-1400f-NDCp,38.52080171118619,R10INDIA+
WITCH 5.0,ENGAGE-INDCi2030-1600-NDCp,38.547213672710626,R10INDIA+
WITCH 5.0,ENGAGE-INDCi2030-500f,38.230080219166105,R10INDIA+
WITCH 5.0,ENGAGE-INDCi2030-600f,38.27651009856853,R10INDIA+
WITCH 5.0,ENGAGE-INDCi2030-600f-NDCp,38.29155562424811,R10INDIA+
WITCH 5.0,ENGAGE-INDCi2030-700f,38.321546362320184,R10INDIA+
WITCH 5.0,ENGAGE-INDCi2030-700f-NDCp,38.337167420417586,R10INDIA+
WITCH 5.0,ENGAGE-INDCi2030-800,38.239906377887934,R10INDIA+
WITCH 5.0,ENGAGE-INDCi2030-800-NDCp,38.25133427516503,R10INDIA+
WITCH 5.0,ENGAGE-INDCi2030-800f,38.36318877291538,R10INDIA+
WITCH 5.0,ENGAGE-INDCi2030-800f-NDCp,38.37618150749414,R10INDIA+
WITCH 5.0,ENGAGE-INDCi2030-900,38.3154688112408,R10INDIA+
WITCH 5.0,ENGAGE-INDCi2030-900-NDCp,38.33043156837709,R10INDIA+
WITCH 5.0,ENGAGE-INDCi2030-900f,38.39679663359751,R10INDIA+
WITCH 5.0,ENGAGE-INDCi2030-900f-NDCp,38.40405061910451,R10INDIA+
IMAGE 3.0,ENGAGE-INDCi2030-1000,39.027490431597506,R10AFRICA
IMAGE 3.0,ENGAGE-INDCi2030-1000f,39.18025814460548,R10AFRICA
IMAGE 3.0,ENGAGE-INDCi2030-1200,39.1767169502874,R10AFRICA
IMAGE 3.0,ENGAGE-INDCi2030-1200f,39.169819794932835,R10AFRICA
IMAGE 3.0,ENGAGE-INDCi2030-1400f,39.17310204978584,R10AFRICA
IMAGE 3.0,ENGAGE-INDCi2030-800f,39.06079366189934,R10AFRICA
IMAGE 3.0,ENGAGE-NPi2020-1000,39.02655221570199,R10AFRICA
IMAGE 3.0,ENGAGE-NPi2020-1200,39.07417891585553,R10AFRICA
IMAGE 3.0,ENGAGE-NPi2020-1400,39.047096060399795,R10AFRICA
IMAGE 3.0,ENGAGE-NPi2020-1400f,39.07128328185653,R10AFRICA
IMAGE 3.2,SSP2021-SSP1-SPA1-19-Default,38.61888113485744,R10AFRICA
IMAGE 3.2,SSP2021-SSP1-SPA1-19-Lifestyle-Renewables,38.745173622273455,R10AFRICA
IMAGE 3.2,SSP2021-SSP1-SPA1-19-Renewables,37.9175310554224,R10AFRICA
IMAGE 3.2,SSP2021-SSP1-SPA1-26-Default,38.61500764435662,R10AFRICA
IMAGE 3.2,SSP2021-SSP1-SPA1-26-Lifestyle,38.65419179426073,R10AFRICA
IMAGE 3.2,SSP2021-SSP1-SPA1-26-Lifestyle-Renewables,38.90914834100793,R10AFRICA
IMAGE 3.2,SSP2021-SSP1-SPA1-26-Renewables,37.96388013626128,R10AFRICA
IMAGE 3.2,SSP2021-SSP2-SPA0-26-Default,39.24486607972872,R10AFRICA
IMAGE 3.2,SSP2021-SSP2-SPA2-19-Renewables,38.14129129822196,R10AFRICA
IMAGE 3.2,SSP2021-SSP2-SPA2-26-Default,39.284524820061286,R10AFRICA
IMAGE 3.2,SSP2021-SSP2-SPA2-26-Lifestyle,39.32746618128766,R10AFRICA
IMAGE 3.2,SSP2021-SSP2-SPA2-26-Lifestyle-Renewables,38.868953131331175,R10AFRICA
IMAGE 3.2,SSP2021-SSP2-SPA2-26-Renewables,38.76323118665622,R10AFRICA
IMAGE 3.3,NAVIGATE Demand-1.5°C-ele_u,36.74832326990868,R10AFRICA
IMAGE 3.3,NAVIGATE Demand-1.5°C-tec_u,37.54226473389638,R10AFRICA
IMAGE 3.3,NAVIGATE Demand-2.0°C-ele_u,37.81359372314309,R10AFRICA
IMAGE 3.3,NAVIGATE Demand-2.0°C-ref,38.35682787255298,R10AFRICA
IMAGE 3.3,NAVIGATE Demand-2.0°C-tec_u,38.47370504941616,R10AFRICA
MESSAGEix-GLOBIOM 2.0-M-R12-NGFS,NGFS Phase 5-Below 2°C,37.553200092864245,R10AFRICA
MESSAGEix-GLOBIOM 2.0-M-R12-NGFS,NGFS Phase 5-Delayed Transition,37.876137687872586,R10AFRICA
MESSAGEix-GLOBIOM 2.0-M-R12-NGFS,NGFS Phase 5-Low Demand,37.01062708939104,R10AFRICA
MESSAGEix-GLOBIOM 2.0-M-R12-NGFS,NGFS Phase 5-Nationally Determined Contributions (NDCs),37.600483361129605,R10AFRICA
MESSAGEix-GLOBIOM 2.0-M-R12-NGFS,NGFS Phase 5-Net-Zero 2050,36.34566833995684,R10AFRICA
POLES-JRC ENGAGE,ENGAGE-INDCi2030-1000,38.57669233433644,R10AFRICA
POLES-JRC ENGAGE,ENGAGE-INDCi2030-1000-COV,38.79094040443071,R10AFRICA
POLES-JRC ENGAGE,ENGAGE-INDCi2030-1000-COV-NDCp,38.71682535473043,R10AFRICA
POLES-JRC ENGAGE,ENGAGE-INDCi2030-1000-NDCp,38.718750001049195,R10AFRICA
POLES-JRC ENGAGE,ENGAGE-INDCi2030-1000f,38.80067743154221,R10AFRICA
POLES-JRC ENGAGE,ENGAGE-INDCi2030-1000f-COV,38.93122612271815,R10AFRICA
POLES-JRC ENGAGE,ENGAGE-INDCi2030-1000f-COV-NDCp,38.83866625036793,R10AFRICA
POLES-JRC ENGAGE,ENGAGE-INDCi2030-1000f-NDCp,38.95245782176104,R10AFRICA
POLES-JRC ENGAGE,ENGAGE-INDCi2030-1200,38.82553011480064,R10AFRICA
POLES-JRC ENGAGE,ENGAGE-INDCi2030-1200f,38.915328324587016,R10AFRICA
POLES-JRC ENGAGE,ENGAGE-INDCi2030-300f,38.29999603852486,R10AFRICA
POLES-JRC ENGAGE,ENGAGE-INDCi2030-400f,38.33534661995224,R10AFRICA
POLES-JRC ENGAGE,ENGAGE-INDCi2030-500f,38.45675047886407,R10AFRICA
POLES-JRC ENGAGE,ENGAGE-INDCi2030-600f,38.53233150277093,R10AFRICA
POLES-JRC ENGAGE,ENGAGE-INDCi2030-600f-COV,38.54983827453287,R10AFRICA
POLES-JRC ENGAGE,ENGAGE-INDCi2030-600f-COV-NDCp,38.40911660549706,R10AFRICA
POLES-JRC ENGAGE,ENGAGE-INDCi2030-600f-NDCp,38.621121689586744,R10AFRICA
POLES-JRC ENGAGE,ENGAGE-INDCi2030-700f,38.596375399700705,R10AFRICA
POLES-JRC ENGAGE,ENGAGE-INDCi2030-800f,38.6612729998822,R10AFRICA
POLES-JRC ENGAGE,ENGAGE-INDCi2030-900,38.23946309604125,R10AFRICA
POLES-JRC ENGAGE,ENGAGE-INDCi2030-900f,38.74414530306693,R10AFRICA
POLES-JRC ENGAGE,ENGAGE-NPi2020-1000f,38.942197130529294,R10AFRICA
POLES-JRC ENGAGE,ENGAGE-NPi2020-1000f-COV,39.05094420831743,R10AFRICA
POLES-JRC ENGAGE,ENGAGE-NPi2020-1200f,39.023188248749555,R10AFRICA
POLES-JRC ENGAGE,ENGAGE-NPi2020-900f,38.885900982667714,R10AFRICA
REMIND-MAgPIE 2.1-4.2,NGFS Phase 2-Delayed Transition,37.99977718173205,R10AFRICA
REMIND-MAgPIE 3.2.0-4.8.0,RESCUE-End-of-Century-Budget-1150,37.979975259823554,R10AFRICA
REMIND-MAgPIE 3.2.0-4.8.0,RESCUE-End-of-Century-Budget-1150-with-OAE,37.97632682233547,R10AFRICA
REMIND-MAgPIE 3.2.0-4.8.0,RESCUE-End-of-Century-Budget-500,37.69152401144359,R10AFRICA
REMIND-MAgPIE 3.2.0-4.8.0,RESCUE-End-of-Century-Budget-500-with-OAE,37.689454658514734,R10AFRICA
REMIND-MAgPIE 3.2.0-4.8.0,RESCUE-Peak-Budget-1150,37.365244511821516,R10AFRICA
REMIND-MAgPIE 3.2.0-4.8.0,RESCUE-Peak-Budget-1150-with-OAE,37.37735029866322,R10AFRICA
REMIND-MAgPIE 3.3-4.8,NGFS Phase 5-Below 2°C,37.29867570315444,R10AFRICA
REMIND-MAgPIE 3.3-4.8,NGFS Phase 5-Delayed Transition,37.72306291613224,R10AFRICA
REMIND-MAgPIE 3.3-4.8,NGFS Phase 5-Low Demand,37.6845054282865,R10AFRICA
REMIND-MAgPIE 3.3-4.8,NGFS Phase 5-Net-Zero 2050,36.33955852969425,R10AFRICA
WITCH 5.0,ENGAGE-INDCi2030-1000,39.140941308275565,R10AFRICA
WITCH 5.0,ENGAGE-INDCi2030-1000-NDCp,39.08762458282857,R10AFRICA
WITCH 5.0,ENGAGE-INDCi2030-1000f,39.16752475158878,R10AFRICA
WITCH 5.0,ENGAGE-INDCi2030-1000f-NDCp,39.12602449996859,R10AFRICA
WITCH 5.0,ENGAGE-INDCi2030-1200,39.183400869875655,R10AFRICA
WITCH 5.0,ENGAGE-INDCi2030-1200-NDCp,39.138466681149275,R10AFRICA
WITCH 5.0,ENGAGE-INDCi2030-1200f,39.19788828054335,R10AFRICA
WITCH 5.0,ENGAGE-INDCi2030-1200f-NDCp,39.16073300331383,R10AFRICA
WITCH 5.0,ENGAGE-INDCi2030-1400,39.226363547669344,R10AFRICA
WITCH 5.0,ENGAGE-INDCi2030-1400-NDCp,39.18645053183327,R10AFRICA
WITCH 5.0,ENGAGE-INDCi2030-1400f,39.22860649229938,R10AFRICA
WITCH 5.0,ENGAGE-INDCi2030-1400f-NDCp,39.19223593984425,R10AFRICA
WITCH 5.0,ENGAGE-INDCi2030-1600-NDCp,39.2165782049089,R10AFRICA
WITCH 5.0,ENGAGE-INDCi2030-500f,39.050556403994385,R10AFRICA
WITCH 5.0,ENGAGE-INDCi2030-600f,39.07544996787479,R10AFRICA
WITCH 5.0,ENGAGE-INDCi2030-600f-NDCp,39.019064857795925,R10AFRICA
WITCH 5.0,ENGAGE-INDCi2030-700f,39.101592423145746,R10AFRICA
WITCH 5.0,ENGAGE-INDCi2030-700f-NDCp,39.0497763126537,R10AFRICA
WITCH 5.0,ENGAGE-INDCi2030-800,39.08405120305596,R10AFRICA
WITCH 5.0,ENGAGE-INDCi2030-800-NDCp,39.01012725768561,R10AFRICA
WITCH 5.0,ENGAGE-INDCi2030-800f,39.12862638991113,R10AFRICA
WITCH 5.0,ENGAGE-INDCi2030-800f-NDCp,39.07612276107786,R10AFRICA
WITCH 5.0,ENGAGE-INDCi2030-900,39.10627428803079,R10AFRICA
WITCH 5.0,ENGAGE-INDCi2030-900-NDCp,39.0498285258904,R10AFRICA
WITCH 5.0,ENGAGE-INDCi2030-900f,39.15195222328924,R10AFRICA
WITCH 5.0,ENGAGE-INDCi2030-900f-NDCp,39.10752317164894,R10AFRICA
IMAGE 3.0,ENGAGE-INDCi2030-1000,39.18499047932641,R10CHINA+
IMAGE 3.0,ENGAGE-INDCi2030-1000f,39.24802413219339,R10CHINA+
IMAGE 3.0,ENGAGE-INDCi2030-1200,39.1630337211801,R10CHINA+
IMAGE 3.0,ENGAGE-INDCi2030-1200f,39.29782489617553,R10CHINA+
IMAGE 3.0,ENGAGE-INDCi2030-1400f,39.3039840385287,R10CHINA+
IMAGE 3.0,ENGAGE-INDCi2030-800f,39.187524932077864,R10CHINA+
IMAGE 3.0,ENGAGE-NPi2020-1000,39.120664142801004,R10CHINA+
IMAGE 3.0,ENGAGE-NPi2020-1200,39.16635392168712,R10CHINA+
IMAGE 3.0,ENGAGE-NPi2020-1400,39.25643114077107,R10CHINA+
IMAGE 3.0,ENGAGE-NPi2020-1400f,39.29245442345039,R10CHINA+
IMAGE 3.2,SSP2021-SSP1-SPA1-19-Default,38.81264260500302,R10CHINA+
IMAGE 3.2,SSP2021-SSP1-SPA1-19-Lifestyle-Renewables,39.05665634190196,R10CHINA+
IMAGE 3.2,SSP2021-SSP1-SPA1-19-Renewables,38.525861782454214,R10CHINA+
IMAGE 3.2,SSP2021-SSP1-SPA1-26-Default,38.92578372113556,R10CHINA+
IMAGE 3.2,SSP2021-SSP1-SPA1-26-Lifestyle,38.83560750693919,R10CHINA+
IMAGE 3.2,SSP2021-SSP1-SPA1-26-Lifestyle-Renewables,39.120894837815406,R10CHINA+
IMAGE 3.2,SSP2021-SSP1-SPA1-26-Renewables,38.26796849826441,R10CHINA+
IMAGE 3.2,SSP2021-SSP2-SPA0-26-Default,39.49941732730887,R10CHINA+
IMAGE 3.2,SSP2021-SSP2-SPA2-19-Renewables,39.04609763993514,R10CHINA+
IMAGE 3.2,SSP2021-SSP2-SPA2-26-Default,39.4938971328679,R10CHINA+
IMAGE 3.2,SSP2021-SSP2-SPA2-26-Lifestyle,39.45097152662547,R10CHINA+
IMAGE 3.2,SSP2021-SSP2-SPA2-26-Lifestyle-Renewables,39.17347716087249,R10CHINA+
IMAGE 3.2,SSP2021-SSP2-SPA2-26-Renewables,39.205419798613974,R10CHINA+
IMAGE 3.3,NAVIGATE Demand-1.5°C-ele_u,36.42032760488352,R10CHINA+
IMAGE 3.3,NAVIGATE Demand-1.5°C-tec_u,36.76000635479066,R10CHINA+
IMAGE 3.3,NAVIGATE Demand-2.0°C-ele_u,37.91148676866699,R10CHINA+
IMAGE 3.3,NAVIGATE Demand-2.0°C-ref,38.239659103201305,R10CHINA+
IMAGE 3.3,NAVIGATE Demand-2.0°C-tec_u,38.19491121138495,R10CHINA+
MESSAGEix-GLOBIOM 2.0-M-R12-NGFS,NGFS Phase 5-Below 2°C,37.09808100709116,R10CHINA+
MESSAGEix-GLOBIOM 2.0-M-R12-NGFS,NGFS Phase 5-Delayed Transition,37.77071562766881,R10CHINA+
MESSAGEix-GLOBIOM 2.0-M-R12-NGFS,NGFS Phase 5-Low Demand,37.24831095655465,R10CHINA+
MESSAGEix-GLOBIOM 2.0-M-R12-NGFS,NGFS Phase 5-Nationally Determined Contributions (NDCs),38.254810725149305,R10CHINA+
MESSAGEix-GLOBIOM 2.0-M-R12-NGFS,NGFS Phase 5-Net-Zero 2050,36.19973913698684,R10CHINA+
POLES-JRC ENGAGE,ENGAGE-INDCi2030-1000,38.36204392261118,R10CHINA+
POLES-JRC ENGAGE,ENGAGE-INDCi2030-1000-COV,38.53084905394244,R10CHINA+
POLES-JRC ENGAGE,ENGAGE-INDCi2030-1000-COV-NDCp,38.529970415097004,R10CHINA+
POLES-JRC ENGAGE,ENGAGE-INDCi2030-1000-NDCp,38.38597356003671,R10CHINA+
POLES-JRC ENGAGE,ENGAGE-INDCi2030-1000f,38.59407773333972,R10CHINA+
POLES-JRC ENGAGE,ENGAGE-INDCi2030-1000f-COV,38.629677349120115,R10CHINA+
POLES-JRC ENGAGE,ENGAGE-INDCi2030-1000f-COV-NDCp,38.66070283163616,R10CHINA+
POLES-JRC ENGAGE,ENGAGE-INDCi2030-1000f-NDCp,38.60694656089392,R10CHINA+
POLES-JRC ENGAGE,ENGAGE-INDCi2030-1200,38.63077401613912,R10CHINA+
POLES-JRC ENGAGE,ENGAGE-INDCi2030-1200f,38.72285285884857,R10CHINA+
POLES-JRC ENGAGE,ENGAGE-INDCi2030-300f,37.93826902911427,R10CHINA+
POLES-JRC ENGAGE,ENGAGE-INDCi2030-400f,37.99589795175812,R10CHINA+
POLES-JRC ENGAGE,ENGAGE-INDCi2030-500f,38.16273140303519,R10CHINA+
POLES-JRC ENGAGE,ENGAGE-INDCi2030-600f,38.28164174729226,R10CHINA+
POLES-JRC ENGAGE,ENGAGE-INDCi2030-600f-COV,38.3140901720102,R10CHINA+
POLES-JRC ENGAGE,ENGAGE-INDCi2030-600f-COV-NDCp,38.30678676502261,R10CHINA+
POLES-JRC ENGAGE,ENGAGE-INDCi2030-600f-NDCp,38.23717107319397,R10CHINA+
POLES-JRC ENGAGE,ENGAGE-INDCi2030-700f,38.39810749395447,R10CHINA+
POLES-JRC ENGAGE,ENGAGE-INDCi2030-800f,38.4762199634595,R10CHINA+
POLES-JRC ENGAGE,ENGAGE-INDCi2030-900,37.87981555629329,R10CHINA+
POLES-JRC ENGAGE,ENGAGE-INDCi2030-900f,38.56457204900339,R10CHINA+
POLES-JRC ENGAGE,ENGAGE-NPi2020-1000f,38.79309336349007,R10CHINA+
POLES-JRC ENGAGE,ENGAGE-NPi2020-1000f-COV,38.81494071281067,R10CHINA+
POLES-JRC ENGAGE,ENGAGE-NPi2020-1200f,38.8826013845031,R10CHINA+
POLES-JRC ENGAGE,ENGAGE-NPi2020-900f,38.6889888419327,R10CHINA+
REMIND-MAgPIE 2.1-4.2,NGFS Phase 2-Delayed Transition,38.05510029409503,R10CHINA+
REMIND-MAgPIE 3.2.0-4.8.0,RESCUE-End-of-Century-Budget-1150,37.939783331575086,R10CHINA+
REMIND-MAgPIE 3.2.0-4.8.0,RESCUE-End-of-Century-Budget-1150-with-OAE,37.936694128539735,R10CHINA+
REMIND-MAgPIE 3.2.0-4.8.0,RESCUE-End-of-Century-Budget-500,37.78406296947432,R10CHINA+
REMIND-MAgPIE 3.2.0-4.8.0,RESCUE-End-of-Century-Budget-500-with-OAE,37.7806717673469,R10CHINA+
REMIND-MAgPIE 3.2.0-4.8.0,RESCUE-Peak-Budget-1150,37.04470987022937,R10CHINA+
REMIND-MAgPIE 3.2.0-4.8.0,RESCUE-Peak-Budget-1150-with-OAE,37.05287862139305,R10CHINA+
REMIND-MAgPIE 3.3-4.8,NGFS Phase 5-Below 2°C,37.23243036788596,R10CHINA+
REMIND-MAgPIE 3.3-4.8,NGFS Phase 5-Delayed Transition,37.61658804890682,R10CHINA+
REMIND-MAgPIE 3.3-4.8,NGFS Phase 5-Low Demand,36.987862767104254,R10CHINA+
REMIND-MAgPIE 3.3-4.8,NGFS Phase 5-Net-Zero 2050,36.30300543110873,R10CHINA+
WITCH 5.0,ENGAGE-INDCi2030-1000,37.49802822801695,R10CHINA+
WITCH 5.0,ENGAGE-INDCi2030-1000-NDCp,37.44505724215644,R10CHINA+
WITCH 5.0,ENGAGE-INDCi2030-1000f,37.524879055686725,R10CHINA+
WITCH 5.0,ENGAGE-INDCi2030-1000f-NDCp,37.47804661112705,R10CHINA+
WITCH 5.0,ENGAGE-INDCi2030-1200,37.54028548356744,R10CHINA+
WITCH 5.0,ENGAGE-INDCi2030-1200-NDCp,37.49380988893164,R10CHINA+
WITCH 5.0,ENGAGE-INDCi2030-1200f,37.5594692223924,R10CHINA+
WITCH 5.0,ENGAGE-INDCi2030-1200f-NDCp,37.510984985798004,R10CHINA+
WITCH 5.0,ENGAGE-INDCi2030-1400,37.583535247769824,R10CHINA+
WITCH 5.0,ENGAGE-INDCi2030-1400-NDCp,37.5298339867982,R10CHINA+
WITCH 5.0,ENGAGE-INDCi2030-1400f,37.58836978505765,R10CHINA+
WITCH 5.0,ENGAGE-INDCi2030-1400f-NDCp,37.537954054480714,R10CHINA+
WITCH 5.0,ENGAGE-INDCi2030-1600-NDCp,37.5609641301945,R10CHINA+
WITCH 5.0,ENGAGE-INDCi2030-500f,37.40132366597508,R10CHINA+
WITCH 5.0,ENGAGE-INDCi2030-600f,37.43966753249734,R10CHINA+
WITCH 5.0,ENGAGE-INDCi2030-600f-NDCp,37.378758541553054,R10CHINA+
WITCH 5.0,ENGAGE-INDCi2030-700f,37.46481321411927,R10CHINA+
WITCH 5.0,ENGAGE-INDCi2030-700f-NDCp,37.414918114662285,R10CHINA+
WITCH 5.0,ENGAGE-INDCi2030-800,37.390594271046986,R10CHINA+
WITCH 5.0,ENGAGE-INDCi2030-800-NDCp,37.32654508336347,R10CHINA+
WITCH 5.0,ENGAGE-INDCi2030-800f,37.49445821233914,R10CHINA+
WITCH 5.0,ENGAGE-INDCi2030-800f-NDCp,37.439511537924616,R10CHINA+
WITCH 5.0,ENGAGE-INDCi2030-900,37.45981650618856,R10CHINA+
WITCH 5.0,ENGAGE-INDCi2030-900-NDCp,37.40902187547504,R10CHINA+
WITCH 5.0,ENGAGE-INDCi2030-900f,37.50858619638052,R10CHINA+
WITCH 5.0,ENGAGE-INDCi2030-900f-NDCp,37.458022969961526,R10CHINA+
IMAGE 3.0,ENGAGE-INDCi2030-1000,39.57055233851116,R10MIDDLE_EAST
IMAGE 3.0,ENGAGE-INDCi2030-1000f,39.70983510782586,R10MIDDLE_EAST
IMAGE 3.0,ENGAGE-INDCi2030-1200,39.66354508532394,R10MIDDLE_EAST
IMAGE 3.0,ENGAGE-INDCi2030-1200f,39.75573078920134,R10MIDDLE_EAST
IMAGE 3.0,ENGAGE-INDCi2030-1400f,39.757533539098745,R10MIDDLE_EAST
IMAGE 3.0,ENGAGE-INDCi2030-800f,39.59440170095574,R10MIDDLE_EAST
IMAGE 3.0,ENGAGE-NPi2020-1000,39.485166857831395,R10MIDDLE_EAST
IMAGE 3.0,ENGAGE-NPi2020-1200,39.63967696577139,R10MIDDLE_EAST
IMAGE 3.0,ENGAGE-NPi2020-1400,39.66903454534206,R10MIDDLE_EAST
IMAGE 3.0,ENGAGE-NPi2020-1400f,39.67535214500471,R10MIDDLE_EAST
IMAGE 3.2,SSP2021-SSP1-SPA1-19-Default,39.209454114122046,R10MIDDLE_EAST
IMAGE 3.2,SSP2021-SSP1-SPA1-19-Lifestyle-Renewables,39.442809837215144,R10MIDDLE_EAST
IMAGE 3.2,SSP2021-SSP1-SPA1-19-Renewables,38.77298656360013,R10MIDDLE_EAST
IMAGE 3.2,SSP2021-SSP1-SPA1-26-Default,39.4312495603652,R10MIDDLE_EAST
IMAGE 3.2,SSP2021-SSP1-SPA1-26-Lifestyle,39.49920514555076,R10MIDDLE_EAST
IMAGE 3.2,SSP2021-SSP1-SPA1-26-Lifestyle-Renewables,39.53878247395367,R10MIDDLE_EAST
IMAGE 3.2,SSP2021-SSP1-SPA1-26-Renewables,38.8001547826403,R10MIDDLE_EAST
IMAGE 3.2,SSP2021-SSP2-SPA0-26-Default,39.85329990644491,R10MIDDLE_EAST
IMAGE 3.2,SSP2021-SSP2-SPA2-19-Renewables,38.6570847211297,R10MIDDLE_EAST
IMAGE 3.2,SSP2021-SSP2-SPA2-26-Default,39.804315259060346,R10MIDDLE_EAST
IMAGE 3.2,SSP2021-SSP2-SPA2-26-Lifestyle,39.790116844229054,R10MIDDLE_EAST
IMAGE 3.2,SSP2021-SSP2-SPA2-26-Lifestyle-Renewables,39.47667827214434,R10MIDDLE_EAST
IMAGE 3.2,SSP2021-SSP2-SPA2-26-Renewables,39.494108347017416,R10MIDDLE_EAST
IMAGE 3.3,NAVIGATE Demand-1.5°C-ele_u,36.60942307678915,R10MIDDLE_EAST
IMAGE 3.3,NAVIGATE Demand-1.5°C-tec_u,37.46960686958185,R10MIDDLE_EAST
IMAGE 3.3,NAVIGATE Demand-2.0°C-ele_u,38.38959634118991,R10MIDDLE_EAST
IMAGE 3.3,NAVIGATE Demand-2.0°C-ref,39.12311923223251,R10MIDDLE_EAST
IMAGE 3.3,NAVIGATE Demand-2.0°C-tec_u,38.973803591172484,R10MIDDLE_EAST
MESSAGEix-GLOBIOM 2.0-M-R12-NGFS,NGFS Phase 5-Below 2°C,38.8799498753456,R10MIDDLE_EAST
MESSAGEix-GLOBIOM 2.0-M-R12-NGFS,NGFS Phase 5-Delayed Transition,38.94868906336077,R10MIDDLE_EAST
MESSAGEix-GLOBIOM 2.0-M-R12-NGFS,NGFS Phase 5-Low Demand,38.24527584797522,R10MIDDLE_EAST
MESSAGEix-GLOBIOM 2.0-M-R12-NGFS,NGFS Phase 5-Nationally Determined Contributions (NDCs),38.467517765869054,R10MIDDLE_EAST
MESSAGEix-GLOBIOM 2.0-M-R12-NGFS,NGFS Phase 5-Net-Zero 2050,37.35790835703648,R10MIDDLE_EAST
POLES-JRC ENGAGE,ENGAGE-INDCi2030-1000,39.07473411823795,R10MIDDLE_EAST
POLES-JRC ENGAGE,ENGAGE-INDCi2030-1000-COV,39.24551742579092,R10MIDDLE_EAST
POLES-JRC ENGAGE,ENGAGE-INDCi2030-1000-COV-NDCp,39.22327232730587,R10MIDDLE_EAST
POLES-JRC ENGAGE,ENGAGE-INDCi2030-1000-NDCp,39.095002337173106,R10MIDDLE_EAST
POLES-JRC ENGAGE,ENGAGE-INDCi2030-1000f,39.25883321864422,R10MIDDLE_EAST
POLES-JRC ENGAGE,ENGAGE-INDCi2030-1000f-COV,39.347750101851574,R10MIDDLE_EAST
POLES-JRC ENGAGE,ENGAGE-INDCi2030-1000f-COV-NDCp,39.37053325699301,R10MIDDLE_EAST
POLES-JRC ENGAGE,ENGAGE-INDCi2030-1000f-NDCp,39.38699877235275,R10MIDDLE_EAST
POLES-JRC ENGAGE,ENGAGE-INDCi2030-1200,39.293974029410855,R10MIDDLE_EAST
POLES-JRC ENGAGE,ENGAGE-INDCi2030-1200f,39.364873410318495,R10MIDDLE_EAST
POLES-JRC ENGAGE,ENGAGE-INDCi2030-300f,38.98342653656949,R10MIDDLE_EAST
POLES-JRC ENGAGE,ENGAGE-INDCi2030-400f,38.98843263504368,R10MIDDLE_EAST
POLES-JRC ENGAGE,ENGAGE-INDCi2030-500f,39.033266909495914,R10MIDDLE_EAST
POLES-JRC ENGAGE,ENGAGE-INDCi2030-600f,39.05546868286802,R10MIDDLE_EAST
POLES-JRC ENGAGE,ENGAGE-INDCi2030-600f-COV,39.12876368047115,R10MIDDLE_EAST
POLES-JRC ENGAGE,ENGAGE-INDCi2030-600f-COV-NDCp,39.13519367762204,R10MIDDLE_EAST
POLES-JRC ENGAGE,ENGAGE-INDCi2030-600f-NDCp,38.93033206205043,R10MIDDLE_EAST
POLES-JRC ENGAGE,ENGAGE-INDCi2030-700f,39.08933914721086,R10MIDDLE_EAST
POLES-JRC ENGAGE,ENGAGE-INDCi2030-800f,39.11818158561601,R10MIDDLE_EAST
POLES-JRC ENGAGE,ENGAGE-INDCi2030-900,38.96780993524407,R10MIDDLE_EAST
POLES-JRC ENGAGE,ENGAGE-INDCi2030-900f,39.23714583217779,R10MIDDLE_EAST
POLES-JRC ENGAGE,ENGAGE-NPi2020-1000f,39.33783443387302,R10MIDDLE_EAST
POLES-JRC ENGAGE,ENGAGE-NPi2020-1000f-COV,39.39244852549492,R10MIDDLE_EAST
POLES-JRC ENGAGE,ENGAGE-NPi2020-1200f,39.38521614524942,R10MIDDLE_EAST
POLES-JRC ENGAGE,ENGAGE-NPi2020-900f,39.29686649497047,R10MIDDLE_EAST
REMIND-MAgPIE 2.1-4.2,NGFS Phase 2-Delayed Transition,38.2290317013535,R10MIDDLE_EAST
REMIND-MAgPIE 3.2.0-4.8.0,RESCUE-End-of-Century-Budget-1150,38.73187136306981,R10MIDDLE_EAST
REMIND-MAgPIE 3.2.0-4.8.0,RESCUE-End-of-Century-Budget-1150-with-OAE,38.729244146022275,R10MIDDLE_EAST
REMIND-MAgPIE 3.2.0-4.8.0,RESCUE-End-of-Century-Budget-500,38.50282642542835,R10MIDDLE_EAST
REMIND-MAgPIE 3.2.0-4.8.0,RESCUE-End-of-Century-Budget-500-with-OAE,38.32980629155831,R10MIDDLE_EAST
REMIND-MAgPIE 3.2.0-4.8.0,RESCUE-Peak-Budget-1150,37.49805138839359,R10MIDDLE_EAST
REMIND-MAgPIE 3.2.0-4.8.0,RESCUE-Peak-Budget-1150-with-OAE,37.483870197948285,R10MIDDLE_EAST
REMIND-MAgPIE 3.3-4.8,NGFS Phase 5-Below 2°C,37.80698716161072,R10MIDDLE_EAST
REMIND-MAgPIE 3.3-4.8,NGFS Phase 5-Delayed Transition,38.18064762422609,R10MIDDLE_EAST
REMIND-MAgPIE 3.3-4.8,NGFS Phase 5-Low Demand,37.29570577208842,R10MIDDLE_EAST
REMIND-MAgPIE 3.3-4.8,NGFS Phase 5-Net-Zero 2050,36.414406410406734,R10MIDDLE_EAST
WITCH 5.0,ENGAGE-INDCi2030-1000,38.924509375175006,R10MIDDLE_EAST
WITCH 5.0,ENGAGE-INDCi2030-1000-NDCp,38.96811669780729,R10MIDDLE_EAST
WITCH 5.0,ENGAGE-INDCi2030-1000f,38.96021508060437,R10MIDDLE_EAST
WITCH 5.0,ENGAGE-INDCi2030-1000f-NDCp,39.00892639464226,R10MIDDLE_EAST
WITCH 5.0,ENGAGE-INDCi2030-1200,38.99873936499972,R10MIDDLE_EAST
WITCH 5.0,ENGAGE-INDCi2030-1200-NDCp,39.03819989177664,R10MIDDLE_EAST
WITCH 5.0,ENGAGE-INDCi2030-1200f,39.02173845837857,R10MIDDLE_EAST
WITCH 5.0,ENGAGE-INDCi2030-1200f-NDCp,39.064361503686136,R10MIDDLE_EAST
WITCH 5.0,ENGAGE-INDCi2030-1400,39.06357866802548,R10MIDDLE_EAST
WITCH 5.0,ENGAGE-INDCi2030-1400-NDCp,39.09941512351761,R10MIDDLE_EAST
WITCH 5.0,ENGAGE-INDCi2030-1400f,39.06616118837851,R10MIDDLE_EAST
WITCH 5.0,ENGAGE-INDCi2030-1400f-NDCp,39.10693526721482,R10MIDDLE_EAST
WITCH 5.0,ENGAGE-INDCi2030-1600-NDCp,39.145721581700435,R10MIDDLE_EAST
WITCH 5.0,ENGAGE-INDCi2030-500f,38.80067010803381,R10MIDDLE_EAST
WITCH 5.0,ENGAGE-INDCi2030-600f,38.842854294888326,R10MIDDLE_EAST
WITCH 5.0,ENGAGE-INDCi2030-600f-NDCp,38.89114609976613,R10MIDDLE_EAST
WITCH 5.0,ENGAGE-INDCi2030-700f,38.87748600037827,R10MIDDLE_EAST
WITCH 5.0,ENGAGE-INDCi2030-700f-NDCp,38.92918806081273,R10MIDDLE_EAST
WITCH 5.0,ENGAGE-INDCi2030-800,38.825906309493796,R10MIDDLE_EAST
WITCH 5.0,ENGAGE-INDCi2030-800-NDCp,38.87311186504213,R10MIDDLE_EAST
WITCH 5.0,ENGAGE-INDCi2030-800f,38.90981972759696,R10MIDDLE_EAST
WITCH 5.0,ENGAGE-INDCi2030-800f-NDCp,38.956078109104126,R10MIDDLE_EAST
WITCH 5.0,ENGAGE-INDCi2030-900,38.88173102625734,R10MIDDLE_EAST
WITCH 5.0,ENGAGE-INDCi2030-900-NDCp,38.93020260739507,R10MIDDLE_EAST
WITCH 5.0,ENGAGE-INDCi2030-900f,38.93496086656922,R10MIDDLE_EAST
WITCH 5.0,ENGAGE-INDCi2030-900f-NDCp,38.98265981779138,R10MIDDLE_EAST
IMAGE 3.0,ENGAGE-INDCi2030-1000,39.190858070009156,R10EUROPE
IMAGE 3.0,ENGAGE-INDCi2030-1000f,39.23615210733187,R10EUROPE
IMAGE 3.0,ENGAGE-INDCi2030-1200,39.24461769660223,R10EUROPE
IMAGE 3.0,ENGAGE-INDCi2030-1200f,39.16463615293851,R10EUROPE
IMAGE 3.0,ENGAGE-INDCi2030-1400f,39.16806271410362,R10EUROPE
IMAGE 3.0,ENGAGE-INDCi2030-800f,39.20601525016248,R10EUROPE
IMAGE 3.0,ENGAGE-NPi2020-1000,39.21500486203862,R10EUROPE
IMAGE 3.0,ENGAGE-NPi2020-1200,39.26786192685962,R10EUROPE
IMAGE 3.0,ENGAGE-NPi2020-1400,39.21351459464763,R10EUROPE
IMAGE 3.0,ENGAGE-NPi2020-1400f,39.191371091166815,R10EUROPE
IMAGE 3.2,SSP2021-SSP1-SPA1-19-Default,39.24650156070397,R10EUROPE
IMAGE 3.2,SSP2021-SSP1-SPA1-19-Lifestyle-Renewables,39.455126976236826,R10EUROPE
IMAGE 3.2,SSP2021-SSP1-SPA1-19-Renewables,39.0480331006527,R10EUROPE
IMAGE 3.2,SSP2021-SSP1-SPA1-26-Default,39.382453584844775,R10EUROPE
IMAGE 3.2,SSP2021-SSP1-SPA1-26-Lifestyle,39.49790433353048,R10EUROPE
IMAGE 3.2,SSP2021-SSP1-SPA1-26-Lifestyle-Renewables,39.5644958469111,R10EUROPE
IMAGE 3.2,SSP2021-SSP1-SPA1-26-Renewables,39.253883685015424,R10EUROPE
IMAGE 3.2,SSP2021-SSP2-SPA0-26-Default,39.85927889631775,R10EUROPE
IMAGE 3.2,SSP2021-SSP2-SPA2-19-Renewables,39.15404255977806,R10EUROPE
IMAGE 3.2,SSP2021-SSP2-SPA2-26-Default,39.743290092594215,R10EUROPE
IMAGE 3.2,SSP2021-SSP2-SPA2-26-Lifestyle,39.77435568078823,R10EUROPE
IMAGE 3.2,SSP2021-SSP2-SPA2-26-Lifestyle-Renewables,39.54758107154869,R10EUROPE
IMAGE 3.2,SSP2021-SSP2-SPA2-26-Renewables,39.54771637344116,R10EUROPE
IMAGE 3.3,NAVIGATE Demand-1.5°C-ele_u,37.731726768874985,R10EUROPE
IMAGE 3.3,NAVIGATE Demand-1.5°C-tec_u,38.01404357105795,R10EUROPE
IMAGE 3.3,NAVIGATE Demand-2.0°C-ele_u,38.19354253615568,R10EUROPE
IMAGE 3.3,NAVIGATE Demand-2.0°C-ref,38.395578952168776,R10EUROPE
IMAGE 3.3,NAVIGATE Demand-2.0°C-tec_u,38.41282835501344,R10EUROPE
MESSAGEix-GLOBIOM 2.0-M-R12-NGFS,NGFS Phase 5-Below 2°C,38.21094450996737,R10EUROPE
MESSAGEix-GLOBIOM 2.0-M-R12-NGFS,NGFS Phase 5-Delayed Transition,38.225746460582485,R10EUROPE
MESSAGEix-GLOBIOM 2.0-M-R12-NGFS,NGFS Phase 5-Low Demand,38.00427839524676,R10EUROPE
MESSAGEix-GLOBIOM 2.0-M-R12-NGFS,NGFS Phase 5-Nationally Determined Contributions (NDCs),38.41142366767191,R10EUROPE
MESSAGEix-GLOBIOM 2.0-M-R12-NGFS,NGFS Phase 5-Net-Zero 2050,37.202080255277615,R10EUROPE
POLES-JRC ENGAGE,ENGAGE-INDCi2030-1000,38.2382037777375,R10EUROPE
POLES-JRC ENGAGE,ENGAGE-INDCi2030-1000-COV,38.367100578475025,R10EUROPE
POLES-JRC ENGAGE,ENGAGE-INDCi2030-1000-COV-NDCp,38.182333302884395,R10EUROPE
POLES-JRC ENGAGE,ENGAGE-INDCi2030-1000-NDCp,38.01005940153326,R10EUROPE
POLES-JRC ENGAGE,ENGAGE-INDCi2030-1000f,38.40536727951552,R10EUROPE
POLES-JRC ENGAGE,ENGAGE-INDCi2030-1000f-COV,38.481543663358366,R10EUROPE
POLES-JRC ENGAGE,ENGAGE-INDCi2030-1000f-COV-NDCp,38.31483400309962,R10EUROPE
POLES-JRC ENGAGE,ENGAGE-INDCi2030-1000f-NDCp,38.150708116318945,R10EUROPE
POLES-JRC ENGAGE,ENGAGE-INDCi2030-1200,38.44557379655693,R10EUROPE
POLES-JRC ENGAGE,ENGAGE-INDCi2030-1200f,38.51798402041209,R10EUROPE
POLES-JRC ENGAGE,ENGAGE-INDCi2030-300f,38.14463159596543,R10EUROPE
POLES-JRC ENGAGE,ENGAGE-INDCi2030-400f,38.145545368606705,R10EUROPE
POLES-JRC ENGAGE,ENGAGE-INDCi2030-500f,38.17363313020914,R10EUROPE
POLES-JRC ENGAGE,ENGAGE-INDCi2030-600f,38.19634528385276,R10EUROPE
POLES-JRC ENGAGE,ENGAGE-INDCi2030-600f-COV,38.23103692449277,R10EUROPE
POLES-JRC ENGAGE,ENGAGE-INDCi2030-600f-COV-NDCp,38.03004161545307,R10EUROPE
POLES-JRC ENGAGE,ENGAGE-INDCi2030-600f-NDCp,37.9182434506897,R10EUROPE
POLES-JRC ENGAGE,ENGAGE-INDCi2030-700f,38.24479658034868,R10EUROPE
POLES-JRC ENGAGE,ENGAGE-INDCi2030-800f,38.27929660078182,R10EUROPE
POLES-JRC ENGAGE,ENGAGE-INDCi2030-900,38.1466228224268,R10EUROPE
POLES-JRC ENGAGE,ENGAGE-INDCi2030-900f,38.350192224168616,R10EUROPE
POLES-JRC ENGAGE,ENGAGE-NPi2020-1000f,38.510602752762686,R10EUROPE
POLES-JRC ENGAGE,ENGAGE-NPi2020-1000f-COV,38.55633560578478,R10EUROPE
POLES-JRC ENGAGE,ENGAGE-NPi2020-1200f,38.59435165549414,R10EUROPE
POLES-JRC ENGAGE,ENGAGE-NPi2020-900f,38.44038371727881,R10EUROPE
REMIND-MAgPIE 2.1-4.2,NGFS Phase 2-Delayed Transition,36.59494249121795,R10EUROPE
REMIND-MAgPIE 3.2.0-4.8.0,RESCUE-End-of-Century-Budget-1150,37.54228425723468,R10EUROPE
REMIND-MAgPIE 3.2.0-4.8.0,RESCUE-End-of-Century-Budget-1150-with-OAE,37.53974085342253,R10EUROPE
REMIND-MAgPIE 3.2.0-4.8.0,RESCUE-End-of-Century-Budget-500,37.37394379790928,R10EUROPE
REMIND-MAgPIE 3.2.0-4.8.0,RESCUE-End-of-Century-Budget-500-with-OAE,37.373837841049436,R10EUROPE
REMIND-MAgPIE 3.2.0-4.8.0,RESCUE-Peak-Budget-1150,36.948127540278776,R10EUROPE
REMIND-MAgPIE 3.2.0-4.8.0,RESCUE-Peak-Budget-1150-with-OAE,36.951906698395916,R10EUROPE
REMIND-MAgPIE 3.3-4.8,NGFS Phase 5-Below 2°C,37.1315526069656,R10EUROPE
REMIND-MAgPIE 3.3-4.8,NGFS Phase 5-Delayed Transition,37.04087624740194,R10EUROPE
REMIND-MAgPIE 3.3-4.8,NGFS Phase 5-Low Demand,36.93670033416407,R10EUROPE
REMIND-MAgPIE 3.3-4.8,NGFS Phase 5-Net-Zero 2050,36.295156231239744,R10EUROPE
WITCH 5.0,ENGAGE-INDCi2030-1000,36.71880944177602,R10EUROPE
WITCH 5.0,ENGAGE-INDCi2030-1000-NDCp,36.725803696204345,R10EUROPE
WITCH 5.0,ENGAGE-INDCi2030-1000f,36.78289420430728,R10EUROPE
WITCH 5.0,ENGAGE-INDCi2030-1000f-NDCp,36.80006985050886,R10EUROPE
WITCH 5.0,ENGAGE-INDCi2030-1200,36.819792386375894,R10EUROPE
WITCH 5.0,ENGAGE-INDCi2030-1200-NDCp,36.83506818510773,R10EUROPE
WITCH 5.0,ENGAGE-INDCi2030-1200f,36.84374102768426,R10EUROPE
WITCH 5.0,ENGAGE-INDCi2030-1200f-NDCp,36.85808455511638,R10EUROPE
WITCH 5.0,ENGAGE-INDCi2030-1400,36.8512720473467,R10EUROPE
WITCH 5.0,ENGAGE-INDCi2030-1400-NDCp,36.874509706920406,R10EUROPE
WITCH 5.0,ENGAGE-INDCi2030-1400f,36.866562328306244,R10EUROPE
WITCH 5.0,ENGAGE-INDCi2030-1400f-NDCp,36.90301462167954,R10EUROPE
WITCH 5.0,ENGAGE-INDCi2030-1600-NDCp,36.94846259812896,R10EUROPE
WITCH 5.0,ENGAGE-INDCi2030-500f,36.370100861850794,R10EUROPE
WITCH 5.0,ENGAGE-INDCi2030-600f,36.51095381537614,R10EUROPE
WITCH 5.0,ENGAGE-INDCi2030-600f-NDCp,36.547068388213326,R10EUROPE
WITCH 5.0,ENGAGE-INDCi2030-700f,36.612774986987866,R10EUROPE
WITCH 5.0,ENGAGE-INDCi2030-700f-NDCp,36.61875331828882,R10EUROPE
WITCH 5.0,ENGAGE-INDCi2030-800,36.437811727359566,R10EUROPE
WITCH 5.0,ENGAGE-INDCi2030-800-NDCp,36.47671376040673,R10EUROPE
WITCH 5.0,ENGAGE-INDCi2030-800f,36.67438615754064,R10EUROPE
WITCH 5.0,ENGAGE-INDCi2030-800f-NDCp,36.680241229153026,R10EUROPE
WITCH 5.0,ENGAGE-INDCi2030-900,36.60737875921831,R10EUROPE
WITCH 5.0,ENGAGE-INDCi2030-900-NDCp,36.618110611560944,R10EUROPE
WITCH 5.0,ENGAGE-INDCi2030-900f,36.7342749665386,R10EUROPE
WITCH 5.0,ENGAGE-INDCi2030-900f-NDCp,36.74583682110385,R10EUROPE
IMAGE 3.0,ENGAGE-INDCi2030-1000,39.57978392675034,R10REST_ASIA
IMAGE 3.0,ENGAGE-INDCi2030-1000f,39.623401521579666,R10REST_ASIA
IMAGE 3.0,ENGAGE-INDCi2030-1200,39.61475491788165,R10REST_ASIA
IMAGE 3.0,ENGAGE-INDCi2030-1200f,39.61927074209077,R10REST_ASIA
IMAGE 3.0,ENGAGE-INDCi2030-1400f,39.62156280344865,R10REST_ASIA
IMAGE 3.0,ENGAGE-INDCi2030-800f,39.59164077902047,R10REST_ASIA
IMAGE 3.0,ENGAGE-NPi2020-1000,39.5238590076719,R10REST_ASIA
IMAGE 3.0,ENGAGE-NPi2020-1200,39.56580443338503,R10REST_ASIA
IMAGE 3.0,ENGAGE-NPi2020-1400,39.59674913460073,R10REST_ASIA
IMAGE 3.0,ENGAGE-NPi2020-1400f,39.60179930446182,R10REST_ASIA
IMAGE 3.2,SSP2021-SSP1-SPA1-19-Default,39.156540291714876,R10REST_ASIA
IMAGE 3.2,SSP2021-SSP1-SPA1-19-Lifestyle-Renewables,39.4181523424367,R10REST_ASIA
IMAGE 3.2,SSP2021-SSP1-SPA1-19-Renewables,38.97371287054065,R10REST_ASIA
IMAGE 3.2,SSP2021-SSP1-SPA1-26-Default,39.24546737412915,R10REST_ASIA
IMAGE 3.2,SSP2021-SSP1-SPA1-26-Lifestyle,39.27429018468899,R10REST_ASIA
IMAGE 3.2,SSP2021-SSP1-SPA1-26-Lifestyle-Renewables,39.49892043137808,R10REST_ASIA
IMAGE 3.2,SSP2021-SSP1-SPA1-26-Renewables,39.08341715599061,R10REST_ASIA
IMAGE 3.2,SSP2021-SSP2-SPA0-26-Default,39.57837601417826,R10REST_ASIA
IMAGE 3.2,SSP2021-SSP2-SPA2-19-Renewables,39.07268122543417,R10REST_ASIA
IMAGE 3.2,SSP2021-SSP2-SPA2-26-Default,39.611894440034796,R10REST_ASIA
IMAGE 3.2,SSP2021-SSP2-SPA2-26-Lifestyle,39.60200205789065,R10REST_ASIA
IMAGE 3.2,SSP2021-SSP2-SPA2-26-Lifestyle-Renewables,39.45351001690058,R10REST_ASIA
IMAGE 3.2,SSP2021-SSP2-SPA2-26-Renewables,39.4970156787528,R10REST_ASIA
IMAGE 3.3,NAVIGATE Demand-1.5°C-ele_u,37.4096235938009,R10REST_ASIA
IMAGE 3.3,NAVIGATE Demand-1.5°C-tec_u,37.83103080753567,R10REST_ASIA
IMAGE 3.3,NAVIGATE Demand-2.0°C-ele_u,38.39914669742835,R10REST_ASIA
IMAGE 3.3,NAVIGATE Demand-2.0°C-ref,38.601681412882925,R10REST_ASIA
IMAGE 3.3,NAVIGATE Demand-2.0°C-tec_u,38.75190002665438,R10REST_ASIA
MESSAGEix-GLOBIOM 2.0-M-R12-NGFS,NGFS Phase 5-Below 2°C,37.64916409474728,R10REST_ASIA
MESSAGEix-GLOBIOM 2.0-M-R12-NGFS,NGFS Phase 5-Delayed Transition,37.88703528350727,R10REST_ASIA
MESSAGEix-GLOBIOM 2.0-M-R12-NGFS,NGFS Phase 5-Low Demand,37.8417491102026,R10REST_ASIA
MESSAGEix-GLOBIOM 2.0-M-R12-NGFS,NGFS Phase 5-Nationally Determined Contributions (NDCs),37.91260817691317,R10REST_ASIA
MESSAGEix-GLOBIOM 2.0-M-R12-NGFS,NGFS Phase 5-Net-Zero 2050,36.96451073764511,R10REST_ASIA
POLES-JRC ENGAGE,ENGAGE-INDCi2030-1000,38.29043934705425,R10REST_ASIA
POLES-JRC ENGAGE,ENGAGE-INDCi2030-1000-COV,38.46115665496191,R10REST_ASIA
POLES-JRC ENGAGE,ENGAGE-INDCi2030-1000-COV-NDCp,38.45541074416778,R10REST_ASIA
POLES-JRC ENGAGE,ENGAGE-INDCi2030-1000-NDCp,38.45013443628901,R10REST_ASIA
POLES-JRC ENGAGE,ENGAGE-INDCi2030-1000f,38.48719575663089,R10REST_ASIA
POLES-JRC ENGAGE,ENGAGE-INDCi2030-1000f-COV,38.59781379184347,R10REST_ASIA
POLES-JRC ENGAGE,ENGAGE-INDCi2030-1000f-COV-NDCp,38.617625759493045,R10REST_ASIA
POLES-JRC ENGAGE,ENGAGE-INDCi2030-1000f-NDCp,38.66576275701189,R10REST_ASIA
POLES-JRC ENGAGE,ENGAGE-INDCi2030-1200,38.5288364806014,R10REST_ASIA
POLES-JRC ENGAGE,ENGAGE-INDCi2030-1200f,38.63684758447181,R10REST_ASIA
POLES-JRC ENGAGE,ENGAGE-INDCi2030-300f,38.0725909028195,R10REST_ASIA
POLES-JRC ENGAGE,ENGAGE-INDCi2030-400f,38.129885358524255,R10REST_ASIA
POLES-JRC ENGAGE,ENGAGE-INDCi2030-500f,38.20526522119609,R10REST_ASIA
POLES-JRC ENGAGE,ENGAGE-INDCi2030-600f,38.25147034990515,R10REST_ASIA
POLES-JRC ENGAGE,ENGAGE-INDCi2030-600f-COV,38.27409195112219,R10REST_ASIA
POLES-JRC ENGAGE,ENGAGE-INDCi2030-600f-COV-NDCp,38.2611425498076,R10REST_ASIA
POLES-JRC ENGAGE,ENGAGE-INDCi2030-600f-NDCp,38.31300376823271,R10REST_ASIA
POLES-JRC ENGAGE,ENGAGE-INDCi2030-700f,38.298938031673515,R10REST_ASIA
POLES-JRC ENGAGE,ENGAGE-INDCi2030-800f,38.3480077681611,R10REST_ASIA
POLES-JRC ENGAGE,ENGAGE-INDCi2030-900,38.01257761832226,R10REST_ASIA
POLES-JRC ENGAGE,ENGAGE-INDCi2030-900f,38.42772603218909,R10REST_ASIA
POLES-JRC ENGAGE,ENGAGE-NPi2020-1000f,38.607598999845095,R10REST_ASIA
POLES-JRC ENGAGE,ENGAGE-NPi2020-1000f-COV,38.69678712151908,R10REST_ASIA
POLES-JRC ENGAGE,ENGAGE-NPi2020-1200f,38.729945157240344,R10REST_ASIA
POLES-JRC ENGAGE,ENGAGE-NPi2020-900f,38.51290490033503,R10REST_ASIA
REMIND-MAgPIE 2.1-4.2,NGFS Phase 2-Delayed Transition,37.8691029211968,R10REST_ASIA
REMIND-MAgPIE 3.2.0-4.8.0,RESCUE-End-of-Century-Budget-1150,37.85783855949502,R10REST_ASIA
REMIND-MAgPIE 3.2.0-4.8.0,RESCUE-End-of-Century-Budget-1150-with-OAE,37.85041324904632,R10REST_ASIA
REMIND-MAgPIE 3.2.0-4.8.0,RESCUE-End-of-Century-Budget-500,37.58498969682569,R10REST_ASIA
REMIND-MAgPIE 3.2.0-4.8.0,RESCUE-End-of-Century-Budget-500-with-OAE,37.60387632590251,R10REST_ASIA
REMIND-MAgPIE 3.2.0-4.8.0,RESCUE-Peak-Budget-1150,37.147858476796515,R10REST_ASIA
REMIND-MAgPIE 3.2.0-4.8.0,RESCUE-Peak-Budget-1150-with-OAE,37.15231171385662,R10REST_ASIA
REMIND-MAgPIE 3.3-4.8,NGFS Phase 5-Below 2°C,37.23719868380646,R10REST_ASIA
REMIND-MAgPIE 3.3-4.8,NGFS Phase 5-Delayed Transition,37.63805266498654,R10REST_ASIA
REMIND-MAgPIE 3.3-4.8,NGFS Phase 5-Low Demand,36.89657787181055,R10REST_ASIA
REMIND-MAgPIE 3.3-4.8,NGFS Phase 5-Net-Zero 2050,36.35617695711693,R10REST_ASIA
WITCH 5.0,ENGAGE-INDCi2030-1000,39.21942053863527,R10REST_ASIA
WITCH 5.0,ENGAGE-INDCi2030-1000-NDCp,39.21667861586679,R10REST_ASIA
WITCH 5.0,ENGAGE-INDCi2030-1000f,39.23889381631106,R10REST_ASIA
WITCH 5.0,ENGAGE-INDCi2030-1000f-NDCp,39.23901483133973,R10REST_ASIA
WITCH 5.0,ENGAGE-INDCi2030-1200,39.25646995461161,R10REST_ASIA
WITCH 5.0,ENGAGE-INDCi2030-1200-NDCp,39.25390295305001,R10REST_ASIA
WITCH 5.0,ENGAGE-INDCi2030-1200f,39.2680606771799,R10REST_ASIA
WITCH 5.0,ENGAGE-INDCi2030-1200f-NDCp,39.26813744673554,R10REST_ASIA
WITCH 5.0,ENGAGE-INDCi2030-1400,39.29164848948975,R10REST_ASIA
WITCH 5.0,ENGAGE-INDCi2030-1400-NDCp,39.28802711618057,R10REST_ASIA
WITCH 5.0,ENGAGE-INDCi2030-1400f,39.292503663580234,R10REST_ASIA
WITCH 5.0,ENGAGE-INDCi2030-1400f-NDCp,39.29239714270853,R10REST_ASIA
WITCH 5.0,ENGAGE-INDCi2030-1600-NDCp,39.31066823399528,R10REST_ASIA
WITCH 5.0,ENGAGE-INDCi2030-500f,39.103777864740515,R10REST_ASIA
WITCH 5.0,ENGAGE-INDCi2030-600f,39.13821348439522,R10REST_ASIA
WITCH 5.0,ENGAGE-INDCi2030-600f-NDCp,39.14347630673386,R10REST_ASIA
WITCH 5.0,ENGAGE-INDCi2030-700f,39.16461758401775,R10REST_ASIA
WITCH 5.0,ENGAGE-INDCi2030-700f-NDCp,39.17293563193081,R10REST_ASIA
WITCH 5.0,ENGAGE-INDCi2030-800,39.120660336025864,R10REST_ASIA
WITCH 5.0,ENGAGE-INDCi2030-800-NDCp,39.1212613498527,R10REST_ASIA
WITCH 5.0,ENGAGE-INDCi2030-800f,39.204001993926596,R10REST_ASIA
WITCH 5.0,ENGAGE-INDCi2030-800f-NDCp,39.2066002536777,R10REST_ASIA
WITCH 5.0,ENGAGE-INDCi2030-900,39.16747316055751,R10REST_ASIA
WITCH 5.0,ENGAGE-INDCi2030-900-NDCp,39.18059627991872,R10REST_ASIA
WITCH 5.0,ENGAGE-INDCi2030-900f,39.22363928618796,R10REST_ASIA
WITCH 5.0,ENGAGE-INDCi2030-900f-NDCp,39.223885246335676,R10REST_ASIA
IMAGE 3.0,ENGAGE-INDCi2030-1000,38.99580189709434,R10PAC_OECD
IMAGE 3.0,ENGAGE-INDCi2030-1000f,39.07667350743977,R10PAC_OECD
IMAGE 3.0,ENGAGE-INDCi2030-1200,39.06809984656573,R10PAC_OECD
IMAGE 3.0,ENGAGE-INDCi2030-1200f,39.068197006295875,R10PAC_OECD
IMAGE 3.0,ENGAGE-INDCi2030-1400f,39.08254072981639,R10PAC_OECD
IMAGE 3.0,ENGAGE-INDCi2030-800f,38.990566601898415,R10PAC_OECD
IMAGE 3.0,ENGAGE-NPi2020-1000,39.12614838312936,R10PAC_OECD
IMAGE 3.0,ENGAGE-NPi2020-1200,39.09632889069876,R10PAC_OECD
IMAGE 3.0,ENGAGE-NPi2020-1400,39.12701672240377,R10PAC_OECD
IMAGE 3.0,ENGAGE-NPi2020-1400f,39.11957081427572,R10PAC_OECD
IMAGE 3.2,SSP2021-SSP1-SPA1-19-Default,39.506259348552064,R10PAC_OECD
IMAGE 3.2,SSP2021-SSP1-SPA1-19-Lifestyle-Renewables,39.55197738399846,R10PAC_OECD
IMAGE 3.2,SSP2021-SSP1-SPA1-19-Renewables,39.35620237187233,R10PAC_OECD
IMAGE 3.2,SSP2021-SSP1-SPA1-26-Default,39.45027571510923,R10PAC_OECD
IMAGE 3.2,SSP2021-SSP1-SPA1-26-Lifestyle,39.440366968365666,R10PAC_OECD
IMAGE 3.2,SSP2021-SSP1-SPA1-26-Lifestyle-Renewables,39.48842594731928,R10PAC_OECD
IMAGE 3.2,SSP2021-SSP1-SPA1-26-Renewables,39.288417581116235,R10PAC_OECD
IMAGE 3.2,SSP2021-SSP2-SPA0-26-Default,39.76881023500191,R10PAC_OECD
IMAGE 3.2,SSP2021-SSP2-SPA2-19-Renewables,40.221031896858875,R10PAC_OECD
IMAGE 3.2,SSP2021-SSP2-SPA2-26-Default,39.780230074092174,R10PAC_OECD
IMAGE 3.2,SSP2021-SSP2-SPA2-26-Lifestyle,39.57206728207324,R10PAC_OECD
IMAGE 3.2,SSP2021-SSP2-SPA2-26-Lifestyle-Renewables,39.33175301413007,R10PAC_OECD
IMAGE 3.2,SSP2021-SSP2-SPA2-26-Renewables,39.44801526429606,R10PAC_OECD
IMAGE 3.3,NAVIGATE Demand-1.5°C-ele_u,37.65751609767093,R10PAC_OECD
IMAGE 3.3,NAVIGATE Demand-1.5°C-tec_u,38.34726186851943,R10PAC_OECD
IMAGE 3.3,NAVIGATE Demand-2.0°C-ele_u,37.93443986216253,R10PAC_OECD
IMAGE 3.3,NAVIGATE Demand-2.0°C-ref,38.54784064295853,R10PAC_OECD
IMAGE 3.3,NAVIGATE Demand-2.0°C-tec_u,38.63116257220485,R10PAC_OECD
MESSAGEix-GLOBIOM 2.0-M-R12-NGFS,NGFS Phase 5-Below 2°C,38.991458332161834,R10PAC_OECD
MESSAGEix-GLOBIOM 2.0-M-R12-NGFS,NGFS Phase 5-Delayed Transition,38.980235142208635,R10PAC_OECD
MESSAGEix-GLOBIOM 2.0-M-R12-NGFS,NGFS Phase 5-Low Demand,38.87489708898663,R10PAC_OECD
MESSAGEix-GLOBIOM 2.0-M-R12-NGFS,NGFS Phase 5-Nationally Determined Contributions (NDCs),39.29687119903214,R10PAC_OECD
MESSAGEix-GLOBIOM 2.0-M-R12-NGFS,NGFS Phase 5-Net-Zero 2050,38.30996518856864,R10PAC_OECD
POLES-JRC ENGAGE,ENGAGE-INDCi2030-1000,38.945918635807274,R10PAC_OECD
POLES-JRC ENGAGE,ENGAGE-INDCi2030-1000-COV,39.03084018892553,R10PAC_OECD
POLES-JRC ENGAGE,ENGAGE-INDCi2030-1000-COV-NDCp,38.989998984634965,R10PAC_OECD
POLES-JRC ENGAGE,ENGAGE-INDCi2030-1000-NDCp,38.9288412632146,R10PAC_OECD
POLES-JRC ENGAGE,ENGAGE-INDCi2030-1000f,39.02819511127667,R10PAC_OECD
POLES-JRC ENGAGE,ENGAGE-INDCi2030-1000f-COV,39.15259530438215,R10PAC_OECD
POLES-JRC ENGAGE,ENGAGE-INDCi2030-1000f-COV-NDCp,39.13046302469362,R10PAC_OECD
POLES-JRC ENGAGE,ENGAGE-INDCi2030-1000f-NDCp,39.04449928873653,R10PAC_OECD
POLES-JRC ENGAGE,ENGAGE-INDCi2030-1200,39.0795897273741,R10PAC_OECD
POLES-JRC ENGAGE,ENGAGE-INDCi2030-1200f,39.1988490834416,R10PAC_OECD
POLES-JRC ENGAGE,ENGAGE-INDCi2030-300f,38.9298504537916,R10PAC_OECD
POLES-JRC ENGAGE,ENGAGE-INDCi2030-400f,38.92362226388802,R10PAC_OECD
POLES-JRC ENGAGE,ENGAGE-INDCi2030-500f,38.91417167693931,R10PAC_OECD
POLES-JRC ENGAGE,ENGAGE-INDCi2030-600f,38.934569267668444,R10PAC_OECD
POLES-JRC ENGAGE,ENGAGE-INDCi2030-600f-COV,38.9910462734415,R10PAC_OECD
POLES-JRC ENGAGE,ENGAGE-INDCi2030-600f-COV-NDCp,38.943782453759326,R10PAC_OECD
POLES-JRC ENGAGE,ENGAGE-INDCi2030-600f-NDCp,38.91244548971774,R10PAC_OECD
POLES-JRC ENGAGE,ENGAGE-INDCi2030-700f,38.933186945905334,R10PAC_OECD
POLES-JRC ENGAGE,ENGAGE-INDCi2030-800f,38.938021518295415,R10PAC_OECD
POLES-JRC ENGAGE,ENGAGE-INDCi2030-900,38.93313067184168,R10PAC_OECD
POLES-JRC ENGAGE,ENGAGE-INDCi2030-900f,38.97730421125983,R10PAC_OECD
POLES-JRC ENGAGE,ENGAGE-NPi2020-1000f,39.20943272646043,R10PAC_OECD
POLES-JRC ENGAGE,ENGAGE-NPi2020-1000f-COV,39.29817102025624,R10PAC_OECD
POLES-JRC ENGAGE,ENGAGE-NPi2020-1200f,39.340122783826864,R10PAC_OECD
POLES-JRC ENGAGE,ENGAGE-NPi2020-900f,39.11690093243033,R10PAC_OECD
REMIND-MAgPIE 2.1-4.2,NGFS Phase 2-Delayed Transition,38.956532510763886,R10PAC_OECD
REMIND-MAgPIE 3.2.0-4.8.0,RESCUE-End-of-Century-Budget-1150,39.30005429653342,R10PAC_OECD
REMIND-MAgPIE 3.2.0-4.8.0,RESCUE-End-of-Century-Budget-1150-with-OAE,39.29947479495406,R10PAC_OECD
REMIND-MAgPIE 3.2.0-4.8.0,RESCUE-End-of-Century-Budget-500,39.16664122161228,R10PAC_OECD
REMIND-MAgPIE 3.2.0-4.8.0,RESCUE-End-of-Century-Budget-500-with-OAE,39.17925340203783,R10PAC_OECD
REMIND-MAgPIE 3.2.0-4.8.0,RESCUE-Peak-Budget-1150,38.76365222137533,R10PAC_OECD
REMIND-MAgPIE 3.2.0-4.8.0,RESCUE-Peak-Budget-1150-with-OAE,38.762701100761305,R10PAC_OECD
REMIND-MAgPIE 3.3-4.8,NGFS Phase 5-Below 2°C,38.64932804298519,R10PAC_OECD
REMIND-MAgPIE 3.3-4.8,NGFS Phase 5-Delayed Transition,38.70635849003202,R10PAC_OECD
REMIND-MAgPIE 3.3-4.8,NGFS Phase 5-Low Demand,38.35014830592339,R10PAC_OECD
REMIND-MAgPIE 3.3-4.8,NGFS Phase 5-Net-Zero 2050,37.40877887378586,R10PAC_OECD
WITCH 5.0,ENGAGE-INDCi2030-1000,38.604759612966255,R10PAC_OECD
WITCH 5.0,ENGAGE-INDCi2030-1000-NDCp,38.554323007993005,R10PAC_OECD
WITCH 5.0,ENGAGE-INDCi2030-1000f,38.636295399592186,R10PAC_OECD
WITCH 5.0,ENGAGE-INDCi2030-1000f-NDCp,38.61533318605087,R10PAC_OECD
WITCH 5.0,ENGAGE-INDCi2030-1200,38.63586910183518,R10PAC_OECD
WITCH 5.0,ENGAGE-INDCi2030-1200-NDCp,38.60553140200732,R10PAC_OECD
WITCH 5.0,ENGAGE-INDCi2030-1200f,38.68745237742462,R10PAC_OECD
WITCH 5.0,ENGAGE-INDCi2030-1200f-NDCp,38.672924949801164,R10PAC_OECD
WITCH 5.0,ENGAGE-INDCi2030-1400,38.694521756828635,R10PAC_OECD
WITCH 5.0,ENGAGE-INDCi2030-1400-NDCp,38.67645185755339,R10PAC_OECD
WITCH 5.0,ENGAGE-INDCi2030-1400f,38.72751696343655,R10PAC_OECD
WITCH 5.0,ENGAGE-INDCi2030-1400f-NDCp,38.70973450484274,R10PAC_OECD
WITCH 5.0,ENGAGE-INDCi2030-1600-NDCp,38.752948813703455,R10PAC_OECD
WITCH 5.0,ENGAGE-INDCi2030-500f,38.43772614310495,R10PAC_OECD
WITCH 5.0,ENGAGE-INDCi2030-600f,38.48514299170337,R10PAC_OECD
WITCH 5.0,ENGAGE-INDCi2030-600f-NDCp,38.47879347405518,R10PAC_OECD
WITCH 5.0,ENGAGE-INDCi2030-700f,38.53820755828387,R10PAC_OECD
WITCH 5.0,ENGAGE-INDCi2030-700f-NDCp,38.523035874063126,R10PAC_OECD
WITCH 5.0,ENGAGE-INDCi2030-800,38.466345946668206,R10PAC_OECD
WITCH 5.0,ENGAGE-INDCi2030-800-NDCp,38.44087494860209,R10PAC_OECD
WITCH 5.0,ENGAGE-INDCi2030-800f,38.57844729201525,R10PAC_OECD
WITCH 5.0,ENGAGE-INDCi2030-800f-NDCp,38.56220491751192,R10PAC_OECD
WITCH 5.0,ENGAGE-INDCi2030-900,38.539851164477696,R10PAC_OECD
WITCH 5.0,ENGAGE-INDCi2030-900-NDCp,38.531236466401175,R10PAC_OECD
WITCH 5.0,ENGAGE-INDCi2030-900f,38.61408900664842,R10PAC_OECD
WITCH 5.0,ENGAGE-INDCi2030-900f-NDCp,38.593786882176374,R10PAC_OECD
IMAGE 3.0,ENGAGE-INDCi2030-1000,39.83610481277174,R10REF_ECON
IMAGE 3.0,ENGAGE-INDCi2030-1000f,39.90233611565177,R10REF_ECON
IMAGE 3.0,ENGAGE-INDCi2030-1200,39.88363636250238,R10REF_ECON
IMAGE 3.0,ENGAGE-INDCi2030-1200f,39.89725161743142,R10REF_ECON
IMAGE 3.0,ENGAGE-INDCi2030-1400f,39.90410271507,R10REF_ECON
IMAGE 3.0,ENGAGE-INDCi2030-800f,39.83337345863986,R10REF_ECON
IMAGE 3.0,ENGAGE-NPi2020-1000,39.746276317541245,R10REF_ECON
IMAGE 3.0,ENGAGE-NPi2020-1200,39.815511273072005,R10REF_ECON
IMAGE 3.0,ENGAGE-NPi2020-1400,39.83625205354457,R10REF_ECON
IMAGE 3.0,ENGAGE-NPi2020-1400f,39.82003254838373,R10REF_ECON
IMAGE 3.2,SSP2021-SSP1-SPA1-19-Default,39.68279884860421,R10REF_ECON
IMAGE 3.2,SSP2021-SSP1-SPA1-19-Lifestyle-Renewables,39.62313443611644,R10REF_ECON
IMAGE 3.2,SSP2021-SSP1-SPA1-19-Renewables,39.30271744131653,R10REF_ECON
IMAGE 3.2,SSP2021-SSP1-SPA1-26-Default,39.75460334366647,R10REF_ECON
IMAGE 3.2,SSP2021-SSP1-SPA1-26-Lifestyle,39.81772435559493,R10REF_ECON
IMAGE 3.2,SSP2021-SSP1-SPA1-26-Lifestyle-Renewables,39.8033495582377,R10REF_ECON
IMAGE 3.2,SSP2021-SSP1-SPA1-26-Renewables,39.47506403729447,R10REF_ECON
IMAGE 3.2,SSP2021-SSP2-SPA0-26-Default,39.95209629711079,R10REF_ECON
IMAGE 3.2,SSP2021-SSP2-SPA2-19-Renewables,39.07402164807713,R10REF_ECON
IMAGE 3.2,SSP2021-SSP2-SPA2-26-Default,39.93201087976757,R10REF_ECON
IMAGE 3.2,SSP2021-SSP2-SPA2-26-Lifestyle,39.95453018993889,R10REF_ECON
IMAGE 3.2,SSP2021-SSP2-SPA2-26-Lifestyle-Renewables,39.70716927502881,R10REF_ECON
IMAGE 3.2,SSP2021-SSP2-SPA2-26-Renewables,39.603556262829905,R10REF_ECON
IMAGE 3.3,NAVIGATE Demand-1.5°C-ele_u,38.238813368456036,R10REF_ECON
IMAGE 3.3,NAVIGATE Demand-1.5°C-tec_u,38.58109591838823,R10REF_ECON
IMAGE 3.3,NAVIGATE Demand-2.0°C-ele_u,38.931921610712905,R10REF_ECON
IMAGE 3.3,NAVIGATE Demand-2.0°C-ref,39.260722969828265,R10REF_ECON
IMAGE 3.3,NAVIGATE Demand-2.0°C-tec_u,39.340660836467045,R10REF_ECON
MESSAGEix-GLOBIOM 2.0-M-R12-NGFS,NGFS Phase 5-Below 2°C,39.08969248562227,R10REF_ECON
MESSAGEix-GLOBIOM 2.0-M-R12-NGFS,NGFS Phase 5-Delayed Transition,39.201148269441354,R10REF_ECON
MESSAGEix-GLOBIOM 2.0-M-R12-NGFS,NGFS Phase 5-Low Demand,38.94715888866425,R10REF_ECON
MESSAGEix-GLOBIOM 2.0-M-R12-NGFS,NGFS Phase 5-Nationally Determined Contributions (NDCs),39.580797068538374,R10REF_ECON
MESSAGEix-GLOBIOM 2.0-M-R12-NGFS,NGFS Phase 5-Net-Zero 2050,37.91501749823026,R10REF_ECON
POLES-JRC ENGAGE,ENGAGE-INDCi2030-1000,39.45273741961019,R10REF_ECON
POLES-JRC ENGAGE,ENGAGE-INDCi2030-1000-COV,39.52468614455666,R10REF_ECON
POLES-JRC ENGAGE,ENGAGE-INDCi2030-1000-COV-NDCp,39.5271325706125,R10REF_ECON
POLES-JRC ENGAGE,ENGAGE-INDCi2030-1000-NDCp,39.51211425235703,R10REF_ECON
POLES-JRC ENGAGE,ENGAGE-INDCi2030-1000f,39.50156158142523,R10REF_ECON
POLES-JRC ENGAGE,ENGAGE-INDCi2030-1000f-COV,39.58237755276818,R10REF_ECON
POLES-JRC ENGAGE,ENGAGE-INDCi2030-1000f-COV-NDCp,39.58366764690387,R10REF_ECON
POLES-JRC ENGAGE,ENGAGE-INDCi2030-1000f-NDCp,39.637866378232765,R10REF_ECON
POLES-JRC ENGAGE,ENGAGE-INDCi2030-1200,39.527117363338704,R10REF_ECON
POLES-JRC ENGAGE,ENGAGE-INDCi2030-1200f,39.551371726157626,R10REF_ECON
POLES-JRC ENGAGE,ENGAGE-INDCi2030-300f,39.36655108410771,R10REF_ECON
POLES-JRC ENGAGE,ENGAGE-INDCi2030-400f,39.38270748875472,R10REF_ECON
POLES-JRC ENGAGE,ENGAGE-INDCi2030-500f,39.40391701157814,R10REF_ECON
POLES-JRC ENGAGE,ENGAGE-INDCi2030-600f,39.42868038831911,R10REF_ECON
POLES-JRC ENGAGE,ENGAGE-INDCi2030-600f-COV,39.46226956304284,R10REF_ECON
POLES-JRC ENGAGE,ENGAGE-INDCi2030-600f-COV-NDCp,39.46938239698306,R10REF_ECON
POLES-JRC ENGAGE,ENGAGE-INDCi2030-600f-NDCp,39.45160101868082,R10REF_ECON
POLES-JRC ENGAGE,ENGAGE-INDCi2030-700f,39.45764466374693,R10REF_ECON
POLES-JRC ENGAGE,ENGAGE-INDCi2030-800f,39.47141795063907,R10REF_ECON
POLES-JRC ENGAGE,ENGAGE-INDCi2030-900,39.34973978390022,R10REF_ECON
POLES-JRC ENGAGE,ENGAGE-INDCi2030-900f,39.47779474467937,R10REF_ECON
POLES-JRC ENGAGE,ENGAGE-NPi2020-1000f,39.59698396529596,R10REF_ECON
POLES-JRC ENGAGE,ENGAGE-NPi2020-1000f-COV,39.62255368826023,R10REF_ECON
POLES-JRC ENGAGE,ENGAGE-NPi2020-1200f,39.65161736024989,R10REF_ECON
POLES-JRC ENGAGE,ENGAGE-NPi2020-900f,39.56181171146278,R10REF_ECON
REMIND-MAgPIE 2.1-4.2,NGFS Phase 2-Delayed Transition,39.12315898152701,R10REF_ECON
REMIND-MAgPIE 3.2.0-4.8.0,RESCUE-End-of-Century-Budget-1150,39.62853402602668,R10REF_ECON
REMIND-MAgPIE 3.2.0-4.8.0,RESCUE-End-of-Century-Budget-1150-with-OAE,39.61863544559389,R10REF_ECON
REMIND-MAgPIE 3.2.0-4.8.0,RESCUE-End-of-Century-Budget-500,39.48584524737108,R10REF_ECON
REMIND-MAgPIE 3.2.0-4.8.0,RESCUE-End-of-Century-Budget-500-with-OAE,39.50784961419473,R10REF_ECON
REMIND-MAgPIE 3.2.0-4.8.0,RESCUE-Peak-Budget-1150,38.980869824543745,R10REF_ECON
REMIND-MAgPIE 3.2.0-4.8.0,RESCUE-Peak-Budget-1150-with-OAE,38.98164230563762,R10REF_ECON
REMIND-MAgPIE 3.3-4.8,NGFS Phase 5-Below 2°C,38.80593667643975,R10REF_ECON
REMIND-MAgPIE 3.3-4.8,NGFS Phase 5-Delayed Transition,39.072724679264006,R10REF_ECON
REMIND-MAgPIE 3.3-4.8,NGFS Phase 5-Low Demand,38.549372566880905,R10REF_ECON
REMIND-MAgPIE 3.3-4.8,NGFS Phase 5-Net-Zero 2050,37.48489650108897,R10REF_ECON
WITCH 5.0,ENGAGE-INDCi2030-1000,39.7591208416221,R10REF_ECON
WITCH 5.0,ENGAGE-INDCi2030-1000-NDCp,39.75752976596906,R10REF_ECON
WITCH 5.0,ENGAGE-INDCi2030-1000f,39.77781067307801,R10REF_ECON
WITCH 5.0,ENGAGE-INDCi2030-1000f-NDCp,39.79210758817565,R10REF_ECON
WITCH 5.0,ENGAGE-INDCi2030-1200,39.79433046976477,R10REF_ECON
WITCH 5.0,ENGAGE-INDCi2030-1200-NDCp,39.79309714957222,R10REF_ECON
WITCH 5.0,ENGAGE-INDCi2030-1200f,39.79483465109671,R10REF_ECON
WITCH 5.0,ENGAGE-INDCi2030-1200f-NDCp,39.79251983601908,R10REF_ECON
WITCH 5.0,ENGAGE-INDCi2030-1400,39.79197400411163,R10REF_ECON
WITCH 5.0,ENGAGE-INDCi2030-1400-NDCp,39.78851941366669,R10REF_ECON
WITCH 5.0,ENGAGE-INDCi2030-1400f,39.79210285171469,R10REF_ECON
WITCH 5.0,ENGAGE-INDCi2030-1400f-NDCp,39.78845077021043,R10REF_ECON
WITCH 5.0,ENGAGE-INDCi2030-1600-NDCp,39.783639092221016,R10REF_ECON
WITCH 5.0,ENGAGE-INDCi2030-500f,39.74670537070978,R10REF_ECON
WITCH 5.0,ENGAGE-INDCi2030-600f,39.7545706237343,R10REF_ECON
WITCH 5.0,ENGAGE-INDCi2030-600f-NDCp,39.75527667005482,R10REF_ECON
WITCH 5.0,ENGAGE-INDCi2030-700f,39.75639838647864,R10REF_ECON
WITCH 5.0,ENGAGE-INDCi2030-700f-NDCp,39.755417479213286,R10REF_ECON
WITCH 5.0,ENGAGE-INDCi2030-800,39.75223825517231,R10REF_ECON
WITCH 5.0,ENGAGE-INDCi2030-800-NDCp,39.75497808502984,R10REF_ECON
WITCH 5.0,ENGAGE-INDCi2030-800f,39.754198350595516,R10REF_ECON
WITCH 5.0,ENGAGE-INDCi2030-800f-NDCp,39.75892208865659,R10REF_ECON
WITCH 5.0,ENGAGE-INDCi2030-900,39.75802928217096,R10REF_ECON
WITCH 5.0,ENGAGE-INDCi2030-900-NDCp,39.75419706820202,R10REF_ECON
WITCH 5.0,ENGAGE-INDCi2030-900f,39.75833583490288,R10REF_ECON
WITCH 5.0,ENGAGE-INDCi2030-900f-NDCp,39.76852716975642,R10REF_ECON
IMAGE 3.0,ENGAGE-INDCi2030-1000,39.17417796192938,R10NORTH_AM
IMAGE 3.0,ENGAGE-INDCi2030-1000f,39.13822867299539,R10NORTH_AM
IMAGE 3.0,ENGAGE-INDCi2030-1200,39.21454474140201,R10NORTH_AM
IMAGE 3.0,ENGAGE-INDCi2030-1200f,39.0887233456403,R10NORTH_AM
IMAGE 3.0,ENGAGE-INDCi2030-1400f,39.09902438269166,R10NORTH_AM
IMAGE 3.0,ENGAGE-INDCi2030-800f,39.14155355378991,R10NORTH_AM
IMAGE 3.0,ENGAGE-NPi2020-1000,39.320090581111586,R10NORTH_AM
IMAGE 3.0,ENGAGE-NPi2020-1200,39.3692843961563,R10NORTH_AM
IMAGE 3.0,ENGAGE-NPi2020-1400,39.30784885449983,R10NORTH_AM
IMAGE 3.0,ENGAGE-NPi2020-1400f,39.29249830289778,R10NORTH_AM
IMAGE 3.2,SSP2021-SSP1-SPA1-19-Default,38.73939327297174,R10NORTH_AM
IMAGE 3.2,SSP2021-SSP1-SPA1-19-Lifestyle-Renewables,38.944494598817876,R10NORTH_AM
IMAGE 3.2,SSP2021-SSP1-SPA1-19-Renewables,38.3007952072655,R10NORTH_AM
IMAGE 3.2,SSP2021-SSP1-SPA1-26-Default,38.914861267160724,R10NORTH_AM
IMAGE 3.2,SSP2021-SSP1-SPA1-26-Lifestyle,38.977646425441854,R10NORTH_AM
IMAGE 3.2,SSP2021-SSP1-SPA1-26-Lifestyle-Renewables,39.11667246831136,R10NORTH_AM
IMAGE 3.2,SSP2021-SSP1-SPA1-26-Renewables,38.59816706794024,R10NORTH_AM
IMAGE 3.2,SSP2021-SSP2-SPA0-26-Default,39.55661718880823,R10NORTH_AM
IMAGE 3.2,SSP2021-SSP2-SPA2-19-Renewables,38.56998945842198,R10NORTH_AM
IMAGE 3.2,SSP2021-SSP2-SPA2-26-Default,39.501159660259866,R10NORTH_AM
IMAGE 3.2,SSP2021-SSP2-SPA2-26-Lifestyle,39.457591114178335,R10NORTH_AM
IMAGE 3.2,SSP2021-SSP2-SPA2-26-Lifestyle-Renewables,39.03041939180311,R10NORTH_AM
IMAGE 3.2,SSP2021-SSP2-SPA2-26-Renewables,39.01137118140348,R10NORTH_AM
IMAGE 3.3,NAVIGATE Demand-1.5°C-ele_u,37.31372316135393,R10NORTH_AM
IMAGE 3.3,NAVIGATE Demand-1.5°C-tec_u,37.86455818001196,R10NORTH_AM
IMAGE 3.3,NAVIGATE Demand-2.0°C-ele_u,38.21921849193181,R10NORTH_AM
IMAGE 3.3,NAVIGATE Demand-2.0°C-ref,38.4457507765551,R10NORTH_AM
IMAGE 3.3,NAVIGATE Demand-2.0°C-tec_u,38.69195683189377,R10NORTH_AM
MESSAGEix-GLOBIOM 2.0-M-R12-NGFS,NGFS Phase 5-Below 2°C,38.58654310761637,R10NORTH_AM
MESSAGEix-GLOBIOM 2.0-M-R12-NGFS,NGFS Phase 5-Delayed Transition,38.67233082409715,R10NORTH_AM
MESSAGEix-GLOBIOM 2.0-M-R12-NGFS,NGFS Phase 5-Low Demand,38.408871762699945,R10NORTH_AM
MESSAGEix-GLOBIOM 2.0-M-R12-NGFS,NGFS Phase 5-Nationally Determined Contributions (NDCs),38.74342660368972,R10NORTH_AM
MESSAGEix-GLOBIOM 2.0-M-R12-NGFS,NGFS Phase 5-Net-Zero 2050,37.60704328516388,R10NORTH_AM
POLES-JRC ENGAGE,ENGAGE-INDCi2030-1000,38.694169333140096,R10NORTH_AM
POLES-JRC ENGAGE,ENGAGE-INDCi2030-1000-COV,38.77237742757309,R10NORTH_AM
POLES-JRC ENGAGE,ENGAGE-INDCi2030-1000-COV-NDCp,38.75237436701167,R10NORTH_AM
POLES-JRC ENGAGE,ENGAGE-INDCi2030-1000-NDCp,38.79548286992948,R10NORTH_AM
POLES-JRC ENGAGE,ENGAGE-INDCi2030-1000f,38.8656383834625,R10NORTH_AM
POLES-JRC ENGAGE,ENGAGE-INDCi2030-1000f-COV,38.859688114300646,R10NORTH_AM
POLES-JRC ENGAGE,ENGAGE-INDCi2030-1000f-COV-NDCp,38.83268551301332,R10NORTH_AM
POLES-JRC ENGAGE,ENGAGE-INDCi2030-1000f-NDCp,38.8990163119388,R10NORTH_AM
POLES-JRC ENGAGE,ENGAGE-INDCi2030-1200,38.887396623856986,R10NORTH_AM
POLES-JRC ENGAGE,ENGAGE-INDCi2030-1200f,38.938850214294746,R10NORTH_AM
POLES-JRC ENGAGE,ENGAGE-INDCi2030-300f,38.62062966639912,R10NORTH_AM
POLES-JRC ENGAGE,ENGAGE-INDCi2030-400f,38.62333782790586,R10NORTH_AM
POLES-JRC ENGAGE,ENGAGE-INDCi2030-500f,38.61134104037649,R10NORTH_AM
POLES-JRC ENGAGE,ENGAGE-INDCi2030-600f,38.65304094691286,R10NORTH_AM
POLES-JRC ENGAGE,ENGAGE-INDCi2030-600f-COV,38.644328240891916,R10NORTH_AM
POLES-JRC ENGAGE,ENGAGE-INDCi2030-600f-COV-NDCp,38.60371867878056,R10NORTH_AM
POLES-JRC ENGAGE,ENGAGE-INDCi2030-600f-NDCp,38.724935437682134,R10NORTH_AM
POLES-JRC ENGAGE,ENGAGE-INDCi2030-700f,38.701253523465496,R10NORTH_AM
POLES-JRC ENGAGE,ENGAGE-INDCi2030-800f,38.7584019542458,R10NORTH_AM
POLES-JRC ENGAGE,ENGAGE-INDCi2030-900,38.62869798747699,R10NORTH_AM
POLES-JRC ENGAGE,ENGAGE-INDCi2030-900f,38.81534123364125,R10NORTH_AM
POLES-JRC ENGAGE,ENGAGE-NPi2020-1000f,38.95531225056046,R10NORTH_AM
POLES-JRC ENGAGE,ENGAGE-NPi2020-1000f-COV,38.955813416063904,R10NORTH_AM
POLES-JRC ENGAGE,ENGAGE-NPi2020-1200f,39.01130501837976,R10NORTH_AM
POLES-JRC ENGAGE,ENGAGE-NPi2020-900f,38.899395629832554,R10NORTH_AM
REMIND-MAgPIE 2.1-4.2,NGFS Phase 2-Delayed Transition,37.149805455597104,R10NORTH_AM
REMIND-MAgPIE 3.2.0-4.8.0,RESCUE-End-of-Century-Budget-1150,37.82456989169629,R10NORTH_AM
REMIND-MAgPIE 3.2.0-4.8.0,RESCUE-End-of-Century-Budget-1150-with-OAE,37.81553483245304,R10NORTH_AM
REMIND-MAgPIE 3.2.0-4.8.0,RESCUE-End-of-Century-Budget-500,37.66702067613643,R10NORTH_AM
REMIND-MAgPIE 3.2.0-4.8.0,RESCUE-End-of-Century-Budget-500-with-OAE,37.664877528625674,R10NORTH_AM
REMIND-MAgPIE 3.2.0-4.8.0,RESCUE-Peak-Budget-1150,37.22911615854261,R10NORTH_AM
REMIND-MAgPIE 3.2.0-4.8.0,RESCUE-Peak-Budget-1150-with-OAE,37.23667695871018,R10NORTH_AM
REMIND-MAgPIE 3.3-4.8,NGFS Phase 5-Below 2°C,37.39737337691389,R10NORTH_AM
REMIND-MAgPIE 3.3-4.8,NGFS Phase 5-Delayed Transition,37.39211640572848,R10NORTH_AM
REMIND-MAgPIE 3.3-4.8,NGFS Phase 5-Low Demand,37.06684643410755,R10NORTH_AM
REMIND-MAgPIE 3.3-4.8,NGFS Phase 5-Net-Zero 2050,36.36706411006088,R10NORTH_AM
WITCH 5.0,ENGAGE-INDCi2030-1000,37.94138187190345,R10NORTH_AM
WITCH 5.0,ENGAGE-INDCi2030-1000-NDCp,37.67540202544428,R10NORTH_AM
WITCH 5.0,ENGAGE-INDCi2030-1000f,37.96904119398471,R10NORTH_AM
WITCH 5.0,ENGAGE-INDCi2030-1000f-NDCp,37.724849905437196,R10NORTH_AM
WITCH 5.0,ENGAGE-INDCi2030-1200,37.99007581859718,R10NORTH_AM
WITCH 5.0,ENGAGE-INDCi2030-1200-NDCp,37.75819781589183,R10NORTH_AM
WITCH 5.0,ENGAGE-INDCi2030-1200f,37.99444253130088,R10NORTH_AM
WITCH 5.0,ENGAGE-INDCi2030-1200f-NDCp,37.792160724039675,R10NORTH_AM
WITCH 5.0,ENGAGE-INDCi2030-1400,38.01039114302006,R10NORTH_AM
WITCH 5.0,ENGAGE-INDCi2030-1400-NDCp,37.84860468098731,R10NORTH_AM
WITCH 5.0,ENGAGE-INDCi2030-1400f,38.009784957748415,R10NORTH_AM
WITCH 5.0,ENGAGE-INDCi2030-1400f-NDCp,37.8587110325088,R10NORTH_AM
WITCH 5.0,ENGAGE-INDCi2030-1600-NDCp,37.910256891372015,R10NORTH_AM
WITCH 5.0,ENGAGE-INDCi2030-500f,37.829631470113725,R10NORTH_AM
WITCH 5.0,ENGAGE-INDCi2030-600f,37.874586389581694,R10NORTH_AM
WITCH 5.0,ENGAGE-INDCi2030-600f-NDCp,37.57458291135478,R10NORTH_AM
WITCH 5.0,ENGAGE-INDCi2030-700f,37.90946681219343,R10NORTH_AM
WITCH 5.0,ENGAGE-INDCi2030-700f-NDCp,37.63111886970072,R10NORTH_AM
WITCH 5.0,ENGAGE-INDCi2030-800,37.84689895319557,R10NORTH_AM
WITCH 5.0,ENGAGE-INDCi2030-800-NDCp,37.52092475316492,R10NORTH_AM
WITCH 5.0,ENGAGE-INDCi2030-800f,37.9436990273047,R10NORTH_AM
WITCH 5.0,ENGAGE-INDCi2030-800f-NDCp,37.66494463085546,R10NORTH_AM
WITCH 5.0,ENGAGE-INDCi2030-900,37.91301741183702,R10NORTH_AM
WITCH 5.0,ENGAGE-INDCi2030-900-NDCp,37.633651575462395,R10NORTH_AM
WITCH 5.0,ENGAGE-INDCi2030-900f,37.95232215808926,R10NORTH_AM
WITCH 5.0,ENGAGE-INDCi2030-900f-NDCp,37.69231039626245,R10NORTH_AM
