model,scenario,economic_score,environmental_score,resource_score,resilience_score,robustness_score,fairness_score,transition_speed_score
IMAGE 3.0,ENGAGE-INDCi2030-1000,0.1901710135729386,0.801490526700261,0.0,0.16421118943523827,0.685534765618571,0.47519357463136014,0.5131401826063915
IMAGE 3.0,ENGAGE-INDCi2030-1000f,0.2714008128704039,0.8161814065997782,0.0,0.1320499857966189,0.6579786448514927,0.4830403077466961,0.48113900635703793
IMAGE 3.0,ENGAGE-INDCi2030-1200,0.16277631601945,0.8034884185925515,0.0,0.22417510365594934,0.65191284749099,0.4766912817122212,0.22243825050519098
IMAGE 3.0,ENGAGE-INDCi2030-1200f,0.1939175301932751,0.8183532040211524,0.0,0.2230195874562458,0.6183538333409737,0.48064415079482536,0.17963594335801364
IMAGE 3.0,ENGAGE-INDCi2030-1400f,0.207358766709184,0.8174060638406045,0.0,0.29605717222288835,0.6255885943850926,0.48064415079482536,0.20776053255087756
IMAGE 3.0,ENGAGE-INDCi2030-800f,0.274881923314334,0.8169423154083952,0.0,0.10915471760055583,0.6895234301088845,0.47766768619928984,0.5816619500846547
IMAGE 3.0,ENGAGE-NPi2020-1000,0.1655840117794377,0.8018747366759,0.0,0.1900481040313092,0.5797374220560365,0.6814701917541245,0.31847205620957336
IMAGE 3.0,ENGAGE-NPi2020-1200,0.1557359005417443,0.8047471636555975,0.0,0.2528852426380325,0.5945103845542322,0.6972564112682744,0.1306856798732249
IMAGE 3.0,ENGAGE-NPi2020-1400,0.1670048651792104,0.7969219908585222,0.0,0.3129800202610295,0.5837120627490731,0.7181042955149054,0.08095780970772783
IMAGE 3.0,ENGAGE-NPi2020-1400f,0.1836013166188894,0.8113151320803554,0.0,0.31503403517574086,0.5473636966766346,0.68090444872972,0.14412868834074755
IMAGE 3.2,SSP2021-SSP1-SPA1-19-Default,0.3207147621789531,0.47464309568891727,0.0,0.11711095479017854,0.6161457647927285,0.46711907337037206,0.16105054348411255
IMAGE 3.2,SSP2021-SSP1-SPA1-19-Lifestyle-Renewables,0.5384589693485269,0.46689680416645213,0.0,0.0932231208905725,0.7479443535318308,0.591656260616286,0.28687286933420236
IMAGE 3.2,SSP2021-SSP1-SPA1-19-Renewables,0.4662845992966006,0.4666990143361371,0.1711368185747056,0.16943813964776838,0.4349957554982603,0.4355545839472271,0.2443778056613066
IMAGE 3.2,SSP2021-SSP1-SPA1-26-Default,0.2824240792090879,0.512617301183692,0.0,0.17186711518803083,0.6081039800325833,0.5318502542362273,0.056626853437765
IMAGE 3.2,SSP2021-SSP1-SPA1-26-Lifestyle,0.2266228375072676,0.46026213151798845,0.0,0.10368406628999385,0.7608020570406716,0.4557057386293269,0.09786261660921837
IMAGE 3.2,SSP2021-SSP1-SPA1-26-Lifestyle-Renewables,0.462356895273552,0.45536711117416034,0.0,0.18544458240842426,0.881082666428842,0.675946701527345,0.25851229204545995
IMAGE 3.2,SSP2021-SSP1-SPA1-26-Renewables,0.420927060579196,0.5017383644335817,0.1386125920188871,0.23913774145411787,0.49351602251045346,0.5260095095688789,0.15070026096426253
IMAGE 3.2,SSP2021-SSP2-SPA0-26-Default,0.3867539871431733,1.0,0.0,0.17408594696561014,0.99082725893992,0.8329316798096476,0.0077749103514716195
IMAGE 3.2,SSP2021-SSP2-SPA2-19-Renewables,0.7309698964213439,0.5339656567352059,0.16982458388004448,0.2278173771540752,0.42793364514608667,0.5199388135283114,0.47891609345209707
IMAGE 3.2,SSP2021-SSP2-SPA2-26-Default,0.3661526442374901,0.6292905584944634,0.0,0.2571385952318934,0.865819836149764,0.7092890821454659,0.0
IMAGE 3.2,SSP2021-SSP2-SPA2-26-Lifestyle,0.2822818885267595,0.6699723289371893,0.0,0.1560484898714784,0.8291315406028013,0.5617031029424395,0.007092692805318101
IMAGE 3.2,SSP2021-SSP2-SPA2-26-Lifestyle-Renewables,0.4837767022651809,0.6666145841124944,0.0,0.16944047092104791,0.6335745737784774,0.5153794197892719,0.19585923263937102
IMAGE 3.2,SSP2021-SSP2-SPA2-26-Renewables,0.607406624115426,0.676292438628223,0.0,0.25452485071478237,0.7192204017546778,0.6099694245629418,0.19207698774819865
IMAGE 3.3,NAVIGATE Demand-1.5°C-ele_u,0.4278713722046429,0.5263728976400018,0.0,0.4574412371342224,0.0,0.4135904245121224,0.4318383739280982
IMAGE 3.3,NAVIGATE Demand-1.5°C-tec_u,0.3495715382317655,0.5231746143025398,0.0,0.3074525968996891,0.07190860754082644,0.4146524606078508,0.3290430555303089
IMAGE 3.3,NAVIGATE Demand-2.0°C-ele_u,0.333970489846761,0.8155381842828241,0.0,0.26807583594507783,0.3347453929665134,0.5098536871252561,0.3331017645796044
IMAGE 3.3,NAVIGATE Demand-2.0°C-ref,0.3036521286337694,0.8147580161839343,0.0,0.2625896766374691,0.32818235268870666,0.45507215912249616,0.08783728873098394
IMAGE 3.3,NAVIGATE Demand-2.0°C-tec_u,0.2616273273769789,0.8134414954619816,0.0,0.16201599223126933,0.39742598258504996,0.4920307505115043,0.08332116723982308
MESSAGEix-GLOBIOM 2.0-M-R12-NGFS,NGFS Phase 5-Below 2°C,0.1515784744743753,0.0,0.30540063798538186,0.747049369794117,0.5375367585956984,0.1620510793407308,0.2289455297823576
MESSAGEix-GLOBIOM 2.0-M-R12-NGFS,NGFS Phase 5-Delayed Transition,0.1469763432713826,0.0012976033853392278,0.30539802093688645,0.6999198929911733,0.7768525664562019,0.18285438050290842,0.2583808812785379
MESSAGEix-GLOBIOM 2.0-M-R12-NGFS,NGFS Phase 5-Low Demand,0.0,0.049993021014876064,0.30540063798538186,0.0,0.2814023001978054,0.02682959599510414,0.38388409475618357
MESSAGEix-GLOBIOM 2.0-M-R12-NGFS,NGFS Phase 5-Nationally Determined Contributions (NDCs),0.1376320481644947,0.07157595792954723,0.30540063798538186,0.6875599599380349,0.8478416868626852,0.16713433353205143,0.11064150894193252
MESSAGEix-GLOBIOM 2.0-M-R12-NGFS,NGFS Phase 5-Net-Zero 2050,0.2075866028414183,0.6493438045892954,0.481103251441803,0.806490681086844,0.20060671115667245,0.0,0.31320624590318963
POLES-JRC ENGAGE,ENGAGE-INDCi2030-1000,0.3849451741153604,0.759490202252346,0.0,0.17799166523662036,0.9851445906562281,0.6997903354470847,0.8030135976364191
POLES-JRC ENGAGE,ENGAGE-INDCi2030-1000-COV,0.3285801457661972,0.7609252405718324,0.0,0.09810203046395648,0.8690240669835632,0.7286657415725787,0.564397201505051
POLES-JRC ENGAGE,ENGAGE-INDCi2030-1000-COV-NDCp,0.3359439307890872,0.7585651429151855,0.0,0.09403028276414237,0.7855322164163543,0.5150617158012581,0.515355296049889
POLES-JRC ENGAGE,ENGAGE-INDCi2030-1000-NDCp,0.3679900166775999,0.761335235007532,0.0,0.20711346183755566,0.9719364671679813,0.5060704330622757,0.6613771852259952
POLES-JRC ENGAGE,ENGAGE-INDCi2030-1000f,0.4460054003455824,0.7782812863862361,0.0,0.20549634744262893,0.9900764869991865,0.6997903354470847,0.5320025130352174
POLES-JRC ENGAGE,ENGAGE-INDCi2030-1000f-COV,0.3134188939488312,0.7751410780877676,0.0,0.11621988722555492,0.87639825652524,0.7286657415725787,0.42404896304187206
POLES-JRC ENGAGE,ENGAGE-INDCi2030-1000f-COV-NDCp,0.2971408000542243,0.7733596193217648,0.0,0.11177918756383848,0.7932085212810245,0.515060731023443,0.3588626307412274
POLES-JRC ENGAGE,ENGAGE-INDCi2030-1000f-NDCp,0.3922758765905801,0.7774377173443021,0.0,0.2137776655183137,0.9815919289005546,0.5060693663896094,0.49980624234840404
POLES-JRC ENGAGE,ENGAGE-INDCi2030-1200,0.2735498357516037,0.7655172476051167,0.0,0.205765833122986,0.9916692725554273,0.6997903354470847,0.48833416869552576
POLES-JRC ENGAGE,ENGAGE-INDCi2030-1200f,0.2654967786002805,0.7747699215800051,0.0,0.21783869139812367,1.0,0.6997903354470847,0.3864476733774792
POLES-JRC ENGAGE,ENGAGE-INDCi2030-300f,0.6957500712741228,0.7807137428014812,0.0,0.23706422152399673,0.9924848291022497,0.6997903354470847,0.9733186261525003
POLES-JRC ENGAGE,ENGAGE-INDCi2030-400f,0.679678470206331,0.7795204012299648,0.0,0.23812645585413056,0.9917068659371912,0.6997903354470847,0.9401217248660082
POLES-JRC ENGAGE,ENGAGE-INDCi2030-500f,0.6022975625056214,0.7794824880145967,0.0,0.2322341210880415,0.992352770434862,0.6997903354470847,0.8794106038823046
POLES-JRC ENGAGE,ENGAGE-INDCi2030-600f,0.6049540525984913,0.7792624064229497,0.0,0.23605676535558176,0.9902379218016887,0.6997903354470847,0.8359795937004796
POLES-JRC ENGAGE,ENGAGE-INDCi2030-600f-COV,0.5731385758928793,0.7786309433267475,0.0,0.19111533511817722,0.8734873521052173,0.7286657415725787,0.7411028052921529
POLES-JRC ENGAGE,ENGAGE-INDCi2030-600f-COV-NDCp,0.5754328963042726,0.7784034640345401,0.0,0.20365745404319271,0.7915946808553075,0.515060731023443,0.7031136967152078
POLES-JRC ENGAGE,ENGAGE-INDCi2030-600f-NDCp,0.5843649260009759,0.7791930529802032,0.0,0.23266790948065333,0.9761748759970404,0.5060704330622757,0.7751131362841711
POLES-JRC ENGAGE,ENGAGE-INDCi2030-700f,0.5613088544182174,0.7789304346103387,0.0,0.24520768713338836,0.9872550280986695,0.6997903354470847,0.7638800663756977
POLES-JRC ENGAGE,ENGAGE-INDCi2030-800f,0.5419362614187461,0.7791151459461857,0.0,0.2531840921383767,0.9869046434134746,0.6997903354470847,0.6897932435155323
POLES-JRC ENGAGE,ENGAGE-INDCi2030-900,0.4131347353180792,0.7542096311216643,0.0,0.21495328576345024,0.9922049571520974,0.6997903354470847,1.0
POLES-JRC ENGAGE,ENGAGE-INDCi2030-900f,0.5144647140819965,0.7786770633661728,0.0,0.232889960029059,0.9863710445365598,0.6997903354470847,0.5884225534070046
POLES-JRC ENGAGE,ENGAGE-NPi2020-1000f,0.2967653966952396,0.6793356543330668,0.0,0.21000188742064438,0.8824836867977334,0.6790695145417491,0.3259620511418749
POLES-JRC ENGAGE,ENGAGE-NPi2020-1000f-COV,0.2724313058331475,0.6748449033261912,0.0,0.13407592638035437,0.8987650918840262,0.7747094312198554,0.30163634357418334
POLES-JRC ENGAGE,ENGAGE-NPi2020-1200f,0.2421592302924653,0.6755739235985231,0.0,0.24052588770188024,0.9527552122902025,0.7040662966659549,0.25319721076004026
POLES-JRC ENGAGE,ENGAGE-NPi2020-900f,0.3484214366470693,0.6852822496922529,0.0,0.209865663644314,0.8221808172966933,0.6452456067255128,0.37532321895349485
REMIND-MAgPIE 2.1-4.2,NGFS Phase 2-Delayed Transition,0.6105590711370271,0.7975004889450393,0.0,0.492518658169764,0.8539597041597586,0.7810328517955647,0.9952374649108864
REMIND-MAgPIE 3.2.0-4.8.0,RESCUE-End-of-Century-Budget-1150,0.883204511100858,0.783459410119005,0.15744512018899112,0.8962749539230527,0.9477299469406661,0.9960011481777166,0.19725292030118352
REMIND-MAgPIE 3.2.0-4.8.0,RESCUE-End-of-Century-Budget-1150-with-OAE,0.8961081462608074,0.774571443990056,0.15744512018899112,0.9362639854558837,0.9474228875642376,0.9952162659536388,0.19022121081288354
REMIND-MAgPIE 3.2.0-4.8.0,RESCUE-End-of-Century-Budget-500,0.9696915187304208,0.6464835941507684,0.15791273782534723,0.919565072167652,0.942824954764998,1.0,0.5098642833641501
REMIND-MAgPIE 3.2.0-4.8.0,RESCUE-End-of-Century-Budget-500-with-OAE,1.0,0.6567301549497636,0.15821815654294757,0.9929091830124452,0.937860692901706,0.9991982954422242,0.5033080598034542
REMIND-MAgPIE 3.2.0-4.8.0,RESCUE-Peak-Budget-1150,0.8484909923243058,0.8588325274673565,0.6558649124863933,1.0,0.6624362608873625,0.8626109664077255,0.2262293589709954
REMIND-MAgPIE 3.2.0-4.8.0,RESCUE-Peak-Budget-1150-with-OAE,0.8481542428331081,0.8569261883389557,0.6555993229430576,0.9996718270746242,0.6691015870694063,0.8586228797285044,0.23295254484174371
REMIND-MAgPIE 3.3-4.8,NGFS Phase 5-Below 2°C,0.6619664643576032,0.10013253797624219,0.6616730030037807,0.7774031169198685,0.6565709893051547,0.6919114539835175,0.30679846627553325
REMIND-MAgPIE 3.3-4.8,NGFS Phase 5-Delayed Transition,0.6999081401771586,0.735020122087486,0.19380072400384843,0.7627049432458318,0.9195346727052629,0.8512373594472497,0.6510780217382102
REMIND-MAgPIE 3.3-4.8,NGFS Phase 5-Low Demand,0.4083355538048424,0.7388971108115804,0.5968316810607942,0.33815710125040466,0.11192894189368618,0.36679307428218816,0.9666908071196605
REMIND-MAgPIE 3.3-4.8,NGFS Phase 5-Net-Zero 2050,0.7998657317462717,0.7738317294223064,1.0,0.8657992264733472,0.18477357387013332,0.4633791281780952,0.9472771060155538
WITCH 5.0,ENGAGE-INDCi2030-1000,0.2648228378243151,0.36702447043218367,0.0,0.3599112788253466,0.2692813238440257,0.8082010383345789,0.5574813841077234
WITCH 5.0,ENGAGE-INDCi2030-1000-NDCp,0.2768000015443538,0.3647515252360138,0.0,0.381626323714717,0.19884219985975204,0.696973199425817,0.3755652782121033
WITCH 5.0,ENGAGE-INDCi2030-1000f,0.2723524619199037,0.34714500682449245,0.0,0.3766128499488574,0.2852722372718444,0.7990200576442223,0.47630389899974257
WITCH 5.0,ENGAGE-INDCi2030-1000f-NDCp,0.2772709943056825,0.34774698788065067,0.0,0.3861146409545529,0.2296159395658998,0.6907013978082813,0.2951795052177036
WITCH 5.0,ENGAGE-INDCi2030-1200,0.2879935554004077,0.37510746572931214,0.0,0.39328365410784105,0.3190223353665315,0.8023573832566779,0.40271444928062405
WITCH 5.0,ENGAGE-INDCi2030-1200-NDCp,0.2911303415283545,0.3659175504002147,0.0,0.39150724328626424,0.24424642768702157,0.6948988633602206,0.24747093433590714
WITCH 5.0,ENGAGE-INDCi2030-1200f,0.277971156938112,0.3670687515847837,0.0,0.38722779254885253,0.321696000651548,0.7988422211022317,0.3627467330982253
WITCH 5.0,ENGAGE-INDCi2030-1200f-NDCp,0.2817576226407888,0.35697414171304165,0.0,0.3894602229113046,0.23895188286420652,0.6916945060674469,0.23469853408654467
WITCH 5.0,ENGAGE-INDCi2030-1400,0.2941811874607151,0.3674831814952022,0.0,0.407007117397129,0.3377141032297264,0.8007457217601124,0.2555193516804152
WITCH 5.0,ENGAGE-INDCi2030-1400-NDCp,0.295490480912775,0.35710373678968516,0.0,0.41474376037462585,0.2587593615358385,0.693198610100884,0.18521732472128882
WITCH 5.0,ENGAGE-INDCi2030-1400f,0.2864022078040351,0.3672184052477883,0.0,0.39590995076495844,0.3297468184180473,0.7992909028428264,0.2519136503122285
WITCH 5.0,ENGAGE-INDCi2030-1400f-NDCp,0.2914723942987886,0.35744281208418655,0.0,0.4025405962279889,0.25428086519272286,0.6912485195400113,0.18179761971822955
WITCH 5.0,ENGAGE-INDCi2030-1600-NDCp,0.3108723377105896,0.36527734599878336,0.0,0.44876862156844355,0.32067482751008697,0.6903786852431688,0.13776637706426698
WITCH 5.0,ENGAGE-INDCi2030-500f,0.2681623624444699,0.3503564406807573,0.0,0.3436599884091794,0.2565370031456473,0.811683936692153,0.8710989830920203
WITCH 5.0,ENGAGE-INDCi2030-600f,0.2627242408778327,0.34738590786363616,0.0,0.34954072530676605,0.2625002949990853,0.806182241713022,0.7752180549852724
WITCH 5.0,ENGAGE-INDCi2030-600f-NDCp,0.2698570734640782,0.33567822990432167,0.0,0.3596944309077473,0.17927414021776264,0.696938822961906,0.5779262193711197
WITCH 5.0,ENGAGE-INDCi2030-700f,0.2634776833346444,0.34584497393062025,0.0,0.35767706022376716,0.2706666343164679,0.802419286484688,0.6938282364316029
WITCH 5.0,ENGAGE-INDCi2030-700f-NDCp,0.2709401792378939,0.33389877896646664,0.0,0.36838121247978933,0.1877056639218381,0.6935361715650028,0.48373345359982955
WITCH 5.0,ENGAGE-INDCi2030-800,0.2627551706744852,0.3721923927745692,0.0,0.3497179150271234,0.27302673050281634,0.8077373010878666,0.8074219377309799
WITCH 5.0,ENGAGE-INDCi2030-800-NDCp,0.265154642132638,0.3670875906762828,0.0,0.36171741722708894,0.18768257873413025,0.7005400074818923,0.6155060705771502
WITCH 5.0,ENGAGE-INDCi2030-800f,0.2661248046896333,0.3437975333585716,0.0,0.3705670519530676,0.27644259837920737,0.7994493033791944,0.6007215112749679
WITCH 5.0,ENGAGE-INDCi2030-800f-NDCp,0.270776400593987,0.3329869823090037,0.0,0.3762188566044401,0.1907275271837577,0.691835485608717,0.41304996925952187
WITCH 5.0,ENGAGE-INDCi2030-900,0.2715636872414702,0.37531540156519805,0.0,0.3753964140908041,0.2745456445949292,0.802445963000713,0.6708616606907996
WITCH 5.0,ENGAGE-INDCi2030-900-NDCp,0.2557096157647359,0.3637071701558587,0.0,0.36060517970014067,0.18510800525967838,0.697033372386498,0.47336163697483535
WITCH 5.0,ENGAGE-INDCi2030-900f,0.2677413432532211,0.34547371597658766,0.0,0.3747440114038419,0.28261758197283926,0.7987894571154581,0.526834478161299
WITCH 5.0,ENGAGE-INDCi2030-900f-NDCp,0.2744284727359664,0.3346993445220079,0.0,0.3811485629761793,0.19876269442500738,0.6909115127861025,0.34384727888827393
