model,scenario,final_energy_demand,energy_diversity,gini_coefficient,resilience_score
IMAGE 3.0,ENGAGE-INDCi2030-1000,0.5482044826071826,0.04355402760821505,0.0,0.5917585102153976
IMAGE 3.0,ENGAGE-INDCi2030-1000f,0.5424438215512931,0.0,0.0,0.5424438215512931
IMAGE 3.0,ENGAGE-INDCi2030-1200,0.6205520968924323,0.06315265370945772,0.0,0.6837047506018901
IMAGE 3.0,ENGAGE-INDCi2030-1200f,0.6300635751425392,0.05186935366203845,0.0,0.6819329288045777
IMAGE 3.0,ENGAGE-INDCi2030-1400f,0.718494387601291,0.0754314191445843,0.0,0.7939258067458753
IMAGE 3.0,ENGAGE-INDCi2030-800f,0.48079794022617117,0.02653920324003238,0.0,0.5073371434662035
IMAGE 3.0,ENGAGE-NPi2020-1000,0.591037760395029,0.04033802949880391,0.0,0.6313757898938329
IMAGE 3.0,ENGAGE-NPi2020-1200,0.6571525651426711,0.07057515118256838,0.0,0.7277277163252395
IMAGE 3.0,ENGAGE-NPi2020-1400,0.7258990247876844,0.09397559257138435,0.0,0.8198746173590687
IMAGE 3.0,ENGAGE-NPi2020-1400f,0.7323370727788086,0.09068708796080666,0.0,0.8230241607396152
IMAGE 3.2,SSP2021-SSP1-SPA1-19-Default,0.3167431201222878,0.2027937956022172,0.0,0.519536915724505
IMAGE 3.2,SSP2021-SSP1-SPA1-19-Lifestyle-Renewables,0.36348968864408226,0.11941858889710741,0.0,0.4829082775411897
IMAGE 3.2,SSP2021-SSP1-SPA1-19-Renewables,0.3374302618381928,0.2623430423908272,0.0,0.59977330422902
IMAGE 3.2,SSP2021-SSP1-SPA1-26-Default,0.4366579391459054,0.16683985791885314,0.0,0.6034977970647586
IMAGE 3.2,SSP2021-SSP1-SPA1-26-Lifestyle,0.3284248939500131,0.1705237740971212,0.0,0.49894866804713434
IMAGE 3.2,SSP2021-SSP1-SPA1-26-Lifestyle-Renewables,0.48184334485367647,0.14247359120676215,0.0,0.6243169360604386
IMAGE 3.2,SSP2021-SSP1-SPA1-26-Renewables,0.43817512706377953,0.2684727270643852,0.0,0.7066478541281647
IMAGE 3.2,SSP2021-SSP2-SPA0-26-Default,0.5508830220330326,0.0560170419225693,0.0,0.6069000639556019
IMAGE 3.2,SSP2021-SSP2-SPA2-19-Renewables,0.5043362214166481,0.18495344402884903,0.0,0.6892896654454972
IMAGE 3.2,SSP2021-SSP2-SPA2-26-Default,0.6401839765602035,0.094065658574475,0.0,0.7342496351346786
IMAGE 3.2,SSP2021-SSP2-SPA2-26-Lifestyle,0.4698834160330448,0.1093587408714318,0.0,0.5792421569044766
IMAGE 3.2,SSP2021-SSP2-SPA2-26-Lifestyle-Renewables,0.4509126224034419,0.14886425650571955,0.0,0.5997768789091614
IMAGE 3.2,SSP2021-SSP2-SPA2-26-Renewables,0.6072648320616503,0.12297699296252422,0.0,0.7302418250241745
IMAGE 3.3,NAVIGATE Demand-1.5°C-ele_u,0.468524884078166,0.5728607194426449,0.0,1.0413856035208109
IMAGE 3.3,NAVIGATE Demand-1.5°C-tec_u,0.3168248525089846,0.4945742374649126,0.0,0.8113990899738972
IMAGE 3.3,NAVIGATE Demand-2.0°C-ele_u,0.5553594552175077,0.19566090238998848,0.0,0.7510203576074962
IMAGE 3.3,NAVIGATE Demand-2.0°C-ref,0.588142323850486,0.15446577900260391,0.0,0.74260810285309
IMAGE 3.3,NAVIGATE Demand-2.0°C-tec_u,0.43708903517753467,0.15130344844612037,0.0,0.588392483623655
MESSAGEix-GLOBIOM 2.0-M-R12-NGFS,NGFS Phase 5-Below 2°C,0.8062729281063656,0.6791860707137909,0.0,1.4854589988201565
MESSAGEix-GLOBIOM 2.0-M-R12-NGFS,NGFS Phase 5-Delayed Transition,0.8285495118179382,0.5846430537693394,0.0,1.4131925655872777
MESSAGEix-GLOBIOM 2.0-M-R12-NGFS,NGFS Phase 5-Low Demand,0.0,0.33996371505925804,0.0,0.33996371505925804
MESSAGEix-GLOBIOM 2.0-M-R12-NGFS,NGFS Phase 5-Nationally Determined Contributions (NDCs),0.9043260290603407,0.489914315171242,0.0,1.3942403442315827
MESSAGEix-GLOBIOM 2.0-M-R12-NGFS,NGFS Phase 5-Net-Zero 2050,0.6774231146836889,0.8991807863336909,0.0,1.5766039010173798
POLES-JRC ENGAGE,ENGAGE-INDCi2030-1000,0.5320480274079881,0.08084090694900911,0.0,0.6128889343569972
POLES-JRC ENGAGE,ENGAGE-INDCi2030-1000-COV,0.4562676208042441,0.03412177931355322,0.0,0.4903894001177973
POLES-JRC ENGAGE,ENGAGE-INDCi2030-1000-COV-NDCp,0.44690446734596323,0.037241479560586835,0.0,0.48414594690655005
POLES-JRC ENGAGE,ENGAGE-INDCi2030-1000-NDCp,0.6000830070112186,0.05746011220936936,0.0,0.6575431192205881
POLES-JRC ENGAGE,ENGAGE-INDCi2030-1000f,0.5486345055102464,0.10642899591319264,0.0,0.655063501423439
POLES-JRC ENGAGE,ENGAGE-INDCi2030-1000f-COV,0.4664306144291873,0.05173997433747555,0.0,0.5181705887666629
POLES-JRC ENGAGE,ENGAGE-INDCi2030-1000f-COV-NDCp,0.4652067913392144,0.0461546082027836,0.0,0.511361399541998
POLES-JRC ENGAGE,ENGAGE-INDCi2030-1000f-NDCp,0.5981208820221294,0.06964085754002218,0.0,0.6677617395621516
POLES-JRC ENGAGE,ENGAGE-INDCi2030-1200,0.6210668108027331,0.03440990906164414,0.0,0.6554767198643772
POLES-JRC ENGAGE,ENGAGE-INDCi2030-1200f,0.6342389934439581,0.039749758924368994,0.0,0.673988752368327
POLES-JRC ENGAGE,ENGAGE-INDCi2030-300f,0.33815897998137595,0.36530942256463605,0.0,0.7034684025460121
POLES-JRC ENGAGE,ENGAGE-INDCi2030-400f,0.3586225566401816,0.3464746330578129,0.0,0.7050971896979945
POLES-JRC ENGAGE,ENGAGE-INDCi2030-500f,0.37925286643913947,0.3168092554871553,0.0,0.6960621219262948
POLES-JRC ENGAGE,ENGAGE-INDCi2030-600f,0.39961274089635634,0.30231086911494925,0.0,0.7019236100113055
POLES-JRC ENGAGE,ENGAGE-INDCi2030-600f-COV,0.31837793742364967,0.3146343014468115,0.0,0.6330122388704611
POLES-JRC ENGAGE,ENGAGE-INDCi2030-600f-COV-NDCp,0.3118411672605317,0.34040264941171916,0.0,0.6522438166722508
POLES-JRC ENGAGE,ENGAGE-INDCi2030-600f-NDCp,0.4196395932993144,0.2770876822004638,0.0,0.6967272754997782
POLES-JRC ENGAGE,ENGAGE-INDCi2030-700f,0.4378095754713926,0.2781456878179704,0.0,0.715955263289363
POLES-JRC ENGAGE,ENGAGE-INDCi2030-800f,0.4717684998340847,0.25641746022582645,0.0,0.7281859600599112
POLES-JRC ENGAGE,ENGAGE-INDCi2030-900,0.5942043975084956,0.07535999058098002,0.0,0.6695643880894756
POLES-JRC ENGAGE,ENGAGE-INDCi2030-900f,0.5149516064081794,0.1821161524200638,0.0,0.6970677588282432
POLES-JRC ENGAGE,ENGAGE-NPi2020-1000f,0.6194992514983383,0.04247286266783723,0.0,0.6619721141661755
POLES-JRC ENGAGE,ENGAGE-NPi2020-1000f-COV,0.5228620763447177,0.02268824054367525,0.0,0.545550316888393
POLES-JRC ENGAGE,ENGAGE-NPi2020-1200f,0.6820134067971205,0.026762974633624467,0.0,0.708776381430745
POLES-JRC ENGAGE,ENGAGE-NPi2020-900f,0.5803955862097395,0.08136764792837899,0.0,0.6617632341381186
REMIND-MAgPIE 2.1-4.2,NGFS Phase 2-Delayed Transition,0.33155632318516776,0.7636155787884239,0.0,1.0951719019735917
REMIND-MAgPIE 3.2.0-4.8.0,RESCUE-End-of-Century-Budget-1150,0.975501937161753,0.7387735358403844,0.0,1.7142754730021375
REMIND-MAgPIE 3.2.0-4.8.0,RESCUE-End-of-Century-Budget-1150-with-OAE,1.0,0.7755930363054145,0.0,1.7755930363054144
REMIND-MAgPIE 3.2.0-4.8.0,RESCUE-End-of-Century-Budget-500,0.8850489335047101,0.8649386646743414,0.0,1.7499875981790516
REMIND-MAgPIE 3.2.0-4.8.0,RESCUE-End-of-Century-Budget-500-with-OAE,0.931837907388446,0.9306125834204481,0.0,1.862450490808894
REMIND-MAgPIE 3.2.0-4.8.0,RESCUE-Peak-Budget-1150,0.9194962967369016,0.9538269660006992,0.0,1.8733232627376006
REMIND-MAgPIE 3.2.0-4.8.0,RESCUE-Peak-Budget-1150-with-OAE,0.9186578915049809,0.9541621641442054,0.0,1.8728200556491863
REMIND-MAgPIE 3.3-4.8,NGFS Phase 5-Below 2°C,0.8976141555018718,0.6343880512813697,0.0,1.5320022067832415
REMIND-MAgPIE 3.3-4.8,NGFS Phase 5-Delayed Transition,0.8623023261190694,0.6471622957276534,0.0,1.509464621846723
REMIND-MAgPIE 3.3-4.8,NGFS Phase 5-Low Demand,0.1139058128152924,0.7445743220615055,0.0,0.858480134876798
REMIND-MAgPIE 3.3-4.8,NGFS Phase 5-Net-Zero 2050,0.6675452253446889,1.0,0.0,1.6675452253446887
WITCH 5.0,ENGAGE-INDCi2030-1000,0.6682044255091176,0.2236326852541078,0.0,0.8918371107632255
WITCH 5.0,ENGAGE-INDCi2030-1000-NDCp,0.6929561431979382,0.23217793897466696,0.0,0.9251340821726052
WITCH 5.0,ENGAGE-INDCi2030-1000f,0.6929156683473838,0.22453095595930578,0.0,0.9174466243066897
WITCH 5.0,ENGAGE-INDCi2030-1000f-NDCp,0.7038936089516324,0.22812267731368455,0.0,0.932016286265317
WITCH 5.0,ENGAGE-INDCi2030-1200,0.7160069950834654,0.2270019659478776,0.0,0.943008961031343
WITCH 5.0,ENGAGE-INDCi2030-1200-NDCp,0.7094089359086873,0.23087614862879177,0.0,0.940285084537479
WITCH 5.0,ENGAGE-INDCi2030-1200f,0.7187211087128235,0.21500203917762628,0.0,0.9337231478904497
WITCH 5.0,ENGAGE-INDCi2030-1200f-NDCp,0.7186694162347953,0.21847685006644732,0.0,0.9371462663012426
WITCH 5.0,ENGAGE-INDCi2030-1400,0.7426654888619549,0.22138647563123096,0.0,0.9640519644931859
WITCH 5.0,ENGAGE-INDCi2030-1400-NDCp,0.7502883570550317,0.22562666281467764,0.0,0.9759150198697093
WITCH 5.0,ENGAGE-INDCi2030-1400f,0.7347086907898404,0.21232732729572906,0.0,0.9470360180855695
WITCH 5.0,ENGAGE-INDCi2030-1400f-NDCp,0.7402428777062423,0.21696030390733514,0.0,0.9572031816135774
WITCH 5.0,ENGAGE-INDCi2030-1600-NDCp,0.7973513337601114,0.23073603187956873,0.0,1.02808736563968
WITCH 5.0,ENGAGE-INDCi2030-500f,0.5553294348575336,0.31158860458396836,0.0,0.8669180394415019
WITCH 5.0,ENGAGE-INDCi2030-600f,0.5930144906756852,0.28292083283511554,0.0,0.8759353235108007
WITCH 5.0,ENGAGE-INDCi2030-600f-NDCp,0.6090253048609258,0.2824793000774546,0.0,0.8915046049383804
WITCH 5.0,ENGAGE-INDCi2030-700f,0.6282875229623381,0.2601237273765549,0.0,0.888411250338893
WITCH 5.0,ENGAGE-INDCi2030-700f-NDCp,0.6438517219076942,0.2609728424927729,0.0,0.9048245644004671
WITCH 5.0,ENGAGE-INDCi2030-800,0.636382008641831,0.23982501041842996,0.0,0.876207019060261
WITCH 5.0,ENGAGE-INDCi2030-800-NDCp,0.6476669844410216,0.24693958588494389,0.0,0.8946065703259655
WITCH 5.0,ENGAGE-INDCi2030-800f,0.664352210950407,0.2438240312761036,0.0,0.9081762422265106
WITCH 5.0,ENGAGE-INDCi2030-800f-NDCp,0.6711081563631095,0.24573433448719612,0.0,0.9168424908503057
WITCH 5.0,ENGAGE-INDCi2030-900,0.6794428905006593,0.23613850026894606,0.0,0.9155813907696053
WITCH 5.0,ENGAGE-INDCi2030-900-NDCp,0.6603139041715016,0.23258720612323158,0.0,0.8929011102947332
WITCH 5.0,ENGAGE-INDCi2030-900f,0.6820607338419649,0.23252028903865588,0.0,0.9145810228806207
WITCH 5.0,ENGAGE-INDCi2030-900f-NDCp,0.6884597219828371,0.23594178119982542,0.0,0.9244015031826626
