model,scenario,resource_ratio,resource_score
IMAGE 3.0,ENGAGE-INDCi2030-1000,0.1097386318893454,0.02692343110919072
IMAGE 3.0,ENGAGE-INDCi2030-1000f,0.10717296555574074,0.024238892664095728
IMAGE 3.0,ENGAGE-INDCi2030-1200,0.10802299695777005,0.025128307608041165
IMAGE 3.0,ENGAGE-INDCi2030-1200f,0.10717296555574074,0.024238892664095728
IMAGE 3.0,ENGAGE-INDCi2030-1400f,0.10717296555574074,0.024238892664095728
IMAGE 3.0,ENGAGE-INDCi2030-800f,0.10790195203701147,0.025001654450105642
IMAGE 3.0,ENGAGE-NPi2020-1000,0.14242938635403973,0.06112880926385268
IMAGE 3.0,ENGAGE-NPi2020-1200,0.14099634281970724,0.0596293701469955
IMAGE 3.0,ENGAGE-NPi2020-1400,0.12846700294292904,0.046519522560689835
IMAGE 3.0,ENGAGE-NPi2020-1400f,0.12105808096211969,0.038767331391603564
IMAGE 3.2,SSP2021-SSP1-SPA1-19-Default,0.2824566879437792,0.20764383717569693
IMAGE 3.2,SSP2021-SSP1-SPA1-19-Lifestyle-Renewables,0.2205132435082665,0.14283043730732486
IMAGE 3.2,SSP2021-SSP1-SPA1-19-Renewables,0.3948254387923693,0.3252188420503651
IMAGE 3.2,SSP2021-SSP1-SPA1-26-Default,0.19485119146368984,0.1159794144789177
IMAGE 3.2,SSP2021-SSP1-SPA1-26-Lifestyle,0.19556815194376118,0.11672959307663937
IMAGE 3.2,SSP2021-SSP1-SPA1-26-Lifestyle-Renewables,0.17383957057500327,0.0939942859644896
IMAGE 3.2,SSP2021-SSP1-SPA1-26-Renewables,0.3581783276513565,0.2868738018278133
IMAGE 3.2,SSP2021-SSP2-SPA0-26-Default,0.08400737782286438,0.0
IMAGE 3.2,SSP2021-SSP2-SPA2-19-Renewables,0.4282963780421454,0.3602405524078539
IMAGE 3.2,SSP2021-SSP2-SPA2-26-Default,0.11246616562094075,0.029777336571041535
IMAGE 3.2,SSP2021-SSP2-SPA2-26-Lifestyle,0.1165272699479254,0.034026599443823094
IMAGE 3.2,SSP2021-SSP2-SPA2-26-Lifestyle-Renewables,0.19924660864320534,0.12057847954287021
IMAGE 3.2,SSP2021-SSP2-SPA2-26-Renewables,0.19784058968504187,0.11910731710125247
IMAGE 3.3,NAVIGATE Demand-1.5°C-ele_u,0.3527349132706798,0.28117818389569554
IMAGE 3.3,NAVIGATE Demand-1.5°C-tec_u,0.32332922595241254,0.25041007618177397
IMAGE 3.3,NAVIGATE Demand-2.0°C-ele_u,0.24186125905073863,0.16516754626791758
IMAGE 3.3,NAVIGATE Demand-2.0°C-ref,0.23953821946604592,0.16273687592201047
IMAGE 3.3,NAVIGATE Demand-2.0°C-tec_u,0.21972402497235452,0.14200465280312527
MESSAGEix-GLOBIOM 2.0-M-R12-NGFS,NGFS Phase 5-Below 2°C,0.4882075929329733,0.4229275657424403
MESSAGEix-GLOBIOM 2.0-M-R12-NGFS,NGFS Phase 5-Delayed Transition,0.4882213119513139,0.42294192038851486
MESSAGEix-GLOBIOM 2.0-M-R12-NGFS,NGFS Phase 5-Low Demand,0.4813624053689261,0.4157652278581711
MESSAGEix-GLOBIOM 2.0-M-R12-NGFS,NGFS Phase 5-Nationally Determined Contributions (NDCs),0.48204596926555965,0.4164804625463909
MESSAGEix-GLOBIOM 2.0-M-R12-NGFS,NGFS Phase 5-Net-Zero 2050,0.567171754788866,0.5055502846479887
POLES-JRC ENGAGE,ENGAGE-INDCi2030-1000,0.28568394884760095,0.2110206231026843
POLES-JRC ENGAGE,ENGAGE-INDCi2030-1000-COV,0.2586905046790135,0.18277652226737118
POLES-JRC ENGAGE,ENGAGE-INDCi2030-1000-COV-NDCp,0.266131213559454,0.19056197308249662
POLES-JRC ENGAGE,ENGAGE-INDCi2030-1000-NDCp,0.2932282369221933,0.2189144521294152
POLES-JRC ENGAGE,ENGAGE-INDCi2030-1000f,0.2719613963341024,0.19666227911039874
POLES-JRC ENGAGE,ENGAGE-INDCi2030-1000f-COV,0.23765466912567929,0.1607660571776721
POLES-JRC ENGAGE,ENGAGE-INDCi2030-1000f-COV-NDCp,0.25110382623454514,0.1748383388457825
POLES-JRC ENGAGE,ENGAGE-INDCi2030-1000f-NDCp,0.25199778145742063,0.17577371268320235
POLES-JRC ENGAGE,ENGAGE-INDCi2030-1200,0.2687806874999502,0.19333420209738428
POLES-JRC ENGAGE,ENGAGE-INDCi2030-1200f,0.2590336609039332,0.1831355775608849
POLES-JRC ENGAGE,ENGAGE-INDCi2030-300f,0.2836753673639979,0.20891898028880262
POLES-JRC ENGAGE,ENGAGE-INDCi2030-400f,0.28488299926845634,0.21018256403411653
POLES-JRC ENGAGE,ENGAGE-INDCi2030-500f,0.28527434275302704,0.21059203919298938
POLES-JRC ENGAGE,ENGAGE-INDCi2030-600f,0.2860579343358594,0.2114119360368673
POLES-JRC ENGAGE,ENGAGE-INDCi2030-600f-COV,0.2664616921204137,0.19090776333220905
POLES-JRC ENGAGE,ENGAGE-INDCi2030-600f-COV-NDCp,0.269581887514797,0.19417252320480788
POLES-JRC ENGAGE,ENGAGE-INDCi2030-600f-NDCp,0.3112870974873356,0.23781001342152686
POLES-JRC ENGAGE,ENGAGE-INDCi2030-700f,0.28505142853932625,0.2103587969475735
POLES-JRC ENGAGE,ENGAGE-INDCi2030-800f,0.28554986958374473,0.2108803316961995
POLES-JRC ENGAGE,ENGAGE-INDCi2030-900,0.28188372992056965,0.20704433293752475
POLES-JRC ENGAGE,ENGAGE-INDCi2030-900f,0.2775766021884883,0.20253764793594775
POLES-JRC ENGAGE,ENGAGE-NPi2020-1000f,0.2791475312049821,0.20418136102679532
POLES-JRC ENGAGE,ENGAGE-NPi2020-1000f-COV,0.24906139661052315,0.17270127964393978
POLES-JRC ENGAGE,ENGAGE-NPi2020-1200f,0.26716144669351566,0.19163993884116698
POLES-JRC ENGAGE,ENGAGE-NPi2020-900f,0.29486607991950503,0.22062817945074448
REMIND-MAgPIE 2.1-4.2,NGFS Phase 2-Delayed Transition,0.3370920626750049,0.2648105708257737
REMIND-MAgPIE 3.2.0-4.8.0,RESCUE-End-of-Century-Budget-1150,0.45150972671897605,0.3845294188696099
REMIND-MAgPIE 3.2.0-4.8.0,RESCUE-End-of-Century-Budget-1150-with-OAE,0.45161328014947,0.3846377701238792
REMIND-MAgPIE 3.2.0-4.8.0,RESCUE-End-of-Century-Budget-500,0.4521199646431337,0.38516793025614493
REMIND-MAgPIE 3.2.0-4.8.0,RESCUE-End-of-Century-Budget-500-with-OAE,0.45296597814945383,0.38605314114777134
REMIND-MAgPIE 3.2.0-4.8.0,RESCUE-Peak-Budget-1150,0.7091589635874986,0.6541160259289797
REMIND-MAgPIE 3.2.0-4.8.0,RESCUE-Peak-Budget-1150-with-OAE,0.7083255739581257,0.6532440238020889
REMIND-MAgPIE 3.3-4.8,NGFS Phase 5-Below 2°C,0.7089527716420252,0.6539002807256996
REMIND-MAgPIE 3.3-4.8,NGFS Phase 5-Delayed Transition,0.5169608141225827,0.45301297735376955
REMIND-MAgPIE 3.3-4.8,NGFS Phase 5-Low Demand,0.6346533222145839,0.5761583990847133
REMIND-MAgPIE 3.3-4.8,NGFS Phase 5-Net-Zero 2050,1.039727098765017,1.0
WITCH 5.0,ENGAGE-INDCi2030-1000,0.22181236212089467,0.1441897465108092
WITCH 5.0,ENGAGE-INDCi2030-1000-NDCp,0.23867079795396803,0.1618292651517495
WITCH 5.0,ENGAGE-INDCi2030-1000f,0.22158013714589755,0.1439467621191424
WITCH 5.0,ENGAGE-INDCi2030-1000f-NDCp,0.23883763984117012,0.1620038371350896
WITCH 5.0,ENGAGE-INDCi2030-1200,0.22149690324992868,0.14385967184137055
WITCH 5.0,ENGAGE-INDCi2030-1200-NDCp,0.23858246497225574,0.16173683953807147
WITCH 5.0,ENGAGE-INDCi2030-1200f,0.22138532924678223,0.1437429284063429
WITCH 5.0,ENGAGE-INDCi2030-1200f-NDCp,0.2388069349479895,0.16197170962687998
WITCH 5.0,ENGAGE-INDCi2030-1400,0.22080856596695286,0.14313944260690706
WITCH 5.0,ENGAGE-INDCi2030-1400-NDCp,0.23866565606584367,0.16182388503034814
WITCH 5.0,ENGAGE-INDCi2030-1400f,0.22083467160157821,0.14316675776432541
WITCH 5.0,ENGAGE-INDCi2030-1400f-NDCp,0.23840966561823956,0.16155603406735686
WITCH 5.0,ENGAGE-INDCi2030-1600-NDCp,0.23766383989788936,0.16077565284888104
WITCH 5.0,ENGAGE-INDCi2030-500f,0.22195424837154143,0.14433820661635866
WITCH 5.0,ENGAGE-INDCi2030-600f,0.2217433222633114,0.14411750790772251
WITCH 5.0,ENGAGE-INDCi2030-600f-NDCp,0.23932417973618886,0.16251291933184397
WITCH 5.0,ENGAGE-INDCi2030-700f,0.22195828673795132,0.14434243208782419
WITCH 5.0,ENGAGE-INDCi2030-700f-NDCp,0.23861503208287793,0.16177091554373355
WITCH 5.0,ENGAGE-INDCi2030-800,0.22375577397655563,0.14622320026621058
WITCH 5.0,ENGAGE-INDCi2030-800-NDCp,0.24212224957591255,0.16544062897140793
WITCH 5.0,ENGAGE-INDCi2030-800f,0.22164881346138057,0.14401862033654458
WITCH 5.0,ENGAGE-INDCi2030-800f-NDCp,0.2390340074899752,0.1622093028636941
WITCH 5.0,ENGAGE-INDCi2030-900,0.22228937466123405,0.14468885993275382
WITCH 5.0,ENGAGE-INDCi2030-900-NDCp,0.23904922504767054,0.16222522547924956
WITCH 5.0,ENGAGE-INDCi2030-900f,0.22194522984860854,0.14432877024842017
WITCH 5.0,ENGAGE-INDCi2030-900f-NDCp,0.23891857457330268,0.16208852172447188
