model,scenario,shannon_index,region
IMAGE 3.0,ENGAGE-INDCi2030-1000,1.5747962029630385,R10LATIN_AM
IMAGE 3.0,ENGAGE-INDCi2030-1000f,1.585705362664042,R10LATIN_AM
IMAGE 3.0,ENGAGE-INDCi2030-1200,1.5647747977874533,R10LATIN_AM
IMAGE 3.0,ENGAGE-INDCi2030-1200f,1.5805933607755107,R10LATIN_AM
IMAGE 3.0,ENGAGE-INDCi2030-1400f,1.5732717388804853,R10LATIN_AM
IMAGE 3.0,ENGAGE-INDCi2030-800f,1.5803402411277157,R10LATIN_AM
IMAGE 3.0,ENGAGE-NPi2020-1000,1.583385706826061,R10LATIN_AM
IMAGE 3.0,ENGAGE-NPi2020-1200,1.5534169128214008,R10LATIN_AM
IMAGE 3.0,ENGAGE-NPi2020-1400,1.5567273879306545,R10LATIN_AM
IMAGE 3.0,ENGAGE-NPi2020-1400f,1.5679931691941271,R10LATIN_AM
IMAGE 3.2,SSP2021-SSP1-SPA1-19-Default,1.4784761937943467,R10LATIN_AM
IMAGE 3.2,SSP2021-SSP1-SPA1-19-Lifestyle-Renewables,1.5290120701815884,R10LATIN_AM
IMAGE 3.2,SSP2021-SSP1-SPA1-19-Renewables,1.4255356148386886,R10LATIN_AM
IMAGE 3.2,SSP2021-SSP1-SPA1-26-Default,1.494541641218289,R10LATIN_AM
IMAGE 3.2,SSP2021-SSP1-SPA1-26-Lifestyle,1.4845295274866461,R10LATIN_AM
IMAGE 3.2,SSP2021-SSP1-SPA1-26-Lifestyle-Renewables,1.5442366571306623,R10LATIN_AM
IMAGE 3.2,SSP2021-SSP1-SPA1-26-Renewables,1.4128406386600307,R10LATIN_AM
IMAGE 3.2,SSP2021-SSP2-SPA0-26-Default,1.5392528377331636,R10LATIN_AM
IMAGE 3.2,SSP2021-SSP2-SPA2-19-Renewables,1.4421951025494946,R10LATIN_AM
IMAGE 3.2,SSP2021-SSP2-SPA2-26-Default,1.530666675699031,R10LATIN_AM
IMAGE 3.2,SSP2021-SSP2-SPA2-26-Lifestyle,1.5697692360668596,R10LATIN_AM
IMAGE 3.2,SSP2021-SSP2-SPA2-26-Lifestyle-Renewables,1.5723133592592136,R10LATIN_AM
IMAGE 3.2,SSP2021-SSP2-SPA2-26-Renewables,1.5564413095868475,R10LATIN_AM
IMAGE 3.3,NAVIGATE Demand-1.5°C-ele_u,1.285750389117666,R10LATIN_AM
IMAGE 3.3,NAVIGATE Demand-1.5°C-tec_u,1.3019644676683577,R10LATIN_AM
IMAGE 3.3,NAVIGATE Demand-2.0°C-ele_u,1.421117268960875,R10LATIN_AM
IMAGE 3.3,NAVIGATE Demand-2.0°C-ref,1.4642043119609132,R10LATIN_AM
IMAGE 3.3,NAVIGATE Demand-2.0°C-tec_u,1.449614095163628,R10LATIN_AM
MESSAGEix-GLOBIOM 2.0-M-R12-NGFS,NGFS Phase 5-Below 2°C,1.163001691715847,R10LATIN_AM
MESSAGEix-GLOBIOM 2.0-M-R12-NGFS,NGFS Phase 5-Delayed Transition,1.205961721703917,R10LATIN_AM
MESSAGEix-GLOBIOM 2.0-M-R12-NGFS,NGFS Phase 5-Low Demand,1.2874632634485805,R10LATIN_AM
MESSAGEix-GLOBIOM 2.0-M-R12-NGFS,NGFS Phase 5-Nationally Determined Contributions (NDCs),1.2771767579961044,R10LATIN_AM
MESSAGEix-GLOBIOM 2.0-M-R12-NGFS,NGFS Phase 5-Net-Zero 2050,1.0327506434381812,R10LATIN_AM
POLES-JRC ENGAGE,ENGAGE-INDCi2030-1000,1.5178311700277372,R10LATIN_AM
POLES-JRC ENGAGE,ENGAGE-INDCi2030-1000-COV,1.537804556363121,R10LATIN_AM
POLES-JRC ENGAGE,ENGAGE-INDCi2030-1000-COV-NDCp,1.5359391225792767,R10LATIN_AM
POLES-JRC ENGAGE,ENGAGE-INDCi2030-1000-NDCp,1.544371132443225,R10LATIN_AM
POLES-JRC ENGAGE,ENGAGE-INDCi2030-1000f,1.491189206646213,R10LATIN_AM
POLES-JRC ENGAGE,ENGAGE-INDCi2030-1000f-COV,1.5259956324675479,R10LATIN_AM
POLES-JRC ENGAGE,ENGAGE-INDCi2030-1000f-COV-NDCp,1.5305192459850026,R10LATIN_AM
POLES-JRC ENGAGE,ENGAGE-INDCi2030-1000f-NDCp,1.5232125112008,R10LATIN_AM
POLES-JRC ENGAGE,ENGAGE-INDCi2030-1200,1.550100370294869,R10LATIN_AM
POLES-JRC ENGAGE,ENGAGE-INDCi2030-1200f,1.5441031329181638,R10LATIN_AM
POLES-JRC ENGAGE,ENGAGE-INDCi2030-300f,1.3431976851073446,R10LATIN_AM
POLES-JRC ENGAGE,ENGAGE-INDCi2030-400f,1.3551598571788008,R10LATIN_AM
POLES-JRC ENGAGE,ENGAGE-INDCi2030-500f,1.3544588348382771,R10LATIN_AM
POLES-JRC ENGAGE,ENGAGE-INDCi2030-600f,1.3604489277218246,R10LATIN_AM
POLES-JRC ENGAGE,ENGAGE-INDCi2030-600f-COV,1.3707989827621498,R10LATIN_AM
POLES-JRC ENGAGE,ENGAGE-INDCi2030-600f-COV-NDCp,1.3692523310216904,R10LATIN_AM
POLES-JRC ENGAGE,ENGAGE-INDCi2030-600f-NDCp,1.383737843167976,R10LATIN_AM
POLES-JRC ENGAGE,ENGAGE-INDCi2030-700f,1.3770416049074885,R10LATIN_AM
POLES-JRC ENGAGE,ENGAGE-INDCi2030-800f,1.3993205747848458,R10LATIN_AM
POLES-JRC ENGAGE,ENGAGE-INDCi2030-900,1.5428933061535168,R10LATIN_AM
POLES-JRC ENGAGE,ENGAGE-INDCi2030-900f,1.4458177716385259,R10LATIN_AM
POLES-JRC ENGAGE,ENGAGE-NPi2020-1000f,1.5365838985245162,R10LATIN_AM
POLES-JRC ENGAGE,ENGAGE-NPi2020-1000f-COV,1.5484684720156985,R10LATIN_AM
POLES-JRC ENGAGE,ENGAGE-NPi2020-1200f,1.5518121303730124,R10LATIN_AM
POLES-JRC ENGAGE,ENGAGE-NPi2020-900f,1.5149840066961286,R10LATIN_AM
REMIND-MAgPIE 2.1-4.2,NGFS Phase 2-Delayed Transition,1.3193197935530832,R10LATIN_AM
REMIND-MAgPIE 3.2.0-4.8.0,RESCUE-End-of-Century-Budget-1150,1.3298032052239641,R10LATIN_AM
REMIND-MAgPIE 3.2.0-4.8.0,RESCUE-End-of-Century-Budget-1150-with-OAE,1.315687077848076,R10LATIN_AM
REMIND-MAgPIE 3.2.0-4.8.0,RESCUE-End-of-Century-Budget-500,1.2483057605982217,R10LATIN_AM
REMIND-MAgPIE 3.2.0-4.8.0,RESCUE-End-of-Century-Budget-500-with-OAE,1.2528767917415002,R10LATIN_AM
REMIND-MAgPIE 3.2.0-4.8.0,RESCUE-Peak-Budget-1150,1.2193946857148168,R10LATIN_AM
REMIND-MAgPIE 3.2.0-4.8.0,RESCUE-Peak-Budget-1150-with-OAE,1.2180560007493955,R10LATIN_AM
REMIND-MAgPIE 3.3-4.8,NGFS Phase 5-Below 2°C,1.3137069915282706,R10LATIN_AM
REMIND-MAgPIE 3.3-4.8,NGFS Phase 5-Delayed Transition,1.3056071412775359,R10LATIN_AM
REMIND-MAgPIE 3.3-4.8,NGFS Phase 5-Low Demand,1.1682124097088291,R10LATIN_AM
REMIND-MAgPIE 3.3-4.8,NGFS Phase 5-Net-Zero 2050,1.1189986520097595,R10LATIN_AM
WITCH 5.0,ENGAGE-INDCi2030-1000,1.3724676222043828,R10LATIN_AM
WITCH 5.0,ENGAGE-INDCi2030-1000-NDCp,1.3579031438774065,R10LATIN_AM
WITCH 5.0,ENGAGE-INDCi2030-1000f,1.3828075080719835,R10LATIN_AM
WITCH 5.0,ENGAGE-INDCi2030-1000f-NDCp,1.3432397540839642,R10LATIN_AM
WITCH 5.0,ENGAGE-INDCi2030-1200,1.4129964473697854,R10LATIN_AM
WITCH 5.0,ENGAGE-INDCi2030-1200-NDCp,1.409619603292258,R10LATIN_AM
WITCH 5.0,ENGAGE-INDCi2030-1200f,1.402710962382266,R10LATIN_AM
WITCH 5.0,ENGAGE-INDCi2030-1200f-NDCp,1.3690181260499168,R10LATIN_AM
WITCH 5.0,ENGAGE-INDCi2030-1400,1.424413573946029,R10LATIN_AM
WITCH 5.0,ENGAGE-INDCi2030-1400-NDCp,1.3974623397150696,R10LATIN_AM
WITCH 5.0,ENGAGE-INDCi2030-1400f,1.4196711403748632,R10LATIN_AM
WITCH 5.0,ENGAGE-INDCi2030-1400f-NDCp,1.3937574801453152,R10LATIN_AM
WITCH 5.0,ENGAGE-INDCi2030-1600-NDCp,1.4164132377593324,R10LATIN_AM
WITCH 5.0,ENGAGE-INDCi2030-500f,1.3071793957533238,R10LATIN_AM
WITCH 5.0,ENGAGE-INDCi2030-600f,1.3263563866489227,R10LATIN_AM
WITCH 5.0,ENGAGE-INDCi2030-600f-NDCp,1.275937250741774,R10LATIN_AM
WITCH 5.0,ENGAGE-INDCi2030-700f,1.3462324479691645,R10LATIN_AM
WITCH 5.0,ENGAGE-INDCi2030-700f-NDCp,1.3011571899756313,R10LATIN_AM
WITCH 5.0,ENGAGE-INDCi2030-800,1.397467000562354,R10LATIN_AM
WITCH 5.0,ENGAGE-INDCi2030-800-NDCp,1.3843504213647626,R10LATIN_AM
WITCH 5.0,ENGAGE-INDCi2030-800f,1.3598792824344312,R10LATIN_AM
WITCH 5.0,ENGAGE-INDCi2030-800f-NDCp,1.3161900980253933,R10LATIN_AM
WITCH 5.0,ENGAGE-INDCi2030-900,1.403555229020904,R10LATIN_AM
WITCH 5.0,ENGAGE-INDCi2030-900-NDCp,1.3201456264745772,R10LATIN_AM
WITCH 5.0,ENGAGE-INDCi2030-900f,1.370303943464801,R10LATIN_AM
WITCH 5.0,ENGAGE-INDCi2030-900f-NDCp,1.3349047002390149,R10LATIN_AM
IMAGE 3.0,ENGAGE-INDCi2030-1000,1.689363005132191,R10INDIA+
IMAGE 3.0,ENGAGE-INDCi2030-1000f,1.6896291968075359,R10INDIA+
IMAGE 3.0,ENGAGE-INDCi2030-1200,1.6708544308727435,R10INDIA+
IMAGE 3.0,ENGAGE-INDCi2030-1200f,1.6706259418979479,R10INDIA+
IMAGE 3.0,ENGAGE-INDCi2030-1400f,1.6729041000999816,R10INDIA+
IMAGE 3.0,ENGAGE-INDCi2030-800f,1.684856201204668,R10INDIA+
IMAGE 3.0,ENGAGE-NPi2020-1000,1.6983425497849205,R10INDIA+
IMAGE 3.0,ENGAGE-NPi2020-1200,1.6895619622216604,R10INDIA+
IMAGE 3.0,ENGAGE-NPi2020-1400,1.681186776151558,R10INDIA+
IMAGE 3.0,ENGAGE-NPi2020-1400f,1.6818149211296067,R10INDIA+
IMAGE 3.2,SSP2021-SSP1-SPA1-19-Default,1.6200706372686742,R10INDIA+
IMAGE 3.2,SSP2021-SSP1-SPA1-19-Lifestyle-Renewables,1.7091567302587956,R10INDIA+
IMAGE 3.2,SSP2021-SSP1-SPA1-19-Renewables,1.6277563878757637,R10INDIA+
IMAGE 3.2,SSP2021-SSP1-SPA1-26-Default,1.6557550953821094,R10INDIA+
IMAGE 3.2,SSP2021-SSP1-SPA1-26-Lifestyle,1.6520920983883167,R10INDIA+
IMAGE 3.2,SSP2021-SSP1-SPA1-26-Lifestyle-Renewables,1.6871035714044729,R10INDIA+
IMAGE 3.2,SSP2021-SSP1-SPA1-26-Renewables,1.6477525526864345,R10INDIA+
IMAGE 3.2,SSP2021-SSP2-SPA0-26-Default,1.7418718910200612,R10INDIA+
IMAGE 3.2,SSP2021-SSP2-SPA2-19-Renewables,1.6903217940463788,R10INDIA+
IMAGE 3.2,SSP2021-SSP2-SPA2-26-Default,1.6894389605327869,R10INDIA+
IMAGE 3.2,SSP2021-SSP2-SPA2-26-Lifestyle,1.7040540776777489,R10INDIA+
IMAGE 3.2,SSP2021-SSP2-SPA2-26-Lifestyle-Renewables,1.6966086270254848,R10INDIA+
IMAGE 3.2,SSP2021-SSP2-SPA2-26-Renewables,1.7094467703951417,R10INDIA+
IMAGE 3.3,NAVIGATE Demand-1.5°C-ele_u,1.5860775027520675,R10INDIA+
IMAGE 3.3,NAVIGATE Demand-1.5°C-tec_u,1.5663678276210269,R10INDIA+
IMAGE 3.3,NAVIGATE Demand-2.0°C-ele_u,1.69867802369513,R10INDIA+
IMAGE 3.3,NAVIGATE Demand-2.0°C-ref,1.6840668728344448,R10INDIA+
IMAGE 3.3,NAVIGATE Demand-2.0°C-tec_u,1.6417975933753337,R10INDIA+
MESSAGEix-GLOBIOM 2.0-M-R12-NGFS,NGFS Phase 5-Below 2°C,1.3248033728542188,R10INDIA+
MESSAGEix-GLOBIOM 2.0-M-R12-NGFS,NGFS Phase 5-Delayed Transition,1.354519359798932,R10INDIA+
MESSAGEix-GLOBIOM 2.0-M-R12-NGFS,NGFS Phase 5-Low Demand,1.2682682327756103,R10INDIA+
MESSAGEix-GLOBIOM 2.0-M-R12-NGFS,NGFS Phase 5-Nationally Determined Contributions (NDCs),1.5125710973692377,R10INDIA+
MESSAGEix-GLOBIOM 2.0-M-R12-NGFS,NGFS Phase 5-Net-Zero 2050,1.1426533460611181,R10INDIA+
POLES-JRC ENGAGE,ENGAGE-INDCi2030-1000,1.5990485968625971,R10INDIA+
POLES-JRC ENGAGE,ENGAGE-INDCi2030-1000-COV,1.6082312009294606,R10INDIA+
POLES-JRC ENGAGE,ENGAGE-INDCi2030-1000-COV-NDCp,1.6097043659174723,R10INDIA+
POLES-JRC ENGAGE,ENGAGE-INDCi2030-1000-NDCp,1.6181494263375273,R10INDIA+
POLES-JRC ENGAGE,ENGAGE-INDCi2030-1000f,1.574858363522817,R10INDIA+
POLES-JRC ENGAGE,ENGAGE-INDCi2030-1000f-COV,1.5963179082471104,R10INDIA+
POLES-JRC ENGAGE,ENGAGE-INDCi2030-1000f-COV-NDCp,1.6074921469480175,R10INDIA+
POLES-JRC ENGAGE,ENGAGE-INDCi2030-1000f-NDCp,1.6049997218447778,R10INDIA+
POLES-JRC ENGAGE,ENGAGE-INDCi2030-1200,1.631388979353026,R10INDIA+
POLES-JRC ENGAGE,ENGAGE-INDCi2030-1200f,1.6280226520119268,R10INDIA+
POLES-JRC ENGAGE,ENGAGE-INDCi2030-300f,1.4567544188951138,R10INDIA+
POLES-JRC ENGAGE,ENGAGE-INDCi2030-400f,1.466130565094735,R10INDIA+
POLES-JRC ENGAGE,ENGAGE-INDCi2030-500f,1.5231457879898274,R10INDIA+
POLES-JRC ENGAGE,ENGAGE-INDCi2030-600f,1.5271546525808364,R10INDIA+
POLES-JRC ENGAGE,ENGAGE-INDCi2030-600f-COV,1.4799797960744505,R10INDIA+
POLES-JRC ENGAGE,ENGAGE-INDCi2030-600f-COV-NDCp,1.4478645444346538,R10INDIA+
POLES-JRC ENGAGE,ENGAGE-INDCi2030-600f-NDCp,1.5528623452954269,R10INDIA+
POLES-JRC ENGAGE,ENGAGE-INDCi2030-700f,1.5313962094690967,R10INDIA+
POLES-JRC ENGAGE,ENGAGE-INDCi2030-800f,1.5305943277480263,R10INDIA+
POLES-JRC ENGAGE,ENGAGE-INDCi2030-900,1.5838900488265808,R10INDIA+
POLES-JRC ENGAGE,ENGAGE-INDCi2030-900f,1.5492623758289479,R10INDIA+
POLES-JRC ENGAGE,ENGAGE-NPi2020-1000f,1.6085324640001406,R10INDIA+
POLES-JRC ENGAGE,ENGAGE-NPi2020-1000f-COV,1.6170467912395732,R10INDIA+
POLES-JRC ENGAGE,ENGAGE-NPi2020-1200f,1.6378225488053975,R10INDIA+
POLES-JRC ENGAGE,ENGAGE-NPi2020-900f,1.579690910874198,R10INDIA+
REMIND-MAgPIE 2.1-4.2,NGFS Phase 2-Delayed Transition,1.193461945105461,R10INDIA+
REMIND-MAgPIE 3.2.0-4.8.0,RESCUE-End-of-Century-Budget-1150,1.2950526890153042,R10INDIA+
REMIND-MAgPIE 3.2.0-4.8.0,RESCUE-End-of-Century-Budget-1150-with-OAE,1.2904248971863104,R10INDIA+
REMIND-MAgPIE 3.2.0-4.8.0,RESCUE-End-of-Century-Budget-500,1.249589538551236,R10INDIA+
REMIND-MAgPIE 3.2.0-4.8.0,RESCUE-End-of-Century-Budget-500-with-OAE,1.243086420224284,R10INDIA+
REMIND-MAgPIE 3.2.0-4.8.0,RESCUE-Peak-Budget-1150,1.28878669736401,R10INDIA+
REMIND-MAgPIE 3.2.0-4.8.0,RESCUE-Peak-Budget-1150-with-OAE,1.2884349745503905,R10INDIA+
REMIND-MAgPIE 3.3-4.8,NGFS Phase 5-Below 2°C,1.3643290694897428,R10INDIA+
REMIND-MAgPIE 3.3-4.8,NGFS Phase 5-Delayed Transition,1.3699196987311757,R10INDIA+
REMIND-MAgPIE 3.3-4.8,NGFS Phase 5-Low Demand,1.3456761915257598,R10INDIA+
REMIND-MAgPIE 3.3-4.8,NGFS Phase 5-Net-Zero 2050,1.204590357781537,R10INDIA+
WITCH 5.0,ENGAGE-INDCi2030-1000,1.5014780045969476,R10INDIA+
WITCH 5.0,ENGAGE-INDCi2030-1000-NDCp,1.5015169925422829,R10INDIA+
WITCH 5.0,ENGAGE-INDCi2030-1000f,1.500525304673637,R10INDIA+
WITCH 5.0,ENGAGE-INDCi2030-1000f-NDCp,1.5038465597180581,R10INDIA+
WITCH 5.0,ENGAGE-INDCi2030-1200,1.5047313977141021,R10INDIA+
WITCH 5.0,ENGAGE-INDCi2030-1200-NDCp,1.5038474066528664,R10INDIA+
WITCH 5.0,ENGAGE-INDCi2030-1200f,1.5002646132223272,R10INDIA+
WITCH 5.0,ENGAGE-INDCi2030-1200f-NDCp,1.4989132207407816,R10INDIA+
WITCH 5.0,ENGAGE-INDCi2030-1400,1.4982847636062357,R10INDIA+
WITCH 5.0,ENGAGE-INDCi2030-1400-NDCp,1.5024305792998771,R10INDIA+
WITCH 5.0,ENGAGE-INDCi2030-1400f,1.5004737966142623,R10INDIA+
WITCH 5.0,ENGAGE-INDCi2030-1400f-NDCp,1.4980435204395168,R10INDIA+
WITCH 5.0,ENGAGE-INDCi2030-1600-NDCp,1.495100077177189,R10INDIA+
WITCH 5.0,ENGAGE-INDCi2030-500f,1.459872210654391,R10INDIA+
WITCH 5.0,ENGAGE-INDCi2030-600f,1.4806185275262391,R10INDIA+
WITCH 5.0,ENGAGE-INDCi2030-600f-NDCp,1.4862364248036903,R10INDIA+
WITCH 5.0,ENGAGE-INDCi2030-700f,1.4916557264271888,R10INDIA+
WITCH 5.0,ENGAGE-INDCi2030-700f-NDCp,1.4952723965664978,R10INDIA+
WITCH 5.0,ENGAGE-INDCi2030-800,1.5010911588466471,R10INDIA+
WITCH 5.0,ENGAGE-INDCi2030-800-NDCp,1.500745761744784,R10INDIA+
WITCH 5.0,ENGAGE-INDCi2030-800f,1.4968597415886051,R10INDIA+
WITCH 5.0,ENGAGE-INDCi2030-800f-NDCp,1.4998155730416627,R10INDIA+
WITCH 5.0,ENGAGE-INDCi2030-900,1.5018807749772112,R10INDIA+
WITCH 5.0,ENGAGE-INDCi2030-900-NDCp,1.5002903655188031,R10INDIA+
WITCH 5.0,ENGAGE-INDCi2030-900f,1.500462281799622,R10INDIA+
WITCH 5.0,ENGAGE-INDCi2030-900f-NDCp,1.5008158055391152,R10INDIA+
IMAGE 3.0,ENGAGE-INDCi2030-1000,1.6369683537931485,R10AFRICA
IMAGE 3.0,ENGAGE-INDCi2030-1000f,1.6196416828246174,R10AFRICA
IMAGE 3.0,ENGAGE-INDCi2030-1200,1.6390749441417978,R10AFRICA
IMAGE 3.0,ENGAGE-INDCi2030-1200f,1.646536398161179,R10AFRICA
IMAGE 3.0,ENGAGE-INDCi2030-1400f,1.6415936361565255,R10AFRICA
IMAGE 3.0,ENGAGE-INDCi2030-800f,1.6122921984781664,R10AFRICA
IMAGE 3.0,ENGAGE-NPi2020-1000,1.6354234934717187,R10AFRICA
IMAGE 3.0,ENGAGE-NPi2020-1200,1.6325708036247977,R10AFRICA
IMAGE 3.0,ENGAGE-NPi2020-1400,1.6282014765304125,R10AFRICA
IMAGE 3.0,ENGAGE-NPi2020-1400f,1.6327861017221412,R10AFRICA
IMAGE 3.2,SSP2021-SSP1-SPA1-19-Default,1.4734050214801586,R10AFRICA
IMAGE 3.2,SSP2021-SSP1-SPA1-19-Lifestyle-Renewables,1.3792470930599419,R10AFRICA
IMAGE 3.2,SSP2021-SSP1-SPA1-19-Renewables,1.3724038917551096,R10AFRICA
IMAGE 3.2,SSP2021-SSP1-SPA1-26-Default,1.5040728579523066,R10AFRICA
IMAGE 3.2,SSP2021-SSP1-SPA1-26-Lifestyle,1.50195547017855,R10AFRICA
IMAGE 3.2,SSP2021-SSP1-SPA1-26-Lifestyle-Renewables,1.4319020105471747,R10AFRICA
IMAGE 3.2,SSP2021-SSP1-SPA1-26-Renewables,1.3749015573332026,R10AFRICA
IMAGE 3.2,SSP2021-SSP2-SPA0-26-Default,1.5012482234600564,R10AFRICA
IMAGE 3.2,SSP2021-SSP2-SPA2-19-Renewables,1.3361431382354598,R10AFRICA
IMAGE 3.2,SSP2021-SSP2-SPA2-26-Default,1.5118257487212554,R10AFRICA
IMAGE 3.2,SSP2021-SSP2-SPA2-26-Lifestyle,1.5106343681171077,R10AFRICA
IMAGE 3.2,SSP2021-SSP2-SPA2-26-Lifestyle-Renewables,1.4229389325142392,R10AFRICA
IMAGE 3.2,SSP2021-SSP2-SPA2-26-Renewables,1.408818177872401,R10AFRICA
IMAGE 3.3,NAVIGATE Demand-1.5°C-ele_u,1.127760625578075,R10AFRICA
IMAGE 3.3,NAVIGATE Demand-1.5°C-tec_u,1.1476532279264182,R10AFRICA
IMAGE 3.3,NAVIGATE Demand-2.0°C-ele_u,1.3400747981482828,R10AFRICA
IMAGE 3.3,NAVIGATE Demand-2.0°C-ref,1.3634463303875797,R10AFRICA
IMAGE 3.3,NAVIGATE Demand-2.0°C-tec_u,1.3490232654398313,R10AFRICA
MESSAGEix-GLOBIOM 2.0-M-R12-NGFS,NGFS Phase 5-Below 2°C,1.1004973404506977,R10AFRICA
MESSAGEix-GLOBIOM 2.0-M-R12-NGFS,NGFS Phase 5-Delayed Transition,1.1157683952873048,R10AFRICA
MESSAGEix-GLOBIOM 2.0-M-R12-NGFS,NGFS Phase 5-Low Demand,1.3141002267601558,R10AFRICA
MESSAGEix-GLOBIOM 2.0-M-R12-NGFS,NGFS Phase 5-Nationally Determined Contributions (NDCs),1.2287994271058849,R10AFRICA
MESSAGEix-GLOBIOM 2.0-M-R12-NGFS,NGFS Phase 5-Net-Zero 2050,0.900096144409776,R10AFRICA
POLES-JRC ENGAGE,ENGAGE-INDCi2030-1000,1.4222109782706651,R10AFRICA
POLES-JRC ENGAGE,ENGAGE-INDCi2030-1000-COV,1.4385922894884786,R10AFRICA
POLES-JRC ENGAGE,ENGAGE-INDCi2030-1000-COV-NDCp,1.4420261097450167,R10AFRICA
POLES-JRC ENGAGE,ENGAGE-INDCi2030-1000-NDCp,1.4018584125292672,R10AFRICA
POLES-JRC ENGAGE,ENGAGE-INDCi2030-1000f,1.3751279901739337,R10AFRICA
POLES-JRC ENGAGE,ENGAGE-INDCi2030-1000f-COV,1.406833345835514,R10AFRICA
POLES-JRC ENGAGE,ENGAGE-INDCi2030-1000f-COV-NDCp,1.4084842814724003,R10AFRICA
POLES-JRC ENGAGE,ENGAGE-INDCi2030-1000f-NDCp,1.362924655155041,R10AFRICA
POLES-JRC ENGAGE,ENGAGE-INDCi2030-1200,1.4397378992469114,R10AFRICA
POLES-JRC ENGAGE,ENGAGE-INDCi2030-1200f,1.4311422579879698,R10AFRICA
POLES-JRC ENGAGE,ENGAGE-INDCi2030-300f,1.1910249337468009,R10AFRICA
POLES-JRC ENGAGE,ENGAGE-INDCi2030-400f,1.2078722177015333,R10AFRICA
POLES-JRC ENGAGE,ENGAGE-INDCi2030-500f,1.2221161631109208,R10AFRICA
POLES-JRC ENGAGE,ENGAGE-INDCi2030-600f,1.2407567570141926,R10AFRICA
POLES-JRC ENGAGE,ENGAGE-INDCi2030-600f-COV,1.2072436862873086,R10AFRICA
POLES-JRC ENGAGE,ENGAGE-INDCi2030-600f-COV-NDCp,1.1898031791521106,R10AFRICA
POLES-JRC ENGAGE,ENGAGE-INDCi2030-600f-NDCp,1.2449609141307056,R10AFRICA
POLES-JRC ENGAGE,ENGAGE-INDCi2030-700f,1.2479227126658174,R10AFRICA
POLES-JRC ENGAGE,ENGAGE-INDCi2030-800f,1.2608849493547742,R10AFRICA
POLES-JRC ENGAGE,ENGAGE-INDCi2030-900,1.4611503225863174,R10AFRICA
POLES-JRC ENGAGE,ENGAGE-INDCi2030-900f,1.3213420716088562,R10AFRICA
POLES-JRC ENGAGE,ENGAGE-NPi2020-1000f,1.414538092454456,R10AFRICA
POLES-JRC ENGAGE,ENGAGE-NPi2020-1000f-COV,1.4392777846225835,R10AFRICA
POLES-JRC ENGAGE,ENGAGE-NPi2020-1200f,1.460247612490319,R10AFRICA
POLES-JRC ENGAGE,ENGAGE-NPi2020-900f,1.390004781076769,R10AFRICA
REMIND-MAgPIE 2.1-4.2,NGFS Phase 2-Delayed Transition,1.0681704379932209,R10AFRICA
REMIND-MAgPIE 3.2.0-4.8.0,RESCUE-End-of-Century-Budget-1150,1.099178604008724,R10AFRICA
REMIND-MAgPIE 3.2.0-4.8.0,RESCUE-End-of-Century-Budget-1150-with-OAE,1.0786865997268065,R10AFRICA
REMIND-MAgPIE 3.2.0-4.8.0,RESCUE-End-of-Century-Budget-500,0.9774240970633498,R10AFRICA
REMIND-MAgPIE 3.2.0-4.8.0,RESCUE-End-of-Century-Budget-500-with-OAE,0.9340525313231274,R10AFRICA
REMIND-MAgPIE 3.2.0-4.8.0,RESCUE-Peak-Budget-1150,1.0667731413260853,R10AFRICA
REMIND-MAgPIE 3.2.0-4.8.0,RESCUE-Peak-Budget-1150-with-OAE,1.0672547938032415,R10AFRICA
REMIND-MAgPIE 3.3-4.8,NGFS Phase 5-Below 2°C,1.1811708176328148,R10AFRICA
REMIND-MAgPIE 3.3-4.8,NGFS Phase 5-Delayed Transition,1.1885515001412565,R10AFRICA
REMIND-MAgPIE 3.3-4.8,NGFS Phase 5-Low Demand,1.1097386894586139,R10AFRICA
REMIND-MAgPIE 3.3-4.8,NGFS Phase 5-Net-Zero 2050,0.9574824997451451,R10AFRICA
WITCH 5.0,ENGAGE-INDCi2030-1000,1.303804699747452,R10AFRICA
WITCH 5.0,ENGAGE-INDCi2030-1000-NDCp,1.3395210140633416,R10AFRICA
WITCH 5.0,ENGAGE-INDCi2030-1000f,1.315540351220879,R10AFRICA
WITCH 5.0,ENGAGE-INDCi2030-1000f-NDCp,1.3228346383208267,R10AFRICA
WITCH 5.0,ENGAGE-INDCi2030-1200,1.3443619998167116,R10AFRICA
WITCH 5.0,ENGAGE-INDCi2030-1200-NDCp,1.3484489188049167,R10AFRICA
WITCH 5.0,ENGAGE-INDCi2030-1200f,1.3235578176388858,R10AFRICA
WITCH 5.0,ENGAGE-INDCi2030-1200f-NDCp,1.3260403066217665,R10AFRICA
WITCH 5.0,ENGAGE-INDCi2030-1400,1.3556574782955322,R10AFRICA
WITCH 5.0,ENGAGE-INDCi2030-1400-NDCp,1.3592421533983545,R10AFRICA
WITCH 5.0,ENGAGE-INDCi2030-1400f,1.3306126380532495,R10AFRICA
WITCH 5.0,ENGAGE-INDCi2030-1400f-NDCp,1.3338522154038803,R10AFRICA
WITCH 5.0,ENGAGE-INDCi2030-1600-NDCp,1.3636924001567061,R10AFRICA
WITCH 5.0,ENGAGE-INDCi2030-500f,1.2413310209382555,R10AFRICA
WITCH 5.0,ENGAGE-INDCi2030-600f,1.2616631094967032,R10AFRICA
WITCH 5.0,ENGAGE-INDCi2030-600f-NDCp,1.2709167256018874,R10AFRICA
WITCH 5.0,ENGAGE-INDCi2030-700f,1.2802665493346983,R10AFRICA
WITCH 5.0,ENGAGE-INDCi2030-700f-NDCp,1.2890160307463792,R10AFRICA
WITCH 5.0,ENGAGE-INDCi2030-800,1.2673790236072988,R10AFRICA
WITCH 5.0,ENGAGE-INDCi2030-800-NDCp,1.3117798606906468,R10AFRICA
WITCH 5.0,ENGAGE-INDCi2030-800f,1.2959160513022125,R10AFRICA
WITCH 5.0,ENGAGE-INDCi2030-800f-NDCp,1.3025461446352369,R10AFRICA
WITCH 5.0,ENGAGE-INDCi2030-900,1.3201728297618587,R10AFRICA
WITCH 5.0,ENGAGE-INDCi2030-900-NDCp,1.2988083010276914,R10AFRICA
WITCH 5.0,ENGAGE-INDCi2030-900f,1.308500824419858,R10AFRICA
WITCH 5.0,ENGAGE-INDCi2030-900f-NDCp,1.3157502376066648,R10AFRICA
IMAGE 3.0,ENGAGE-INDCi2030-1000,1.626169465917738,R10CHINA+
IMAGE 3.0,ENGAGE-INDCi2030-1000f,1.630564910351191,R10CHINA+
IMAGE 3.0,ENGAGE-INDCi2030-1200,1.6205559063502881,R10CHINA+
IMAGE 3.0,ENGAGE-INDCi2030-1200f,1.6029687256378577,R10CHINA+
IMAGE 3.0,ENGAGE-INDCi2030-1400f,1.5962138845929537,R10CHINA+
IMAGE 3.0,ENGAGE-INDCi2030-800f,1.6318238192531545,R10CHINA+
IMAGE 3.0,ENGAGE-NPi2020-1000,1.6409468365904671,R10CHINA+
IMAGE 3.0,ENGAGE-NPi2020-1200,1.6313257242993018,R10CHINA+
IMAGE 3.0,ENGAGE-NPi2020-1400,1.6109304321151035,R10CHINA+
IMAGE 3.0,ENGAGE-NPi2020-1400f,1.6109102287958292,R10CHINA+
IMAGE 3.2,SSP2021-SSP1-SPA1-19-Default,1.6455988103788917,R10CHINA+
IMAGE 3.2,SSP2021-SSP1-SPA1-19-Lifestyle-Renewables,1.6610485188179762,R10CHINA+
IMAGE 3.2,SSP2021-SSP1-SPA1-19-Renewables,1.6084436950176098,R10CHINA+
IMAGE 3.2,SSP2021-SSP1-SPA1-26-Default,1.6195279257976276,R10CHINA+
IMAGE 3.2,SSP2021-SSP1-SPA1-26-Lifestyle,1.6064571529006353,R10CHINA+
IMAGE 3.2,SSP2021-SSP1-SPA1-26-Lifestyle-Renewables,1.6108177158537291,R10CHINA+
IMAGE 3.2,SSP2021-SSP1-SPA1-26-Renewables,1.5927329883115666,R10CHINA+
IMAGE 3.2,SSP2021-SSP2-SPA0-26-Default,1.673398173743189,R10CHINA+
IMAGE 3.2,SSP2021-SSP2-SPA2-19-Renewables,1.667705993891311,R10CHINA+
IMAGE 3.2,SSP2021-SSP2-SPA2-26-Default,1.666296281024998,R10CHINA+
IMAGE 3.2,SSP2021-SSP2-SPA2-26-Lifestyle,1.6486318616315196,R10CHINA+
IMAGE 3.2,SSP2021-SSP2-SPA2-26-Lifestyle-Renewables,1.62291375967707,R10CHINA+
IMAGE 3.2,SSP2021-SSP2-SPA2-26-Renewables,1.6574175647762885,R10CHINA+
IMAGE 3.3,NAVIGATE Demand-1.5°C-ele_u,1.4233134394778644,R10CHINA+
IMAGE 3.3,NAVIGATE Demand-1.5°C-tec_u,1.4640432433944406,R10CHINA+
IMAGE 3.3,NAVIGATE Demand-2.0°C-ele_u,1.5068524111028805,R10CHINA+
IMAGE 3.3,NAVIGATE Demand-2.0°C-ref,1.5676352249839622,R10CHINA+
IMAGE 3.3,NAVIGATE Demand-2.0°C-tec_u,1.5622551323939031,R10CHINA+
MESSAGEix-GLOBIOM 2.0-M-R12-NGFS,NGFS Phase 5-Below 2°C,1.4215085665824214,R10CHINA+
MESSAGEix-GLOBIOM 2.0-M-R12-NGFS,NGFS Phase 5-Delayed Transition,1.4437264225906035,R10CHINA+
MESSAGEix-GLOBIOM 2.0-M-R12-NGFS,NGFS Phase 5-Low Demand,1.4315507593736307,R10CHINA+
MESSAGEix-GLOBIOM 2.0-M-R12-NGFS,NGFS Phase 5-Nationally Determined Contributions (NDCs),1.460913352036531,R10CHINA+
MESSAGEix-GLOBIOM 2.0-M-R12-NGFS,NGFS Phase 5-Net-Zero 2050,1.3451769546114631,R10CHINA+
POLES-JRC ENGAGE,ENGAGE-INDCi2030-1000,1.6895293021274775,R10CHINA+
POLES-JRC ENGAGE,ENGAGE-INDCi2030-1000-COV,1.7161434516973326,R10CHINA+
POLES-JRC ENGAGE,ENGAGE-INDCi2030-1000-COV-NDCp,1.7160849619463656,R10CHINA+
POLES-JRC ENGAGE,ENGAGE-INDCi2030-1000-NDCp,1.6985326827836276,R10CHINA+
POLES-JRC ENGAGE,ENGAGE-INDCi2030-1000f,1.6744522842736096,R10CHINA+
POLES-JRC ENGAGE,ENGAGE-INDCi2030-1000f-COV,1.7046269237133806,R10CHINA+
POLES-JRC ENGAGE,ENGAGE-INDCi2030-1000f-COV-NDCp,1.711949311760133,R10CHINA+
POLES-JRC ENGAGE,ENGAGE-INDCi2030-1000f-NDCp,1.6916104794067057,R10CHINA+
POLES-JRC ENGAGE,ENGAGE-INDCi2030-1200,1.7245943909922432,R10CHINA+
POLES-JRC ENGAGE,ENGAGE-INDCi2030-1200f,1.7258740335085727,R10CHINA+
POLES-JRC ENGAGE,ENGAGE-INDCi2030-300f,1.5256409156241477,R10CHINA+
POLES-JRC ENGAGE,ENGAGE-INDCi2030-400f,1.5306050688126849,R10CHINA+
POLES-JRC ENGAGE,ENGAGE-INDCi2030-500f,1.5363140383562377,R10CHINA+
POLES-JRC ENGAGE,ENGAGE-INDCi2030-600f,1.5377233055567003,R10CHINA+
POLES-JRC ENGAGE,ENGAGE-INDCi2030-600f-COV,1.5340673242198946,R10CHINA+
POLES-JRC ENGAGE,ENGAGE-INDCi2030-600f-COV-NDCp,1.5358056997498108,R10CHINA+
POLES-JRC ENGAGE,ENGAGE-INDCi2030-600f-NDCp,1.5190472634921819,R10CHINA+
POLES-JRC ENGAGE,ENGAGE-INDCi2030-700f,1.554681986457231,R10CHINA+
POLES-JRC ENGAGE,ENGAGE-INDCi2030-800f,1.5763141074591993,R10CHINA+
POLES-JRC ENGAGE,ENGAGE-INDCi2030-900,1.7166424863404817,R10CHINA+
POLES-JRC ENGAGE,ENGAGE-INDCi2030-900f,1.621931622663428,R10CHINA+
POLES-JRC ENGAGE,ENGAGE-NPi2020-1000f,1.7263064202441911,R10CHINA+
POLES-JRC ENGAGE,ENGAGE-NPi2020-1000f-COV,1.730768875475908,R10CHINA+
POLES-JRC ENGAGE,ENGAGE-NPi2020-1200f,1.7393570110070715,R10CHINA+
POLES-JRC ENGAGE,ENGAGE-NPi2020-900f,1.699948584933059,R10CHINA+
REMIND-MAgPIE 2.1-4.2,NGFS Phase 2-Delayed Transition,1.5852468012842176,R10CHINA+
REMIND-MAgPIE 3.2.0-4.8.0,RESCUE-End-of-Century-Budget-1150,1.53626164383409,R10CHINA+
REMIND-MAgPIE 3.2.0-4.8.0,RESCUE-End-of-Century-Budget-1150-with-OAE,1.5256599333781988,R10CHINA+
REMIND-MAgPIE 3.2.0-4.8.0,RESCUE-End-of-Century-Budget-500,1.5416271700605806,R10CHINA+
REMIND-MAgPIE 3.2.0-4.8.0,RESCUE-End-of-Century-Budget-500-with-OAE,1.5140213095097623,R10CHINA+
REMIND-MAgPIE 3.2.0-4.8.0,RESCUE-Peak-Budget-1150,1.4882740020668987,R10CHINA+
REMIND-MAgPIE 3.2.0-4.8.0,RESCUE-Peak-Budget-1150-with-OAE,1.4891498329092192,R10CHINA+
REMIND-MAgPIE 3.3-4.8,NGFS Phase 5-Below 2°C,1.5745579656552573,R10CHINA+
REMIND-MAgPIE 3.3-4.8,NGFS Phase 5-Delayed Transition,1.5501772150071744,R10CHINA+
REMIND-MAgPIE 3.3-4.8,NGFS Phase 5-Low Demand,1.5352433645001091,R10CHINA+
REMIND-MAgPIE 3.3-4.8,NGFS Phase 5-Net-Zero 2050,1.468278751765668,R10CHINA+
WITCH 5.0,ENGAGE-INDCi2030-1000,1.5471636972342095,R10CHINA+
WITCH 5.0,ENGAGE-INDCi2030-1000-NDCp,1.5478002568760405,R10CHINA+
WITCH 5.0,ENGAGE-INDCi2030-1000f,1.5478371496287022,R10CHINA+
WITCH 5.0,ENGAGE-INDCi2030-1000f-NDCp,1.5488630233670442,R10CHINA+
WITCH 5.0,ENGAGE-INDCi2030-1200,1.5491561547685744,R10CHINA+
WITCH 5.0,ENGAGE-INDCi2030-1200-NDCp,1.5500753136635803,R10CHINA+
WITCH 5.0,ENGAGE-INDCi2030-1200f,1.5502263078319714,R10CHINA+
WITCH 5.0,ENGAGE-INDCi2030-1200f-NDCp,1.5506864659085204,R10CHINA+
WITCH 5.0,ENGAGE-INDCi2030-1400,1.550979785949291,R10CHINA+
WITCH 5.0,ENGAGE-INDCi2030-1400-NDCp,1.551006723558077,R10CHINA+
WITCH 5.0,ENGAGE-INDCi2030-1400f,1.5509634626611954,R10CHINA+
WITCH 5.0,ENGAGE-INDCi2030-1400f-NDCp,1.5513549893167047,R10CHINA+
WITCH 5.0,ENGAGE-INDCi2030-1600-NDCp,1.5514517542915687,R10CHINA+
WITCH 5.0,ENGAGE-INDCi2030-500f,1.518580925422449,R10CHINA+
WITCH 5.0,ENGAGE-INDCi2030-600f,1.530736437929209,R10CHINA+
WITCH 5.0,ENGAGE-INDCi2030-600f-NDCp,1.534101138507912,R10CHINA+
WITCH 5.0,ENGAGE-INDCi2030-700f,1.537875412191535,R10CHINA+
WITCH 5.0,ENGAGE-INDCi2030-700f-NDCp,1.5407716596056282,R10CHINA+
WITCH 5.0,ENGAGE-INDCi2030-800,1.5420775499233905,R10CHINA+
WITCH 5.0,ENGAGE-INDCi2030-800-NDCp,1.5427293151848585,R10CHINA+
WITCH 5.0,ENGAGE-INDCi2030-800f,1.543401478492151,R10CHINA+
WITCH 5.0,ENGAGE-INDCi2030-800f-NDCp,1.545008852694722,R10CHINA+
WITCH 5.0,ENGAGE-INDCi2030-900,1.544834630141129,R10CHINA+
WITCH 5.0,ENGAGE-INDCi2030-900-NDCp,1.5470071587419223,R10CHINA+
WITCH 5.0,ENGAGE-INDCi2030-900f,1.5462658182280948,R10CHINA+
WITCH 5.0,ENGAGE-INDCi2030-900f-NDCp,1.5474892602606647,R10CHINA+
IMAGE 3.0,ENGAGE-INDCi2030-1000,1.271329787594628,R10MIDDLE_EAST
IMAGE 3.0,ENGAGE-INDCi2030-1000f,1.3041608549640737,R10MIDDLE_EAST
IMAGE 3.0,ENGAGE-INDCi2030-1200,1.2561329731095248,R10MIDDLE_EAST
IMAGE 3.0,ENGAGE-INDCi2030-1200f,1.266558805132385,R10MIDDLE_EAST
IMAGE 3.0,ENGAGE-INDCi2030-1400f,1.288993725681492,R10MIDDLE_EAST
IMAGE 3.0,ENGAGE-INDCi2030-800f,1.2816620343287648,R10MIDDLE_EAST
IMAGE 3.0,ENGAGE-NPi2020-1000,1.2791752142163764,R10MIDDLE_EAST
IMAGE 3.0,ENGAGE-NPi2020-1200,1.2930556660013426,R10MIDDLE_EAST
IMAGE 3.0,ENGAGE-NPi2020-1400,1.296831240210305,R10MIDDLE_EAST
IMAGE 3.0,ENGAGE-NPi2020-1400f,1.3104119808202952,R10MIDDLE_EAST
IMAGE 3.2,SSP2021-SSP1-SPA1-19-Default,1.3764430100528882,R10MIDDLE_EAST
IMAGE 3.2,SSP2021-SSP1-SPA1-19-Lifestyle-Renewables,1.194594825461333,R10MIDDLE_EAST
IMAGE 3.2,SSP2021-SSP1-SPA1-19-Renewables,1.3243643234918976,R10MIDDLE_EAST
IMAGE 3.2,SSP2021-SSP1-SPA1-26-Default,1.2819139443042928,R10MIDDLE_EAST
IMAGE 3.2,SSP2021-SSP1-SPA1-26-Lifestyle,1.2117797280990272,R10MIDDLE_EAST
IMAGE 3.2,SSP2021-SSP1-SPA1-26-Lifestyle-Renewables,1.126250615624246,R10MIDDLE_EAST
IMAGE 3.2,SSP2021-SSP1-SPA1-26-Renewables,1.1582234528794562,R10MIDDLE_EAST
IMAGE 3.2,SSP2021-SSP2-SPA0-26-Default,1.3467919592777577,R10MIDDLE_EAST
IMAGE 3.2,SSP2021-SSP2-SPA2-19-Renewables,1.2916366486810589,R10MIDDLE_EAST
IMAGE 3.2,SSP2021-SSP2-SPA2-26-Default,1.2559840677098437,R10MIDDLE_EAST
IMAGE 3.2,SSP2021-SSP2-SPA2-26-Lifestyle,1.115475067483563,R10MIDDLE_EAST
IMAGE 3.2,SSP2021-SSP2-SPA2-26-Lifestyle-Renewables,1.1469448035131573,R10MIDDLE_EAST
IMAGE 3.2,SSP2021-SSP2-SPA2-26-Renewables,1.249812543380107,R10MIDDLE_EAST
IMAGE 3.3,NAVIGATE Demand-1.5°C-ele_u,1.0192580860363116,R10MIDDLE_EAST
IMAGE 3.3,NAVIGATE Demand-1.5°C-tec_u,1.0918542891373149,R10MIDDLE_EAST
IMAGE 3.3,NAVIGATE Demand-2.0°C-ele_u,1.268457359326753,R10MIDDLE_EAST
IMAGE 3.3,NAVIGATE Demand-2.0°C-ref,1.2985691809117397,R10MIDDLE_EAST
IMAGE 3.3,NAVIGATE Demand-2.0°C-tec_u,1.3100999868075935,R10MIDDLE_EAST
MESSAGEix-GLOBIOM 2.0-M-R12-NGFS,NGFS Phase 5-Below 2°C,1.205583516357506,R10MIDDLE_EAST
MESSAGEix-GLOBIOM 2.0-M-R12-NGFS,NGFS Phase 5-Delayed Transition,1.2317929586573888,R10MIDDLE_EAST
MESSAGEix-GLOBIOM 2.0-M-R12-NGFS,NGFS Phase 5-Low Demand,1.3261976798583095,R10MIDDLE_EAST
MESSAGEix-GLOBIOM 2.0-M-R12-NGFS,NGFS Phase 5-Nationally Determined Contributions (NDCs),1.2753204117046175,R10MIDDLE_EAST
MESSAGEix-GLOBIOM 2.0-M-R12-NGFS,NGFS Phase 5-Net-Zero 2050,1.1541999967959324,R10MIDDLE_EAST
POLES-JRC ENGAGE,ENGAGE-INDCi2030-1000,1.3275521831950692,R10MIDDLE_EAST
POLES-JRC ENGAGE,ENGAGE-INDCi2030-1000-COV,1.2861398150449077,R10MIDDLE_EAST
POLES-JRC ENGAGE,ENGAGE-INDCi2030-1000-COV-NDCp,1.291726357023039,R10MIDDLE_EAST
POLES-JRC ENGAGE,ENGAGE-INDCi2030-1000-NDCp,1.2674205765103377,R10MIDDLE_EAST
POLES-JRC ENGAGE,ENGAGE-INDCi2030-1000f,1.2737742156416345,R10MIDDLE_EAST
POLES-JRC ENGAGE,ENGAGE-INDCi2030-1000f-COV,1.2629579590485613,R10MIDDLE_EAST
POLES-JRC ENGAGE,ENGAGE-INDCi2030-1000f-COV-NDCp,1.2533210494816358,R10MIDDLE_EAST
POLES-JRC ENGAGE,ENGAGE-INDCi2030-1000f-NDCp,1.2479011915388396,R10MIDDLE_EAST
POLES-JRC ENGAGE,ENGAGE-INDCi2030-1200,1.2653706515989633,R10MIDDLE_EAST
POLES-JRC ENGAGE,ENGAGE-INDCi2030-1200f,1.2329926770902557,R10MIDDLE_EAST
POLES-JRC ENGAGE,ENGAGE-INDCi2030-300f,1.3231909373359623,R10MIDDLE_EAST
POLES-JRC ENGAGE,ENGAGE-INDCi2030-400f,1.3312469209921718,R10MIDDLE_EAST
POLES-JRC ENGAGE,ENGAGE-INDCi2030-500f,1.3037207104307609,R10MIDDLE_EAST
POLES-JRC ENGAGE,ENGAGE-INDCi2030-600f,1.2924728767008185,R10MIDDLE_EAST
POLES-JRC ENGAGE,ENGAGE-INDCi2030-600f-COV,1.3021138330246034,R10MIDDLE_EAST
POLES-JRC ENGAGE,ENGAGE-INDCi2030-600f-COV-NDCp,1.3095886962842012,R10MIDDLE_EAST
POLES-JRC ENGAGE,ENGAGE-INDCi2030-600f-NDCp,1.2836774485159945,R10MIDDLE_EAST
POLES-JRC ENGAGE,ENGAGE-INDCi2030-700f,1.2913747460817644,R10MIDDLE_EAST
POLES-JRC ENGAGE,ENGAGE-INDCi2030-800f,1.2982032478493166,R10MIDDLE_EAST
POLES-JRC ENGAGE,ENGAGE-INDCi2030-900,1.3417302457268647,R10MIDDLE_EAST
POLES-JRC ENGAGE,ENGAGE-INDCi2030-900f,1.2887914035936365,R10MIDDLE_EAST
POLES-JRC ENGAGE,ENGAGE-NPi2020-1000f,1.2269869440288368,R10MIDDLE_EAST
POLES-JRC ENGAGE,ENGAGE-NPi2020-1000f-COV,1.2107971653059875,R10MIDDLE_EAST
POLES-JRC ENGAGE,ENGAGE-NPi2020-1200f,1.2127008613838695,R10MIDDLE_EAST
POLES-JRC ENGAGE,ENGAGE-NPi2020-900f,1.2448315128661145,R10MIDDLE_EAST
REMIND-MAgPIE 2.1-4.2,NGFS Phase 2-Delayed Transition,1.1891622479401374,R10MIDDLE_EAST
REMIND-MAgPIE 3.2.0-4.8.0,RESCUE-End-of-Century-Budget-1150,1.1012939460045952,R10MIDDLE_EAST
REMIND-MAgPIE 3.2.0-4.8.0,RESCUE-End-of-Century-Budget-1150-with-OAE,1.1109126919249368,R10MIDDLE_EAST
REMIND-MAgPIE 3.2.0-4.8.0,RESCUE-End-of-Century-Budget-500,1.0002382611935723,R10MIDDLE_EAST
REMIND-MAgPIE 3.2.0-4.8.0,RESCUE-End-of-Century-Budget-500-with-OAE,1.013299268587012,R10MIDDLE_EAST
REMIND-MAgPIE 3.2.0-4.8.0,RESCUE-Peak-Budget-1150,1.1085165292215329,R10MIDDLE_EAST
REMIND-MAgPIE 3.2.0-4.8.0,RESCUE-Peak-Budget-1150-with-OAE,1.1066932546250206,R10MIDDLE_EAST
REMIND-MAgPIE 3.3-4.8,NGFS Phase 5-Below 2°C,1.07573166535007,R10MIDDLE_EAST
REMIND-MAgPIE 3.3-4.8,NGFS Phase 5-Delayed Transition,1.0761184494542764,R10MIDDLE_EAST
REMIND-MAgPIE 3.3-4.8,NGFS Phase 5-Low Demand,1.2449764714841955,R10MIDDLE_EAST
REMIND-MAgPIE 3.3-4.8,NGFS Phase 5-Net-Zero 2050,1.1905702849341608,R10MIDDLE_EAST
WITCH 5.0,ENGAGE-INDCi2030-1000,1.169854033353274,R10MIDDLE_EAST
WITCH 5.0,ENGAGE-INDCi2030-1000-NDCp,1.1706844440785424,R10MIDDLE_EAST
WITCH 5.0,ENGAGE-INDCi2030-1000f,1.1714517419299466,R10MIDDLE_EAST
WITCH 5.0,ENGAGE-INDCi2030-1000f-NDCp,1.169518610206334,R10MIDDLE_EAST
WITCH 5.0,ENGAGE-INDCi2030-1200,1.167331574590321,R10MIDDLE_EAST
WITCH 5.0,ENGAGE-INDCi2030-1200-NDCp,1.1657866894123634,R10MIDDLE_EAST
WITCH 5.0,ENGAGE-INDCi2030-1200f,1.1650582521869937,R10MIDDLE_EAST
WITCH 5.0,ENGAGE-INDCi2030-1200f-NDCp,1.1619329829733136,R10MIDDLE_EAST
WITCH 5.0,ENGAGE-INDCi2030-1400,1.1553481947903737,R10MIDDLE_EAST
WITCH 5.0,ENGAGE-INDCi2030-1400-NDCp,1.151878720264112,R10MIDDLE_EAST
WITCH 5.0,ENGAGE-INDCi2030-1400f,1.1526639225101083,R10MIDDLE_EAST
WITCH 5.0,ENGAGE-INDCi2030-1400f-NDCp,1.1503729720768308,R10MIDDLE_EAST
WITCH 5.0,ENGAGE-INDCi2030-1600-NDCp,1.1414358581196706,R10MIDDLE_EAST
WITCH 5.0,ENGAGE-INDCi2030-500f,1.181533941166367,R10MIDDLE_EAST
WITCH 5.0,ENGAGE-INDCi2030-600f,1.1815662880064077,R10MIDDLE_EAST
WITCH 5.0,ENGAGE-INDCi2030-600f-NDCp,1.1801823691167888,R10MIDDLE_EAST
WITCH 5.0,ENGAGE-INDCi2030-700f,1.180622395945503,R10MIDDLE_EAST
WITCH 5.0,ENGAGE-INDCi2030-700f-NDCp,1.1795309924680388,R10MIDDLE_EAST
WITCH 5.0,ENGAGE-INDCi2030-800,1.1779473347562588,R10MIDDLE_EAST
WITCH 5.0,ENGAGE-INDCi2030-800-NDCp,1.1773666947335157,R10MIDDLE_EAST
WITCH 5.0,ENGAGE-INDCi2030-800f,1.1768377199594866,R10MIDDLE_EAST
WITCH 5.0,ENGAGE-INDCi2030-800f-NDCp,1.176065259116722,R10MIDDLE_EAST
WITCH 5.0,ENGAGE-INDCi2030-900,1.1762750957793804,R10MIDDLE_EAST
WITCH 5.0,ENGAGE-INDCi2030-900-NDCp,1.1731067190358684,R10MIDDLE_EAST
WITCH 5.0,ENGAGE-INDCi2030-900f,1.1732486527793256,R10MIDDLE_EAST
WITCH 5.0,ENGAGE-INDCi2030-900f-NDCp,1.1727171290901153,R10MIDDLE_EAST
IMAGE 3.0,ENGAGE-INDCi2030-1000,1.6420905590477226,R10EUROPE
IMAGE 3.0,ENGAGE-INDCi2030-1000f,1.6529772710792554,R10EUROPE
IMAGE 3.0,ENGAGE-INDCi2030-1200,1.6410020054687287,R10EUROPE
IMAGE 3.0,ENGAGE-INDCi2030-1200f,1.650603739820613,R10EUROPE
IMAGE 3.0,ENGAGE-INDCi2030-1400f,1.641862956278464,R10EUROPE
IMAGE 3.0,ENGAGE-INDCi2030-800f,1.648640980164402,R10EUROPE
IMAGE 3.0,ENGAGE-NPi2020-1000,1.6467688661255064,R10EUROPE
IMAGE 3.0,ENGAGE-NPi2020-1200,1.634697938610032,R10EUROPE
IMAGE 3.0,ENGAGE-NPi2020-1400,1.626156664958287,R10EUROPE
IMAGE 3.0,ENGAGE-NPi2020-1400f,1.6353110406248437,R10EUROPE
IMAGE 3.2,SSP2021-SSP1-SPA1-19-Default,1.6070649376316521,R10EUROPE
IMAGE 3.2,SSP2021-SSP1-SPA1-19-Lifestyle-Renewables,1.6607895202278002,R10EUROPE
IMAGE 3.2,SSP2021-SSP1-SPA1-19-Renewables,1.6044662454640286,R10EUROPE
IMAGE 3.2,SSP2021-SSP1-SPA1-26-Default,1.5906491174438562,R10EUROPE
IMAGE 3.2,SSP2021-SSP1-SPA1-26-Lifestyle,1.5898175248390876,R10EUROPE
IMAGE 3.2,SSP2021-SSP1-SPA1-26-Lifestyle-Renewables,1.6433939059340488,R10EUROPE
IMAGE 3.2,SSP2021-SSP1-SPA1-26-Renewables,1.5828665585163102,R10EUROPE
IMAGE 3.2,SSP2021-SSP2-SPA0-26-Default,1.618370577763157,R10EUROPE
IMAGE 3.2,SSP2021-SSP2-SPA2-19-Renewables,1.6081005314201073,R10EUROPE
IMAGE 3.2,SSP2021-SSP2-SPA2-26-Default,1.6408433013156467,R10EUROPE
IMAGE 3.2,SSP2021-SSP2-SPA2-26-Lifestyle,1.6110089187501853,R10EUROPE
IMAGE 3.2,SSP2021-SSP2-SPA2-26-Lifestyle-Renewables,1.6314483056365074,R10EUROPE
IMAGE 3.2,SSP2021-SSP2-SPA2-26-Renewables,1.6338122323425053,R10EUROPE
IMAGE 3.3,NAVIGATE Demand-1.5°C-ele_u,1.5206463157184573,R10EUROPE
IMAGE 3.3,NAVIGATE Demand-1.5°C-tec_u,1.5505497919679168,R10EUROPE
IMAGE 3.3,NAVIGATE Demand-2.0°C-ele_u,1.5767748072673196,R10EUROPE
IMAGE 3.3,NAVIGATE Demand-2.0°C-ref,1.5999233084435804,R10EUROPE
IMAGE 3.3,NAVIGATE Demand-2.0°C-tec_u,1.597256105645757,R10EUROPE
MESSAGEix-GLOBIOM 2.0-M-R12-NGFS,NGFS Phase 5-Below 2°C,1.4319464911825441,R10EUROPE
MESSAGEix-GLOBIOM 2.0-M-R12-NGFS,NGFS Phase 5-Delayed Transition,1.4387737017834854,R10EUROPE
MESSAGEix-GLOBIOM 2.0-M-R12-NGFS,NGFS Phase 5-Low Demand,1.4867105982372042,R10EUROPE
MESSAGEix-GLOBIOM 2.0-M-R12-NGFS,NGFS Phase 5-Nationally Determined Contributions (NDCs),1.4567320313574776,R10EUROPE
MESSAGEix-GLOBIOM 2.0-M-R12-NGFS,NGFS Phase 5-Net-Zero 2050,1.3763308974030095,R10EUROPE
POLES-JRC ENGAGE,ENGAGE-INDCi2030-1000,1.6157522017001504,R10EUROPE
POLES-JRC ENGAGE,ENGAGE-INDCi2030-1000-COV,1.6336568520426475,R10EUROPE
POLES-JRC ENGAGE,ENGAGE-INDCi2030-1000-COV-NDCp,1.6166385781774388,R10EUROPE
POLES-JRC ENGAGE,ENGAGE-INDCi2030-1000-NDCp,1.6083938554887234,R10EUROPE
POLES-JRC ENGAGE,ENGAGE-INDCi2030-1000f,1.603577998717252,R10EUROPE
POLES-JRC ENGAGE,ENGAGE-INDCi2030-1000f-COV,1.6291638399973472,R10EUROPE
POLES-JRC ENGAGE,ENGAGE-INDCi2030-1000f-COV-NDCp,1.613591416943633,R10EUROPE
POLES-JRC ENGAGE,ENGAGE-INDCi2030-1000f-NDCp,1.5935873206912605,R10EUROPE
POLES-JRC ENGAGE,ENGAGE-INDCi2030-1200,1.6388324825444123,R10EUROPE
POLES-JRC ENGAGE,ENGAGE-INDCi2030-1200f,1.6364003887032457,R10EUROPE
POLES-JRC ENGAGE,ENGAGE-INDCi2030-300f,1.535163078047352,R10EUROPE
POLES-JRC ENGAGE,ENGAGE-INDCi2030-400f,1.533167181270071,R10EUROPE
POLES-JRC ENGAGE,ENGAGE-INDCi2030-500f,1.5411751169659555,R10EUROPE
POLES-JRC ENGAGE,ENGAGE-INDCi2030-600f,1.546732776684634,R10EUROPE
POLES-JRC ENGAGE,ENGAGE-INDCi2030-600f-COV,1.5514723609070402,R10EUROPE
POLES-JRC ENGAGE,ENGAGE-INDCi2030-600f-COV-NDCp,1.5238420820332816,R10EUROPE
POLES-JRC ENGAGE,ENGAGE-INDCi2030-600f-NDCp,1.5298202060939445,R10EUROPE
POLES-JRC ENGAGE,ENGAGE-INDCi2030-700f,1.5568137551886752,R10EUROPE
POLES-JRC ENGAGE,ENGAGE-INDCi2030-800f,1.56412442378002,R10EUROPE
POLES-JRC ENGAGE,ENGAGE-INDCi2030-900,1.6298414712161517,R10EUROPE
POLES-JRC ENGAGE,ENGAGE-INDCi2030-900f,1.5797321803988003,R10EUROPE
POLES-JRC ENGAGE,ENGAGE-NPi2020-1000f,1.6285245618546915,R10EUROPE
POLES-JRC ENGAGE,ENGAGE-NPi2020-1000f-COV,1.6370867367658255,R10EUROPE
POLES-JRC ENGAGE,ENGAGE-NPi2020-1200f,1.6382419358778164,R10EUROPE
POLES-JRC ENGAGE,ENGAGE-NPi2020-900f,1.613293703237005,R10EUROPE
REMIND-MAgPIE 2.1-4.2,NGFS Phase 2-Delayed Transition,1.2384679491119157,R10EUROPE
REMIND-MAgPIE 3.2.0-4.8.0,RESCUE-End-of-Century-Budget-1150,1.3797123855879476,R10EUROPE
REMIND-MAgPIE 3.2.0-4.8.0,RESCUE-End-of-Century-Budget-1150-with-OAE,1.3460911258300234,R10EUROPE
REMIND-MAgPIE 3.2.0-4.8.0,RESCUE-End-of-Century-Budget-500,1.3636389457993408,R10EUROPE
REMIND-MAgPIE 3.2.0-4.8.0,RESCUE-End-of-Century-Budget-500-with-OAE,1.299489149503069,R10EUROPE
REMIND-MAgPIE 3.2.0-4.8.0,RESCUE-Peak-Budget-1150,1.3039765103157885,R10EUROPE
REMIND-MAgPIE 3.2.0-4.8.0,RESCUE-Peak-Budget-1150-with-OAE,1.3041476249581376,R10EUROPE
REMIND-MAgPIE 3.3-4.8,NGFS Phase 5-Below 2°C,1.4474858400008563,R10EUROPE
REMIND-MAgPIE 3.3-4.8,NGFS Phase 5-Delayed Transition,1.4064238117926506,R10EUROPE
REMIND-MAgPIE 3.3-4.8,NGFS Phase 5-Low Demand,1.3636662721695778,R10EUROPE
REMIND-MAgPIE 3.3-4.8,NGFS Phase 5-Net-Zero 2050,1.3073866914748276,R10EUROPE
WITCH 5.0,ENGAGE-INDCi2030-1000,1.4403738577100933,R10EUROPE
WITCH 5.0,ENGAGE-INDCi2030-1000-NDCp,1.4414549176972504,R10EUROPE
WITCH 5.0,ENGAGE-INDCi2030-1000f,1.4473459820422707,R10EUROPE
WITCH 5.0,ENGAGE-INDCi2030-1000f-NDCp,1.447293718875199,R10EUROPE
WITCH 5.0,ENGAGE-INDCi2030-1200,1.4459604806482413,R10EUROPE
WITCH 5.0,ENGAGE-INDCi2030-1200-NDCp,1.447977504471499,R10EUROPE
WITCH 5.0,ENGAGE-INDCi2030-1200f,1.447705241041087,R10EUROPE
WITCH 5.0,ENGAGE-INDCi2030-1200f-NDCp,1.4494871371738023,R10EUROPE
WITCH 5.0,ENGAGE-INDCi2030-1400,1.4471350497239643,R10EUROPE
WITCH 5.0,ENGAGE-INDCi2030-1400-NDCp,1.4492124305866259,R10EUROPE
WITCH 5.0,ENGAGE-INDCi2030-1400f,1.4481598389002406,R10EUROPE
WITCH 5.0,ENGAGE-INDCi2030-1400f-NDCp,1.4509273390030746,R10EUROPE
WITCH 5.0,ENGAGE-INDCi2030-1600-NDCp,1.4560133678271538,R10EUROPE
WITCH 5.0,ENGAGE-INDCi2030-500f,1.4044289759314448,R10EUROPE
WITCH 5.0,ENGAGE-INDCi2030-600f,1.4207101538162872,R10EUROPE
WITCH 5.0,ENGAGE-INDCi2030-600f-NDCp,1.4254820024039827,R10EUROPE
WITCH 5.0,ENGAGE-INDCi2030-700f,1.4307121126672349,R10EUROPE
WITCH 5.0,ENGAGE-INDCi2030-700f-NDCp,1.4346679133088007,R10EUROPE
WITCH 5.0,ENGAGE-INDCi2030-800,1.4169154315313772,R10EUROPE
WITCH 5.0,ENGAGE-INDCi2030-800-NDCp,1.4187985402900556,R10EUROPE
WITCH 5.0,ENGAGE-INDCi2030-800f,1.4388509466551955,R10EUROPE
WITCH 5.0,ENGAGE-INDCi2030-800f-NDCp,1.441462012919277,R10EUROPE
WITCH 5.0,ENGAGE-INDCi2030-900,1.4290745116140335,R10EUROPE
WITCH 5.0,ENGAGE-INDCi2030-900-NDCp,1.43298411062354,R10EUROPE
WITCH 5.0,ENGAGE-INDCi2030-900f,1.4447774607282613,R10EUROPE
WITCH 5.0,ENGAGE-INDCi2030-900f-NDCp,1.4452741157369795,R10EUROPE
IMAGE 3.0,ENGAGE-INDCi2030-1000,1.6898685414280936,R10REST_ASIA
IMAGE 3.0,ENGAGE-INDCi2030-1000f,1.7240924174069123,R10REST_ASIA
IMAGE 3.0,ENGAGE-INDCi2030-1200,1.6538913068066785,R10REST_ASIA
IMAGE 3.0,ENGAGE-INDCi2030-1200f,1.6621239998520865,R10REST_ASIA
IMAGE 3.0,ENGAGE-INDCi2030-1400f,1.6476253356725878,R10REST_ASIA
IMAGE 3.0,ENGAGE-INDCi2030-800f,1.7273689794506333,R10REST_ASIA
IMAGE 3.0,ENGAGE-NPi2020-1000,1.6770894706842392,R10REST_ASIA
IMAGE 3.0,ENGAGE-NPi2020-1200,1.6458579081837785,R10REST_ASIA
IMAGE 3.0,ENGAGE-NPi2020-1400,1.62792535534116,R10REST_ASIA
IMAGE 3.0,ENGAGE-NPi2020-1400f,1.6282395703093835,R10REST_ASIA
IMAGE 3.2,SSP2021-SSP1-SPA1-19-Default,1.5921816412979233,R10REST_ASIA
IMAGE 3.2,SSP2021-SSP1-SPA1-19-Lifestyle-Renewables,1.6893359140895678,R10REST_ASIA
IMAGE 3.2,SSP2021-SSP1-SPA1-19-Renewables,1.5819424109632223,R10REST_ASIA
IMAGE 3.2,SSP2021-SSP1-SPA1-26-Default,1.5710685084426765,R10REST_ASIA
IMAGE 3.2,SSP2021-SSP1-SPA1-26-Lifestyle,1.5627446672654794,R10REST_ASIA
IMAGE 3.2,SSP2021-SSP1-SPA1-26-Lifestyle-Renewables,1.6834178401017026,R10REST_ASIA
IMAGE 3.2,SSP2021-SSP1-SPA1-26-Renewables,1.5649606758762205,R10REST_ASIA
IMAGE 3.2,SSP2021-SSP2-SPA0-26-Default,1.5805928049442657,R10REST_ASIA
IMAGE 3.2,SSP2021-SSP2-SPA2-19-Renewables,1.648932565153824,R10REST_ASIA
IMAGE 3.2,SSP2021-SSP2-SPA2-26-Default,1.5885979176370084,R10REST_ASIA
IMAGE 3.2,SSP2021-SSP2-SPA2-26-Lifestyle,1.6129925615547065,R10REST_ASIA
IMAGE 3.2,SSP2021-SSP2-SPA2-26-Lifestyle-Renewables,1.6758596400066588,R10REST_ASIA
IMAGE 3.2,SSP2021-SSP2-SPA2-26-Renewables,1.6712265427162647,R10REST_ASIA
IMAGE 3.3,NAVIGATE Demand-1.5°C-ele_u,1.5518613126053917,R10REST_ASIA
IMAGE 3.3,NAVIGATE Demand-1.5°C-tec_u,1.5433328407231972,R10REST_ASIA
IMAGE 3.3,NAVIGATE Demand-2.0°C-ele_u,1.6838204201552078,R10REST_ASIA
IMAGE 3.3,NAVIGATE Demand-2.0°C-ref,1.6499978700411677,R10REST_ASIA
IMAGE 3.3,NAVIGATE Demand-2.0°C-tec_u,1.661150779165292,R10REST_ASIA
MESSAGEix-GLOBIOM 2.0-M-R12-NGFS,NGFS Phase 5-Below 2°C,1.3930673828199034,R10REST_ASIA
MESSAGEix-GLOBIOM 2.0-M-R12-NGFS,NGFS Phase 5-Delayed Transition,1.4108074110802553,R10REST_ASIA
MESSAGEix-GLOBIOM 2.0-M-R12-NGFS,NGFS Phase 5-Low Demand,1.53260583827416,R10REST_ASIA
MESSAGEix-GLOBIOM 2.0-M-R12-NGFS,NGFS Phase 5-Nationally Determined Contributions (NDCs),1.4570961026928162,R10REST_ASIA
MESSAGEix-GLOBIOM 2.0-M-R12-NGFS,NGFS Phase 5-Net-Zero 2050,1.349105281795914,R10REST_ASIA
POLES-JRC ENGAGE,ENGAGE-INDCi2030-1000,1.6071118600904575,R10REST_ASIA
POLES-JRC ENGAGE,ENGAGE-INDCi2030-1000-COV,1.62003284764728,R10REST_ASIA
POLES-JRC ENGAGE,ENGAGE-INDCi2030-1000-COV-NDCp,1.6198832760758035,R10REST_ASIA
POLES-JRC ENGAGE,ENGAGE-INDCi2030-1000-NDCp,1.619529925942842,R10REST_ASIA
POLES-JRC ENGAGE,ENGAGE-INDCi2030-1000f,1.5999087333194888,R10REST_ASIA
POLES-JRC ENGAGE,ENGAGE-INDCi2030-1000f-COV,1.6219965805060894,R10REST_ASIA
POLES-JRC ENGAGE,ENGAGE-INDCi2030-1000f-COV-NDCp,1.6242502955226534,R10REST_ASIA
POLES-JRC ENGAGE,ENGAGE-INDCi2030-1000f-NDCp,1.6181219878228437,R10REST_ASIA
POLES-JRC ENGAGE,ENGAGE-INDCi2030-1200,1.6268139961144326,R10REST_ASIA
POLES-JRC ENGAGE,ENGAGE-INDCi2030-1200f,1.6261700088458548,R10REST_ASIA
POLES-JRC ENGAGE,ENGAGE-INDCi2030-300f,1.5301047853373735,R10REST_ASIA
POLES-JRC ENGAGE,ENGAGE-INDCi2030-400f,1.540701821042802,R10REST_ASIA
POLES-JRC ENGAGE,ENGAGE-INDCi2030-500f,1.5329987844993704,R10REST_ASIA
POLES-JRC ENGAGE,ENGAGE-INDCi2030-600f,1.5363209865809055,R10REST_ASIA
POLES-JRC ENGAGE,ENGAGE-INDCi2030-600f-COV,1.537309399509252,R10REST_ASIA
POLES-JRC ENGAGE,ENGAGE-INDCi2030-600f-COV-NDCp,1.5333402582314715,R10REST_ASIA
POLES-JRC ENGAGE,ENGAGE-INDCi2030-600f-NDCp,1.5611006206111493,R10REST_ASIA
POLES-JRC ENGAGE,ENGAGE-INDCi2030-700f,1.5478799788209434,R10REST_ASIA
POLES-JRC ENGAGE,ENGAGE-INDCi2030-800f,1.5462936704243746,R10REST_ASIA
POLES-JRC ENGAGE,ENGAGE-INDCi2030-900,1.6402444464428947,R10REST_ASIA
POLES-JRC ENGAGE,ENGAGE-INDCi2030-900f,1.5704020351306436,R10REST_ASIA
POLES-JRC ENGAGE,ENGAGE-NPi2020-1000f,1.6142446198532976,R10REST_ASIA
POLES-JRC ENGAGE,ENGAGE-NPi2020-1000f-COV,1.6158077911956614,R10REST_ASIA
POLES-JRC ENGAGE,ENGAGE-NPi2020-1200f,1.612693529248786,R10REST_ASIA
POLES-JRC ENGAGE,ENGAGE-NPi2020-900f,1.6084524079351077,R10REST_ASIA
REMIND-MAgPIE 2.1-4.2,NGFS Phase 2-Delayed Transition,1.2353020298011432,R10REST_ASIA
REMIND-MAgPIE 3.2.0-4.8.0,RESCUE-End-of-Century-Budget-1150,1.2555148800842615,R10REST_ASIA
REMIND-MAgPIE 3.2.0-4.8.0,RESCUE-End-of-Century-Budget-1150-with-OAE,1.237668198720953,R10REST_ASIA
REMIND-MAgPIE 3.2.0-4.8.0,RESCUE-End-of-Century-Budget-500,1.2194018125302546,R10REST_ASIA
REMIND-MAgPIE 3.2.0-4.8.0,RESCUE-End-of-Century-Budget-500-with-OAE,1.1850445398967708,R10REST_ASIA
REMIND-MAgPIE 3.2.0-4.8.0,RESCUE-Peak-Budget-1150,1.182187294488668,R10REST_ASIA
REMIND-MAgPIE 3.2.0-4.8.0,RESCUE-Peak-Budget-1150-with-OAE,1.1815352746715748,R10REST_ASIA
REMIND-MAgPIE 3.3-4.8,NGFS Phase 5-Below 2°C,1.3008681179824464,R10REST_ASIA
REMIND-MAgPIE 3.3-4.8,NGFS Phase 5-Delayed Transition,1.284997065346312,R10REST_ASIA
REMIND-MAgPIE 3.3-4.8,NGFS Phase 5-Low Demand,1.2013706517922325,R10REST_ASIA
REMIND-MAgPIE 3.3-4.8,NGFS Phase 5-Net-Zero 2050,1.1667946493204921,R10REST_ASIA
WITCH 5.0,ENGAGE-INDCi2030-1000,1.496728207054497,R10REST_ASIA
WITCH 5.0,ENGAGE-INDCi2030-1000-NDCp,1.497601168701703,R10REST_ASIA
WITCH 5.0,ENGAGE-INDCi2030-1000f,1.5023009794250053,R10REST_ASIA
WITCH 5.0,ENGAGE-INDCi2030-1000f-NDCp,1.5037378186814314,R10REST_ASIA
WITCH 5.0,ENGAGE-INDCi2030-1200,1.5076877639541983,R10REST_ASIA
WITCH 5.0,ENGAGE-INDCi2030-1200-NDCp,1.5086672700908634,R10REST_ASIA
WITCH 5.0,ENGAGE-INDCi2030-1200f,1.5112733702425727,R10REST_ASIA
WITCH 5.0,ENGAGE-INDCi2030-1200f-NDCp,1.512192161724442,R10REST_ASIA
WITCH 5.0,ENGAGE-INDCi2030-1400,1.5145631390658703,R10REST_ASIA
WITCH 5.0,ENGAGE-INDCi2030-1400-NDCp,1.5141215966445571,R10REST_ASIA
WITCH 5.0,ENGAGE-INDCi2030-1400f,1.5139159539788802,R10REST_ASIA
WITCH 5.0,ENGAGE-INDCi2030-1400f-NDCp,1.5130503480077364,R10REST_ASIA
WITCH 5.0,ENGAGE-INDCi2030-1600-NDCp,1.5071061722507326,R10REST_ASIA
WITCH 5.0,ENGAGE-INDCi2030-500f,1.4447268934063762,R10REST_ASIA
WITCH 5.0,ENGAGE-INDCi2030-600f,1.4624360919849815,R10REST_ASIA
WITCH 5.0,ENGAGE-INDCi2030-600f-NDCp,1.468142227271859,R10REST_ASIA
WITCH 5.0,ENGAGE-INDCi2030-700f,1.4783005984220945,R10REST_ASIA
WITCH 5.0,ENGAGE-INDCi2030-700f-NDCp,1.484405448966403,R10REST_ASIA
WITCH 5.0,ENGAGE-INDCi2030-800,1.46835501191567,R10REST_ASIA
WITCH 5.0,ENGAGE-INDCi2030-800-NDCp,1.471810555424935,R10REST_ASIA
WITCH 5.0,ENGAGE-INDCi2030-800f,1.4900768334889298,R10REST_ASIA
WITCH 5.0,ENGAGE-INDCi2030-800f-NDCp,1.4926344874337092,R10REST_ASIA
WITCH 5.0,ENGAGE-INDCi2030-900,1.4860621614837202,R10REST_ASIA
WITCH 5.0,ENGAGE-INDCi2030-900-NDCp,1.4897624462349508,R10REST_ASIA
WITCH 5.0,ENGAGE-INDCi2030-900f,1.4969817204195457,R10REST_ASIA
WITCH 5.0,ENGAGE-INDCi2030-900f-NDCp,1.4989037254013526,R10REST_ASIA
IMAGE 3.0,ENGAGE-INDCi2030-1000,1.5717161101942696,R10PAC_OECD
IMAGE 3.0,ENGAGE-INDCi2030-1000f,1.5808222205766456,R10PAC_OECD
IMAGE 3.0,ENGAGE-INDCi2030-1200,1.547134962504697,R10PAC_OECD
IMAGE 3.0,ENGAGE-INDCi2030-1200f,1.5245386043398317,R10PAC_OECD
IMAGE 3.0,ENGAGE-INDCi2030-1400f,1.5089038670337729,R10PAC_OECD
IMAGE 3.0,ENGAGE-INDCi2030-800f,1.5883940869604527,R10PAC_OECD
IMAGE 3.0,ENGAGE-NPi2020-1000,1.5649990109536551,R10PAC_OECD
IMAGE 3.0,ENGAGE-NPi2020-1200,1.5178634393399215,R10PAC_OECD
IMAGE 3.0,ENGAGE-NPi2020-1400,1.5076606714918668,R10PAC_OECD
IMAGE 3.0,ENGAGE-NPi2020-1400f,1.5199121395844788,R10PAC_OECD
IMAGE 3.2,SSP2021-SSP1-SPA1-19-Default,1.5974527930202709,R10PAC_OECD
IMAGE 3.2,SSP2021-SSP1-SPA1-19-Lifestyle-Renewables,1.6321854928729536,R10PAC_OECD
IMAGE 3.2,SSP2021-SSP1-SPA1-19-Renewables,1.610294776460495,R10PAC_OECD
IMAGE 3.2,SSP2021-SSP1-SPA1-26-Default,1.6359777602544092,R10PAC_OECD
IMAGE 3.2,SSP2021-SSP1-SPA1-26-Lifestyle,1.6464406456713854,R10PAC_OECD
IMAGE 3.2,SSP2021-SSP1-SPA1-26-Lifestyle-Renewables,1.6979440991799684,R10PAC_OECD
IMAGE 3.2,SSP2021-SSP1-SPA1-26-Renewables,1.616590816878578,R10PAC_OECD
IMAGE 3.2,SSP2021-SSP2-SPA0-26-Default,1.6521679424779625,R10PAC_OECD
IMAGE 3.2,SSP2021-SSP2-SPA2-19-Renewables,1.6822725673838517,R10PAC_OECD
IMAGE 3.2,SSP2021-SSP2-SPA2-26-Default,1.661726205476825,R10PAC_OECD
IMAGE 3.2,SSP2021-SSP2-SPA2-26-Lifestyle,1.6830789354136617,R10PAC_OECD
IMAGE 3.2,SSP2021-SSP2-SPA2-26-Lifestyle-Renewables,1.6844043306389553,R10PAC_OECD
IMAGE 3.2,SSP2021-SSP2-SPA2-26-Renewables,1.6875849231397742,R10PAC_OECD
IMAGE 3.3,NAVIGATE Demand-1.5°C-ele_u,1.6390397005631518,R10PAC_OECD
IMAGE 3.3,NAVIGATE Demand-1.5°C-tec_u,1.6342096901957992,R10PAC_OECD
IMAGE 3.3,NAVIGATE Demand-2.0°C-ele_u,1.64470604204619,R10PAC_OECD
IMAGE 3.3,NAVIGATE Demand-2.0°C-ref,1.6574467691152128,R10PAC_OECD
IMAGE 3.3,NAVIGATE Demand-2.0°C-tec_u,1.6609959762996307,R10PAC_OECD
MESSAGEix-GLOBIOM 2.0-M-R12-NGFS,NGFS Phase 5-Below 2°C,1.501022124178708,R10PAC_OECD
MESSAGEix-GLOBIOM 2.0-M-R12-NGFS,NGFS Phase 5-Delayed Transition,1.506595371544172,R10PAC_OECD
MESSAGEix-GLOBIOM 2.0-M-R12-NGFS,NGFS Phase 5-Low Demand,1.5594358363103535,R10PAC_OECD
MESSAGEix-GLOBIOM 2.0-M-R12-NGFS,NGFS Phase 5-Nationally Determined Contributions (NDCs),1.4445988924995943,R10PAC_OECD
MESSAGEix-GLOBIOM 2.0-M-R12-NGFS,NGFS Phase 5-Net-Zero 2050,1.427397267647846,R10PAC_OECD
POLES-JRC ENGAGE,ENGAGE-INDCi2030-1000,1.647945469677658,R10PAC_OECD
POLES-JRC ENGAGE,ENGAGE-INDCi2030-1000-COV,1.6679407997141353,R10PAC_OECD
POLES-JRC ENGAGE,ENGAGE-INDCi2030-1000-COV-NDCp,1.66480057701192,R10PAC_OECD
POLES-JRC ENGAGE,ENGAGE-INDCi2030-1000-NDCp,1.6654830770351703,R10PAC_OECD
POLES-JRC ENGAGE,ENGAGE-INDCi2030-1000f,1.639324753312434,R10PAC_OECD
POLES-JRC ENGAGE,ENGAGE-INDCi2030-1000f-COV,1.6674269764975653,R10PAC_OECD
POLES-JRC ENGAGE,ENGAGE-INDCi2030-1000f-COV-NDCp,1.668137703961088,R10PAC_OECD
POLES-JRC ENGAGE,ENGAGE-INDCi2030-1000f-NDCp,1.6569255250690318,R10PAC_OECD
POLES-JRC ENGAGE,ENGAGE-INDCi2030-1200,1.6699827364544408,R10PAC_OECD
POLES-JRC ENGAGE,ENGAGE-INDCi2030-1200f,1.6687114860655914,R10PAC_OECD
POLES-JRC ENGAGE,ENGAGE-INDCi2030-300f,1.5833982406187754,R10PAC_OECD
POLES-JRC ENGAGE,ENGAGE-INDCi2030-400f,1.581847352421291,R10PAC_OECD
POLES-JRC ENGAGE,ENGAGE-INDCi2030-500f,1.5830169406061816,R10PAC_OECD
POLES-JRC ENGAGE,ENGAGE-INDCi2030-600f,1.589352622038924,R10PAC_OECD
POLES-JRC ENGAGE,ENGAGE-INDCi2030-600f-COV,1.6002421539689227,R10PAC_OECD
POLES-JRC ENGAGE,ENGAGE-INDCi2030-600f-COV-NDCp,1.5942067896468655,R10PAC_OECD
POLES-JRC ENGAGE,ENGAGE-INDCi2030-600f-NDCp,1.5955475513424573,R10PAC_OECD
POLES-JRC ENGAGE,ENGAGE-INDCi2030-700f,1.5897744890052365,R10PAC_OECD
POLES-JRC ENGAGE,ENGAGE-INDCi2030-800f,1.592245701216358,R10PAC_OECD
POLES-JRC ENGAGE,ENGAGE-INDCi2030-900,1.675742151744649,R10PAC_OECD
POLES-JRC ENGAGE,ENGAGE-INDCi2030-900f,1.622919964457683,R10PAC_OECD
POLES-JRC ENGAGE,ENGAGE-NPi2020-1000f,1.6683689136393105,R10PAC_OECD
POLES-JRC ENGAGE,ENGAGE-NPi2020-1000f-COV,1.6754867917519323,R10PAC_OECD
POLES-JRC ENGAGE,ENGAGE-NPi2020-1200f,1.6692452588535245,R10PAC_OECD
POLES-JRC ENGAGE,ENGAGE-NPi2020-900f,1.6548905937336893,R10PAC_OECD
REMIND-MAgPIE 2.1-4.2,NGFS Phase 2-Delayed Transition,1.560209340641007,R10PAC_OECD
REMIND-MAgPIE 3.2.0-4.8.0,RESCUE-End-of-Century-Budget-1150,1.607877031117487,R10PAC_OECD
REMIND-MAgPIE 3.2.0-4.8.0,RESCUE-End-of-Century-Budget-1150-with-OAE,1.6038120418149415,R10PAC_OECD
REMIND-MAgPIE 3.2.0-4.8.0,RESCUE-End-of-Century-Budget-500,1.5861019237149168,R10PAC_OECD
REMIND-MAgPIE 3.2.0-4.8.0,RESCUE-End-of-Century-Budget-500-with-OAE,1.5789322905420313,R10PAC_OECD
REMIND-MAgPIE 3.2.0-4.8.0,RESCUE-Peak-Budget-1150,1.5824912786035366,R10PAC_OECD
REMIND-MAgPIE 3.2.0-4.8.0,RESCUE-Peak-Budget-1150-with-OAE,1.5828838444572435,R10PAC_OECD
REMIND-MAgPIE 3.3-4.8,NGFS Phase 5-Below 2°C,1.6199153688930852,R10PAC_OECD
REMIND-MAgPIE 3.3-4.8,NGFS Phase 5-Delayed Transition,1.5948097247439192,R10PAC_OECD
REMIND-MAgPIE 3.3-4.8,NGFS Phase 5-Low Demand,1.5690395282865073,R10PAC_OECD
REMIND-MAgPIE 3.3-4.8,NGFS Phase 5-Net-Zero 2050,1.4914106899203095,R10PAC_OECD
WITCH 5.0,ENGAGE-INDCi2030-1000,1.6527701042665466,R10PAC_OECD
WITCH 5.0,ENGAGE-INDCi2030-1000-NDCp,1.6034910820836286,R10PAC_OECD
WITCH 5.0,ENGAGE-INDCi2030-1000f,1.6535521471040497,R10PAC_OECD
WITCH 5.0,ENGAGE-INDCi2030-1000f-NDCp,1.6518984906424645,R10PAC_OECD
WITCH 5.0,ENGAGE-INDCi2030-1200,1.5999192464192762,R10PAC_OECD
WITCH 5.0,ENGAGE-INDCi2030-1200-NDCp,1.5925335790624788,R10PAC_OECD
WITCH 5.0,ENGAGE-INDCi2030-1200f,1.6500797411003985,R10PAC_OECD
WITCH 5.0,ENGAGE-INDCi2030-1200f-NDCp,1.6484921382976658,R10PAC_OECD
WITCH 5.0,ENGAGE-INDCi2030-1400,1.574412694616433,R10PAC_OECD
WITCH 5.0,ENGAGE-INDCi2030-1400-NDCp,1.562843144176251,R10PAC_OECD
WITCH 5.0,ENGAGE-INDCi2030-1400f,1.6447409144742584,R10PAC_OECD
WITCH 5.0,ENGAGE-INDCi2030-1400f-NDCp,1.6420608252148237,R10PAC_OECD
WITCH 5.0,ENGAGE-INDCi2030-1600-NDCp,1.5456336504222854,R10PAC_OECD
WITCH 5.0,ENGAGE-INDCi2030-500f,1.6171471892437923,R10PAC_OECD
WITCH 5.0,ENGAGE-INDCi2030-600f,1.6324394312254022,R10PAC_OECD
WITCH 5.0,ENGAGE-INDCi2030-600f-NDCp,1.6364676006932972,R10PAC_OECD
WITCH 5.0,ENGAGE-INDCi2030-700f,1.6416726565874828,R10PAC_OECD
WITCH 5.0,ENGAGE-INDCi2030-700f-NDCp,1.6438962732741351,R10PAC_OECD
WITCH 5.0,ENGAGE-INDCi2030-800,1.6182868368061223,R10PAC_OECD
WITCH 5.0,ENGAGE-INDCi2030-800-NDCp,1.6130887138564123,R10PAC_OECD
WITCH 5.0,ENGAGE-INDCi2030-800f,1.6483466049849531,R10PAC_OECD
WITCH 5.0,ENGAGE-INDCi2030-800f-NDCp,1.648916463935695,R10PAC_OECD
WITCH 5.0,ENGAGE-INDCi2030-900,1.612670369290594,R10PAC_OECD
WITCH 5.0,ENGAGE-INDCi2030-900-NDCp,1.6494996585591015,R10PAC_OECD
WITCH 5.0,ENGAGE-INDCi2030-900f,1.6519910194113572,R10PAC_OECD
WITCH 5.0,ENGAGE-INDCi2030-900f-NDCp,1.6515401475266396,R10PAC_OECD
IMAGE 3.0,ENGAGE-INDCi2030-1000,1.5343738284355721,R10REF_ECON
IMAGE 3.0,ENGAGE-INDCi2030-1000f,1.5671840234963628,R10REF_ECON
IMAGE 3.0,ENGAGE-INDCi2030-1200,1.5198338210697957,R10REF_ECON
IMAGE 3.0,ENGAGE-INDCi2030-1200f,1.528990203354508,R10REF_ECON
IMAGE 3.0,ENGAGE-INDCi2030-1400f,1.5111782063818309,R10REF_ECON
IMAGE 3.0,ENGAGE-INDCi2030-800f,1.552638817839668,R10REF_ECON
IMAGE 3.0,ENGAGE-NPi2020-1000,1.4330907390963659,R10REF_ECON
IMAGE 3.0,ENGAGE-NPi2020-1200,1.4459340913337626,R10REF_ECON
IMAGE 3.0,ENGAGE-NPi2020-1400,1.4835485101038515,R10REF_ECON
IMAGE 3.0,ENGAGE-NPi2020-1400f,1.4987937729961753,R10REF_ECON
IMAGE 3.2,SSP2021-SSP1-SPA1-19-Default,1.4215525171017038,R10REF_ECON
IMAGE 3.2,SSP2021-SSP1-SPA1-19-Lifestyle-Renewables,1.3849389254861206,R10REF_ECON
IMAGE 3.2,SSP2021-SSP1-SPA1-19-Renewables,1.454403873119121,R10REF_ECON
IMAGE 3.2,SSP2021-SSP1-SPA1-26-Default,1.4254823285097171,R10REF_ECON
IMAGE 3.2,SSP2021-SSP1-SPA1-26-Lifestyle,1.3450954764424865,R10REF_ECON
IMAGE 3.2,SSP2021-SSP1-SPA1-26-Lifestyle-Renewables,1.3632364600051812,R10REF_ECON
IMAGE 3.2,SSP2021-SSP1-SPA1-26-Renewables,1.4314355303266713,R10REF_ECON
IMAGE 3.2,SSP2021-SSP2-SPA0-26-Default,1.4052689534607472,R10REF_ECON
IMAGE 3.2,SSP2021-SSP2-SPA2-19-Renewables,1.3508729445998588,R10REF_ECON
IMAGE 3.2,SSP2021-SSP2-SPA2-26-Default,1.3401278705811617,R10REF_ECON
IMAGE 3.2,SSP2021-SSP2-SPA2-26-Lifestyle,1.3164164492436077,R10REF_ECON
IMAGE 3.2,SSP2021-SSP2-SPA2-26-Lifestyle-Renewables,1.3785469557909145,R10REF_ECON
IMAGE 3.2,SSP2021-SSP2-SPA2-26-Renewables,1.4331801810157128,R10REF_ECON
IMAGE 3.3,NAVIGATE Demand-1.5°C-ele_u,1.58630906443361,R10REF_ECON
IMAGE 3.3,NAVIGATE Demand-1.5°C-tec_u,1.587556967490134,R10REF_ECON
IMAGE 3.3,NAVIGATE Demand-2.0°C-ele_u,1.5831399677942188,R10REF_ECON
IMAGE 3.3,NAVIGATE Demand-2.0°C-ref,1.5928827368444722,R10REF_ECON
IMAGE 3.3,NAVIGATE Demand-2.0°C-tec_u,1.5828800626394535,R10REF_ECON
MESSAGEix-GLOBIOM 2.0-M-R12-NGFS,NGFS Phase 5-Below 2°C,1.3403469865681064,R10REF_ECON
MESSAGEix-GLOBIOM 2.0-M-R12-NGFS,NGFS Phase 5-Delayed Transition,1.363269263751127,R10REF_ECON
MESSAGEix-GLOBIOM 2.0-M-R12-NGFS,NGFS Phase 5-Low Demand,1.479546685659689,R10REF_ECON
MESSAGEix-GLOBIOM 2.0-M-R12-NGFS,NGFS Phase 5-Nationally Determined Contributions (NDCs),1.0708631829072766,R10REF_ECON
MESSAGEix-GLOBIOM 2.0-M-R12-NGFS,NGFS Phase 5-Net-Zero 2050,1.2790385136457223,R10REF_ECON
POLES-JRC ENGAGE,ENGAGE-INDCi2030-1000,1.4774401746716848,R10REF_ECON
POLES-JRC ENGAGE,ENGAGE-INDCi2030-1000-COV,1.5249069427960376,R10REF_ECON
POLES-JRC ENGAGE,ENGAGE-INDCi2030-1000-COV-NDCp,1.5722446851311012,R10REF_ECON
POLES-JRC ENGAGE,ENGAGE-INDCi2030-1000-NDCp,1.4322208370400609,R10REF_ECON
POLES-JRC ENGAGE,ENGAGE-INDCi2030-1000f,1.507405388853323,R10REF_ECON
POLES-JRC ENGAGE,ENGAGE-INDCi2030-1000f-COV,1.5659862318370994,R10REF_ECON
POLES-JRC ENGAGE,ENGAGE-INDCi2030-1000f-COV-NDCp,1.5836076605135312,R10REF_ECON
POLES-JRC ENGAGE,ENGAGE-INDCi2030-1000f-NDCp,1.486905351469351,R10REF_ECON
POLES-JRC ENGAGE,ENGAGE-INDCi2030-1200,1.4437687767691676,R10REF_ECON
POLES-JRC ENGAGE,ENGAGE-INDCi2030-1200f,1.433182275210486,R10REF_ECON
POLES-JRC ENGAGE,ENGAGE-INDCi2030-300f,1.648014477960548,R10REF_ECON
POLES-JRC ENGAGE,ENGAGE-INDCi2030-400f,1.643249245572484,R10REF_ECON
POLES-JRC ENGAGE,ENGAGE-INDCi2030-500f,1.6434642779430653,R10REF_ECON
POLES-JRC ENGAGE,ENGAGE-INDCi2030-600f,1.628638981368143,R10REF_ECON
POLES-JRC ENGAGE,ENGAGE-INDCi2030-600f-COV,1.6365321922935123,R10REF_ECON
POLES-JRC ENGAGE,ENGAGE-INDCi2030-600f-COV-NDCp,1.6418875027646909,R10REF_ECON
POLES-JRC ENGAGE,ENGAGE-INDCi2030-600f-NDCp,1.6321230044158876,R10REF_ECON
POLES-JRC ENGAGE,ENGAGE-INDCi2030-700f,1.6250073070845346,R10REF_ECON
POLES-JRC ENGAGE,ENGAGE-INDCi2030-800f,1.6151361012081005,R10REF_ECON
POLES-JRC ENGAGE,ENGAGE-INDCi2030-900,1.4854846727028257,R10REF_ECON
POLES-JRC ENGAGE,ENGAGE-INDCi2030-900f,1.5364806957798065,R10REF_ECON
POLES-JRC ENGAGE,ENGAGE-NPi2020-1000f,1.4631191990852057,R10REF_ECON
POLES-JRC ENGAGE,ENGAGE-NPi2020-1000f-COV,1.489614028393461,R10REF_ECON
POLES-JRC ENGAGE,ENGAGE-NPi2020-1200f,1.439219428662017,R10REF_ECON
POLES-JRC ENGAGE,ENGAGE-NPi2020-900f,1.5162109877523735,R10REF_ECON
REMIND-MAgPIE 2.1-4.2,NGFS Phase 2-Delayed Transition,1.5211780431469462,R10REF_ECON
REMIND-MAgPIE 3.2.0-4.8.0,RESCUE-End-of-Century-Budget-1150,1.5287729958480063,R10REF_ECON
REMIND-MAgPIE 3.2.0-4.8.0,RESCUE-End-of-Century-Budget-1150-with-OAE,1.5326108920944672,R10REF_ECON
REMIND-MAgPIE 3.2.0-4.8.0,RESCUE-End-of-Century-Budget-500,1.4108888598678377,R10REF_ECON
REMIND-MAgPIE 3.2.0-4.8.0,RESCUE-End-of-Century-Budget-500-with-OAE,1.4275366790671227,R10REF_ECON
REMIND-MAgPIE 3.2.0-4.8.0,RESCUE-Peak-Budget-1150,1.4637320844091606,R10REF_ECON
REMIND-MAgPIE 3.2.0-4.8.0,RESCUE-Peak-Budget-1150-with-OAE,1.4637944480182832,R10REF_ECON
REMIND-MAgPIE 3.3-4.8,NGFS Phase 5-Below 2°C,1.418431358096884,R10REF_ECON
REMIND-MAgPIE 3.3-4.8,NGFS Phase 5-Delayed Transition,1.4470685956028138,R10REF_ECON
REMIND-MAgPIE 3.3-4.8,NGFS Phase 5-Low Demand,1.5390404000112592,R10REF_ECON
REMIND-MAgPIE 3.3-4.8,NGFS Phase 5-Net-Zero 2050,1.3889528430898963,R10REF_ECON
WITCH 5.0,ENGAGE-INDCi2030-1000,1.56110463090325,R10REF_ECON
WITCH 5.0,ENGAGE-INDCi2030-1000-NDCp,1.5541332203660472,R10REF_ECON
WITCH 5.0,ENGAGE-INDCi2030-1000f,1.5571258655445404,R10REF_ECON
WITCH 5.0,ENGAGE-INDCi2030-1000f-NDCp,1.5588044431059602,R10REF_ECON
WITCH 5.0,ENGAGE-INDCi2030-1200,1.5559806916254488,R10REF_ECON
WITCH 5.0,ENGAGE-INDCi2030-1200-NDCp,1.5551807014564454,R10REF_ECON
WITCH 5.0,ENGAGE-INDCi2030-1200f,1.5570657194597648,R10REF_ECON
WITCH 5.0,ENGAGE-INDCi2030-1200f-NDCp,1.5567108679911104,R10REF_ECON
WITCH 5.0,ENGAGE-INDCi2030-1400,1.5535261464768713,R10REF_ECON
WITCH 5.0,ENGAGE-INDCi2030-1400-NDCp,1.5503018134804625,R10REF_ECON
WITCH 5.0,ENGAGE-INDCi2030-1400f,1.5517076454592496,R10REF_ECON
WITCH 5.0,ENGAGE-INDCi2030-1400f-NDCp,1.5501511027032597,R10REF_ECON
WITCH 5.0,ENGAGE-INDCi2030-1600-NDCp,1.5450465169607612,R10REF_ECON
WITCH 5.0,ENGAGE-INDCi2030-500f,1.5687738709382786,R10REF_ECON
WITCH 5.0,ENGAGE-INDCi2030-600f,1.567197094160829,R10REF_ECON
WITCH 5.0,ENGAGE-INDCi2030-600f-NDCp,1.565185024610997,R10REF_ECON
WITCH 5.0,ENGAGE-INDCi2030-700f,1.56333197629893,R10REF_ECON
WITCH 5.0,ENGAGE-INDCi2030-700f-NDCp,1.5601155337388153,R10REF_ECON
WITCH 5.0,ENGAGE-INDCi2030-800,1.5603956891405535,R10REF_ECON
WITCH 5.0,ENGAGE-INDCi2030-800-NDCp,1.5582912492345329,R10REF_ECON
WITCH 5.0,ENGAGE-INDCi2030-800f,1.5586021835108053,R10REF_ECON
WITCH 5.0,ENGAGE-INDCi2030-800f-NDCp,1.5588803188664817,R10REF_ECON
WITCH 5.0,ENGAGE-INDCi2030-900,1.5557027380142223,R10REF_ECON
WITCH 5.0,ENGAGE-INDCi2030-900-NDCp,1.5630747661697315,R10REF_ECON
WITCH 5.0,ENGAGE-INDCi2030-900f,1.557318237611828,R10REF_ECON
WITCH 5.0,ENGAGE-INDCi2030-900f-NDCp,1.557943879213856,R10REF_ECON
IMAGE 3.0,ENGAGE-INDCi2030-1000,1.5493603614022722,R10NORTH_AM
IMAGE 3.0,ENGAGE-INDCi2030-1000f,1.550406512110178,R10NORTH_AM
IMAGE 3.0,ENGAGE-INDCi2030-1200,1.5310432745699196,R10NORTH_AM
IMAGE 3.0,ENGAGE-INDCi2030-1200f,1.5322809186365933,R10NORTH_AM
IMAGE 3.0,ENGAGE-INDCi2030-1400f,1.51452366751209,R10NORTH_AM
IMAGE 3.0,ENGAGE-INDCi2030-800f,1.5522792948178132,R10NORTH_AM
IMAGE 3.0,ENGAGE-NPi2020-1000,1.573539386773367,R10NORTH_AM
IMAGE 3.0,ENGAGE-NPi2020-1200,1.550538691529053,R10NORTH_AM
IMAGE 3.0,ENGAGE-NPi2020-1400,1.5351963905215376,R10NORTH_AM
IMAGE 3.0,ENGAGE-NPi2020-1400f,1.5176330724545415,R10NORTH_AM
IMAGE 3.2,SSP2021-SSP1-SPA1-19-Default,1.5297329053216153,R10NORTH_AM
IMAGE 3.2,SSP2021-SSP1-SPA1-19-Lifestyle-Renewables,1.5665706483783228,R10NORTH_AM
IMAGE 3.2,SSP2021-SSP1-SPA1-19-Renewables,1.5099282242139371,R10NORTH_AM
IMAGE 3.2,SSP2021-SSP1-SPA1-26-Default,1.541340760010962,R10NORTH_AM
IMAGE 3.2,SSP2021-SSP1-SPA1-26-Lifestyle,1.5394216714146416,R10NORTH_AM
IMAGE 3.2,SSP2021-SSP1-SPA1-26-Lifestyle-Renewables,1.5745274161353766,R10NORTH_AM
IMAGE 3.2,SSP2021-SSP1-SPA1-26-Renewables,1.5297293728566688,R10NORTH_AM
IMAGE 3.2,SSP2021-SSP2-SPA0-26-Default,1.575202998271889,R10NORTH_AM
IMAGE 3.2,SSP2021-SSP2-SPA2-19-Renewables,1.4849073873443805,R10NORTH_AM
IMAGE 3.2,SSP2021-SSP2-SPA2-26-Default,1.5842442586038712,R10NORTH_AM
IMAGE 3.2,SSP2021-SSP2-SPA2-26-Lifestyle,1.5812296577273235,R10NORTH_AM
IMAGE 3.2,SSP2021-SSP2-SPA2-26-Lifestyle-Renewables,1.5834227406973536,R10NORTH_AM
IMAGE 3.2,SSP2021-SSP2-SPA2-26-Renewables,1.568689589661389,R10NORTH_AM
IMAGE 3.3,NAVIGATE Demand-1.5°C-ele_u,1.3289154576547542,R10NORTH_AM
IMAGE 3.3,NAVIGATE Demand-1.5°C-tec_u,1.4052141186753913,R10NORTH_AM
IMAGE 3.3,NAVIGATE Demand-2.0°C-ele_u,1.4600041894642897,R10NORTH_AM
IMAGE 3.3,NAVIGATE Demand-2.0°C-ref,1.477842295944273,R10NORTH_AM
IMAGE 3.3,NAVIGATE Demand-2.0°C-tec_u,1.5201636401091687,R10NORTH_AM
MESSAGEix-GLOBIOM 2.0-M-R12-NGFS,NGFS Phase 5-Below 2°C,1.399189732440122,R10NORTH_AM
MESSAGEix-GLOBIOM 2.0-M-R12-NGFS,NGFS Phase 5-Delayed Transition,1.4252210219715136,R10NORTH_AM
MESSAGEix-GLOBIOM 2.0-M-R12-NGFS,NGFS Phase 5-Low Demand,1.4845924581388186,R10NORTH_AM
MESSAGEix-GLOBIOM 2.0-M-R12-NGFS,NGFS Phase 5-Nationally Determined Contributions (NDCs),1.4162922611800657,R10NORTH_AM
MESSAGEix-GLOBIOM 2.0-M-R12-NGFS,NGFS Phase 5-Net-Zero 2050,1.3400173827690829,R10NORTH_AM
POLES-JRC ENGAGE,ENGAGE-INDCi2030-1000,1.6425533722934065,R10NORTH_AM
POLES-JRC ENGAGE,ENGAGE-INDCi2030-1000-COV,1.6469202159977276,R10NORTH_AM
POLES-JRC ENGAGE,ENGAGE-INDCi2030-1000-COV-NDCp,1.6460570471080351,R10NORTH_AM
POLES-JRC ENGAGE,ENGAGE-INDCi2030-1000-NDCp,1.657700763956603,R10NORTH_AM
POLES-JRC ENGAGE,ENGAGE-INDCi2030-1000f,1.6393800836669912,R10NORTH_AM
POLES-JRC ENGAGE,ENGAGE-INDCi2030-1000f-COV,1.6411165559983456,R10NORTH_AM
POLES-JRC ENGAGE,ENGAGE-INDCi2030-1000f-COV-NDCp,1.6379610595699685,R10NORTH_AM
POLES-JRC ENGAGE,ENGAGE-INDCi2030-1000f-NDCp,1.6494825293181685,R10NORTH_AM
POLES-JRC ENGAGE,ENGAGE-INDCi2030-1200,1.6425916743300863,R10NORTH_AM
POLES-JRC ENGAGE,ENGAGE-INDCi2030-1200f,1.6358426471913985,R10NORTH_AM
POLES-JRC ENGAGE,ENGAGE-INDCi2030-300f,1.5933539188475137,R10NORTH_AM
POLES-JRC ENGAGE,ENGAGE-INDCi2030-400f,1.5963108789122995,R10NORTH_AM
POLES-JRC ENGAGE,ENGAGE-INDCi2030-500f,1.6000903087164682,R10NORTH_AM
POLES-JRC ENGAGE,ENGAGE-INDCi2030-600f,1.6072547078779273,R10NORTH_AM
POLES-JRC ENGAGE,ENGAGE-INDCi2030-600f-COV,1.6121728262024346,R10NORTH_AM
POLES-JRC ENGAGE,ENGAGE-INDCi2030-600f-COV-NDCp,1.60260976426253,R10NORTH_AM
POLES-JRC ENGAGE,ENGAGE-INDCi2030-600f-NDCp,1.6245274613842202,R10NORTH_AM
POLES-JRC ENGAGE,ENGAGE-INDCi2030-700f,1.6172027217923046,R10NORTH_AM
POLES-JRC ENGAGE,ENGAGE-INDCi2030-800f,1.621072022972172,R10NORTH_AM
POLES-JRC ENGAGE,ENGAGE-INDCi2030-900,1.6577988329224889,R10NORTH_AM
POLES-JRC ENGAGE,ENGAGE-INDCi2030-900f,1.6314100531438618,R10NORTH_AM
POLES-JRC ENGAGE,ENGAGE-NPi2020-1000f,1.6392752676065456,R10NORTH_AM
POLES-JRC ENGAGE,ENGAGE-NPi2020-1000f-COV,1.6352626983259122,R10NORTH_AM
POLES-JRC ENGAGE,ENGAGE-NPi2020-1200f,1.631868059260214,R10NORTH_AM
POLES-JRC ENGAGE,ENGAGE-NPi2020-900f,1.640589470150371,R10NORTH_AM
REMIND-MAgPIE 2.1-4.2,NGFS Phase 2-Delayed Transition,1.3466781130244627,R10NORTH_AM
REMIND-MAgPIE 3.2.0-4.8.0,RESCUE-End-of-Century-Budget-1150,1.4051295888398507,R10NORTH_AM
REMIND-MAgPIE 3.2.0-4.8.0,RESCUE-End-of-Century-Budget-1150-with-OAE,1.3951531870401823,R10NORTH_AM
REMIND-MAgPIE 3.2.0-4.8.0,RESCUE-End-of-Century-Budget-500,1.4045002897863448,R10NORTH_AM
REMIND-MAgPIE 3.2.0-4.8.0,RESCUE-End-of-Century-Budget-500-with-OAE,1.394160118383339,R10NORTH_AM
REMIND-MAgPIE 3.2.0-4.8.0,RESCUE-Peak-Budget-1150,1.3088971514833967,R10NORTH_AM
REMIND-MAgPIE 3.2.0-4.8.0,RESCUE-Peak-Budget-1150-with-OAE,1.3097764754591308,R10NORTH_AM
REMIND-MAgPIE 3.3-4.8,NGFS Phase 5-Below 2°C,1.4199515549054105,R10NORTH_AM
REMIND-MAgPIE 3.3-4.8,NGFS Phase 5-Delayed Transition,1.420664931833289,R10NORTH_AM
REMIND-MAgPIE 3.3-4.8,NGFS Phase 5-Low Demand,1.4122675892390995,R10NORTH_AM
REMIND-MAgPIE 3.3-4.8,NGFS Phase 5-Net-Zero 2050,1.3418500678374627,R10NORTH_AM
WITCH 5.0,ENGAGE-INDCi2030-1000,1.4807045655610693,R10NORTH_AM
WITCH 5.0,ENGAGE-INDCi2030-1000-NDCp,1.4680817906696357,R10NORTH_AM
WITCH 5.0,ENGAGE-INDCi2030-1000f,1.4801947190069158,R10NORTH_AM
WITCH 5.0,ENGAGE-INDCi2030-1000f-NDCp,1.4656805907590622,R10NORTH_AM
WITCH 5.0,ENGAGE-INDCi2030-1200,1.5138831148686827,R10NORTH_AM
WITCH 5.0,ENGAGE-INDCi2030-1200-NDCp,1.5050923162474854,R10NORTH_AM
WITCH 5.0,ENGAGE-INDCi2030-1200f,1.4977446660346532,R10NORTH_AM
WITCH 5.0,ENGAGE-INDCi2030-1200f-NDCp,1.4904078399733007,R10NORTH_AM
WITCH 5.0,ENGAGE-INDCi2030-1400,1.515664595360944,R10NORTH_AM
WITCH 5.0,ENGAGE-INDCi2030-1400-NDCp,1.502605503343267,R10NORTH_AM
WITCH 5.0,ENGAGE-INDCi2030-1400f,1.5128262153854535,R10NORTH_AM
WITCH 5.0,ENGAGE-INDCi2030-1400f-NDCp,1.5007010863094452,R10NORTH_AM
WITCH 5.0,ENGAGE-INDCi2030-1600-NDCp,1.4786237846241574,R10NORTH_AM
WITCH 5.0,ENGAGE-INDCi2030-500f,1.4685200842199015,R10NORTH_AM
WITCH 5.0,ENGAGE-INDCi2030-600f,1.460943650163772,R10NORTH_AM
WITCH 5.0,ENGAGE-INDCi2030-600f-NDCp,1.448095876314163,R10NORTH_AM
WITCH 5.0,ENGAGE-INDCi2030-700f,1.4635820166022633,R10NORTH_AM
WITCH 5.0,ENGAGE-INDCi2030-700f-NDCp,1.4484024226987038,R10NORTH_AM
WITCH 5.0,ENGAGE-INDCi2030-800,1.46391918512672,R10NORTH_AM
WITCH 5.0,ENGAGE-INDCi2030-800-NDCp,1.4486067135497178,R10NORTH_AM
WITCH 5.0,ENGAGE-INDCi2030-800f,1.4605495997406526,R10NORTH_AM
WITCH 5.0,ENGAGE-INDCi2030-800f-NDCp,1.4546419844489005,R10NORTH_AM
WITCH 5.0,ENGAGE-INDCi2030-900,1.4604593138818318,R10NORTH_AM
WITCH 5.0,ENGAGE-INDCi2030-900-NDCp,1.457405815240869,R10NORTH_AM
WITCH 5.0,ENGAGE-INDCi2030-900f,1.4698987178884633,R10NORTH_AM
WITCH 5.0,ENGAGE-INDCi2030-900f-NDCp,1.4559670710339316,R10NORTH_AM
